%EventDef PajeDefineContainerType 0 
%       Alias string 
%       Type string 
%       Name string 
%EndEventDef 
%EventDef PajeDefineVariableType 1 
%       Alias string 
%       Type string 
%       Name string 
%       Color color 
%EndEventDef 
%EventDef PajeDefineStateType 2 
%       Alias string 
%       Type string 
%       Name string 
%EndEventDef 
%EventDef PajeDefineEventType 3 
%       Alias string 
%       Type string 
%       Name string 
%       Color color 
%EndEventDef 
%EventDef PajeDefineLinkType 4 
%       Alias string 
%       Type string 
%       StartContainerType string 
%       EndContainerType string 
%       Name string 
%EndEventDef 
%EventDef PajeDefineEntityValue 5 
%       Alias string 
%       Type string 
%       Name string 
%       Color color 
%EndEventDef 
%EventDef PajeCreateContainer 6 
%       Time date 
%       Alias string 
%       Type string 
%       Container string 
%       Name string 
%EndEventDef 
%EventDef PajeDestroyContainer 7 
%       Time date 
%       Type string 
%       Name string 
%EndEventDef 
%EventDef PajeSetVariable 8 
%       Time date 
%       Type string 
%       Container string 
%       Value double 
%EndEventDef
%EventDef PajeAddVariable 9 
%       Time date 
%       Type string 
%       Container string 
%       Value double 
%EndEventDef
%EventDef PajeSubVariable 10 
%       Time date 
%       Type string 
%       Container string 
%       Value double 
%EndEventDef
%EventDef PajeSetState 11 
%       Time date 
%       Type string 
%       Container string 
%       Value string 
%EndEventDef
%EventDef PajePushState 12 
%       Time date 
%       Type string 
%       Container string 
%       Value string 
%       Id string 
%EndEventDef
%EventDef PajePopState 13 
%       Time date 
%       Type string 
%       Container string 
%EndEventDef
%EventDef PajeResetState 14 
%       Time date 
%       Type string 
%       Container string 
%EndEventDef
%EventDef PajeStartLink 15 
%       Time date 
%       Type string 
%       Container string 
%       Value string 
%       StartContainer string 
%       Key string 
%EndEventDef
%EventDef PajeEndLink 16 
%       Time date 
%       Type string 
%       Container string 
%       Value string 
%       EndContainer string 
%       Key string 
%EndEventDef
%EventDef PajeNewEvent 17 
%       Time date 
%       Type string 
%       Container string 
%       Value string 
%EndEventDef
0	a1	0	"Task Manager"
0	a2	a1	"Node"
0	a3	a1	"Thread"
0	a4	a1	"Jobs"
0	a5	a1	"Memory usage"
2	a6	a4	"Job"
2	a7	a3	"Task"
2	a8	a3	"Timer state"
6	0	a9	a1	0	"The task manager"
6	0	a10	a4	a9	"Jobs"
6	0	a11	a5	a9	"Memory"
1	a12	a1	"Memory [MB]"	"1.0 1.0 1.0"
6	0	a13	a2	a9	"Node 0"
6	0	a14	a3	a13	"Thread 0"
6	0	a15	a3	a13	"Thread 1"
6	0	a16	a3	a13	"Thread 2"
6	0	a17	a3	a13	"Thread 3"
5	a18	a6	"ngcore::ParallelFor<int,ngcore::EnterTaskManager(int)::{lambda(int)#1}>(ngcore::T_Range<int>,ngcore::EnterTaskManager(int)::{lambda(int)#1},int,ngcore::TotalCosts)::{lambda(ngcore::TaskInfo&)#1}"	"0.474876604153514 0 1"
5	a19	a7	"ngcore::ParallelFor<int,ngcore::EnterTaskManager(int)::{lambda(int)#1}>(ngcore::T_Range<int>,ngcore::EnterTaskManager(int)::{lambda(int)#1},int,ngcore::TotalCosts)::{lambda(ngcore::TaskInfo&)#1}"	"0.474876604153514 0 1"
5	a20	a6	"ngcomp::MeshAccess::IterateElements<ngsbem::GenericIntegralOperator<ngsbem::LaplaceSLKernel<3,1,double>>::CreateMatrixFMM(ngcore::LocalHeap&)const::{lambda(ngcomp::FESpace const&,ngcore::Array<int,unsigned long>const&,ngfem::DifferentialOperator const&,ngfem::VorB)#2}::operator()(ngcomp::FESpace const&,ngcore::Array<int,unsigned long>const&,ngfem::DifferentialOperator const&,ngfem::VorB)const::{lambda(auto:1,ngcore::LocalHeap&)#1}>(ngfem::VorB,ngcore::LocalHeap&,ngsbem::GenericIntegralOperator<ngsbem::LaplaceSLKernel<3,1,double>>::CreateMatrixFMM(ngcore::LocalHeap&)const::{lambda(ngcomp::FESpace const&,ngcore::Array<int,unsigned long>const&,ngfem::DifferentialOperator const&,ngfem::VorB)#2}::operator()(ngcomp::FESpace const&,ngcore::Array<int,unsigned long>const&,ngfem::DifferentialOperator const&,ngfem::VorB)const::{lambda(auto:1,ngcore::LocalHeap&)#1}const&)const::{lambda(ngcore::TaskInfo const&)#1}"	"1 0 0.0185275655282955"
5	a21	a7	"ngcomp::MeshAccess::IterateElements<ngsbem::GenericIntegralOperator<ngsbem::LaplaceSLKernel<3,1,double>>::CreateMatrixFMM(ngcore::LocalHeap&)const::{lambda(ngcomp::FESpace const&,ngcore::Array<int,unsigned long>const&,ngfem::DifferentialOperator const&,ngfem::VorB)#2}::operator()(ngcomp::FESpace const&,ngcore::Array<int,unsigned long>const&,ngfem::DifferentialOperator const&,ngfem::VorB)const::{lambda(auto:1,ngcore::LocalHeap&)#1}>(ngfem::VorB,ngcore::LocalHeap&,ngsbem::GenericIntegralOperator<ngsbem::LaplaceSLKernel<3,1,double>>::CreateMatrixFMM(ngcore::LocalHeap&)const::{lambda(ngcomp::FESpace const&,ngcore::Array<int,unsigned long>const&,ngfem::DifferentialOperator const&,ngfem::VorB)#2}::operator()(ngcomp::FESpace const&,ngcore::Array<int,unsigned long>const&,ngfem::DifferentialOperator const&,ngfem::VorB)const::{lambda(auto:1,ngcore::LocalHeap&)#1}const&)const::{lambda(ngcore::TaskInfo const&)#1}"	"1 0 0.0185275655282955"
5	a22	a6	"ngcore::TablePrefixSum2<unsigned int>(ngcore::FlatArray<unsigned int,unsigned long>)::{lambda(ngcore::TaskInfo)#1}"	"0 0.312895337658212 1"
5	a23	a7	"ngcore::TablePrefixSum2<unsigned int>(ngcore::FlatArray<unsigned int,unsigned long>)::{lambda(ngcore::TaskInfo)#1}"	"0 0.312895337658212 1"
5	a24	a6	"ngcore::TablePrefixSum2<unsigned int>(ngcore::FlatArray<unsigned int,unsigned long>)::{lambda(ngcore::TaskInfo)#2}"	"0 1 0.887517304832004"
5	a25	a7	"ngcore::TablePrefixSum2<unsigned int>(ngcore::FlatArray<unsigned int,unsigned long>)::{lambda(ngcore::TaskInfo)#2}"	"0 1 0.887517304832004"
5	a26	a6	"ngcore::ParallelFor<unsigned long,ngla::MatrixGraph::MatrixGraph(unsigned long,unsigned long,ngcore::FlatTable<int,unsigned long>,ngcore::FlatTable<int,unsigned long>,bool)::{lambda(int)#1}>(ngcore::T_Range<unsigned long>,ngla::MatrixGraph::MatrixGraph(unsigned long,unsigned long,ngcore::FlatTable<int,unsigned long>,ngcore::FlatTable<int,unsigned long>,bool)::{lambda(int)#1},int,ngcore::TotalCosts)::{lambda(ngcore::TaskInfo&)#1}"	"0.164808696174251 1 0"
5	a27	a7	"ngcore::ParallelFor<unsigned long,ngla::MatrixGraph::MatrixGraph(unsigned long,unsigned long,ngcore::FlatTable<int,unsigned long>,ngcore::FlatTable<int,unsigned long>,bool)::{lambda(int)#1}>(ngcore::T_Range<unsigned long>,ngla::MatrixGraph::MatrixGraph(unsigned long,unsigned long,ngcore::FlatTable<int,unsigned long>,ngcore::FlatTable<int,unsigned long>,bool)::{lambda(int)#1},int,ngcore::TotalCosts)::{lambda(ngcore::TaskInfo&)#1}"	"0.164808696174251 1 0"
5	a28	a6	"ngcore::ParallelFor<unsigned long,ngla::MatrixGraph::MatrixGraph(unsigned long,unsigned long,ngcore::FlatTable<int,unsigned long>,ngcore::FlatTable<int,unsigned long>,bool)::{lambda(int)#2}>(ngcore::T_Range<unsigned long>,ngla::MatrixGraph::MatrixGraph(unsigned long,unsigned long,ngcore::FlatTable<int,unsigned long>,ngcore::FlatTable<int,unsigned long>,bool)::{lambda(int)#2},int,ngcore::TotalCosts)::{lambda(ngcore::TaskInfo&)#1}"	"0 1 0.756296365697937"
5	a29	a7	"ngcore::ParallelFor<unsigned long,ngla::MatrixGraph::MatrixGraph(unsigned long,unsigned long,ngcore::FlatTable<int,unsigned long>,ngcore::FlatTable<int,unsigned long>,bool)::{lambda(int)#2}>(ngcore::T_Range<unsigned long>,ngla::MatrixGraph::MatrixGraph(unsigned long,unsigned long,ngcore::FlatTable<int,unsigned long>,ngcore::FlatTable<int,unsigned long>,bool)::{lambda(int)#2},int,ngcore::TotalCosts)::{lambda(ngcore::TaskInfo&)#1}"	"0 1 0.756296365697937"
5	a30	a6	"ngla::MatrixGraph::MatrixGraph(unsigned long,unsigned long,ngcore::FlatTable<int,unsigned long>,ngcore::FlatTable<int,unsigned long>,bool)::{lambda(ngcore::TaskInfo)#3}"	"0.801155048609049 0 1"
5	a31	a7	"ngla::MatrixGraph::MatrixGraph(unsigned long,unsigned long,ngcore::FlatTable<int,unsigned long>,ngcore::FlatTable<int,unsigned long>,bool)::{lambda(ngcore::TaskInfo)#3}"	"0.801155048609049 0 1"
5	a32	a6	"ngcore::ParallelForRange<int,ngla::MatrixGraph::MatrixGraph(unsigned long,unsigned long,ngcore::FlatTable<int,unsigned long>,ngcore::FlatTable<int,unsigned long>,bool)::{lambda(ngcore::T_Range<unsigned long>)#4}>(ngcore::T_Range<int>,ngla::MatrixGraph::MatrixGraph(unsigned long,unsigned long,ngcore::FlatTable<int,unsigned long>,ngcore::FlatTable<int,unsigned long>,bool)::{lambda(ngcore::T_Range<unsigned long>)#4},int,ngcore::TotalCosts)::{lambda(ngcore::TaskInfo&)#1}"	"0 1 0.949820454919203"
5	a33	a7	"ngcore::ParallelForRange<int,ngla::MatrixGraph::MatrixGraph(unsigned long,unsigned long,ngcore::FlatTable<int,unsigned long>,ngcore::FlatTable<int,unsigned long>,bool)::{lambda(ngcore::T_Range<unsigned long>)#4}>(ngcore::T_Range<int>,ngla::MatrixGraph::MatrixGraph(unsigned long,unsigned long,ngcore::FlatTable<int,unsigned long>,ngcore::FlatTable<int,unsigned long>,bool)::{lambda(ngcore::T_Range<unsigned long>)#4},int,ngcore::TotalCosts)::{lambda(ngcore::TaskInfo&)#1}"	"0 1 0.949820454919203"
5	a34	a6	"ngla::MatrixGraph::MatrixGraph(unsigned long,unsigned long,ngcore::FlatTable<int,unsigned long>,ngcore::FlatTable<int,unsigned long>,bool)::{lambda(ngcore::TaskInfo)#6}"	"0 0.809829983117485 1"
5	a35	a7	"ngla::MatrixGraph::MatrixGraph(unsigned long,unsigned long,ngcore::FlatTable<int,unsigned long>,ngcore::FlatTable<int,unsigned long>,bool)::{lambda(ngcore::TaskInfo)#6}"	"0 0.809829983117485 1"
5	a36	a6	"ngla::MatrixGraph::MatrixGraph(unsigned long,unsigned long,ngcore::FlatTable<int,unsigned long>,ngcore::FlatTable<int,unsigned long>,bool)::{lambda(ngcore::TaskInfo)#7}"	"0.122378096944275 0 1"
5	a37	a7	"ngla::MatrixGraph::MatrixGraph(unsigned long,unsigned long,ngcore::FlatTable<int,unsigned long>,ngcore::FlatTable<int,unsigned long>,bool)::{lambda(ngcore::TaskInfo)#7}"	"0.122378096944275 0 1"
5	a38	a6	"ngcore::Partitioning::Calc<ngla::MatrixGraph::CalcBalancing()::{lambda(int)#1}>(unsigned long,ngla::MatrixGraph::CalcBalancing()::{lambda(int)#1},int)::{lambda(ngcore::TaskInfo)#1}"	"0.593117907781414 1 0"
5	a39	a7	"ngcore::Partitioning::Calc<ngla::MatrixGraph::CalcBalancing()::{lambda(int)#1}>(unsigned long,ngla::MatrixGraph::CalcBalancing()::{lambda(int)#1},int)::{lambda(ngcore::TaskInfo)#1}"	"0.593117907781414 1 0"
5	a40	a6	"ngcore::Partitioning::Calc<ngla::MatrixGraph::CalcBalancing()::{lambda(int)#1}>(unsigned long,ngla::MatrixGraph::CalcBalancing()::{lambda(int)#1},int)::{lambda(ngcore::TaskInfo)#2}"	"0.558769930284184 0 1"
5	a41	a7	"ngcore::Partitioning::Calc<ngla::MatrixGraph::CalcBalancing()::{lambda(int)#1}>(unsigned long,ngla::MatrixGraph::CalcBalancing()::{lambda(int)#1},int)::{lambda(ngcore::TaskInfo)#2}"	"0.558769930284184 0 1"
5	a42	a6	"ngcore::ParallelFor<ngla::MatrixGraph::MatrixGraph(unsigned long,unsigned long,ngcore::FlatTable<int,unsigned long>,ngcore::FlatTable<int,unsigned long>,bool)::{lambda(int)#8}>(ngcore::Partitioning const&,ngla::MatrixGraph::MatrixGraph(unsigned long,unsigned long,ngcore::FlatTable<int,unsigned long>,ngcore::FlatTable<int,unsigned long>,bool)::{lambda(int)#8},int)::{lambda(ngcore::TaskInfo&)#1}"	"0 1 0.995379792292458"
5	a43	a7	"ngcore::ParallelFor<ngla::MatrixGraph::MatrixGraph(unsigned long,unsigned long,ngcore::FlatTable<int,unsigned long>,ngcore::FlatTable<int,unsigned long>,bool)::{lambda(int)#8}>(ngcore::Partitioning const&,ngla::MatrixGraph::MatrixGraph(unsigned long,unsigned long,ngcore::FlatTable<int,unsigned long>,ngcore::FlatTable<int,unsigned long>,bool)::{lambda(int)#8},int)::{lambda(ngcore::TaskInfo&)#1}"	"0 1 0.995379792292458"
5	a44	a6	"ngcore::ParallelForRange<ngla::SparseMatrixTM<double>::SetZero()::{lambda(ngcore::T_Range<unsigned long>)#1}>(ngcore::Partitioning const&,ngla::SparseMatrixTM<double>::SetZero()::{lambda(ngcore::T_Range<unsigned long>)#1},int,ngcore::TotalCosts)::{lambda(ngcore::TaskInfo&)#1}"	"0.625928155292275 0 1"
5	a45	a7	"ngcore::ParallelForRange<ngla::SparseMatrixTM<double>::SetZero()::{lambda(ngcore::T_Range<unsigned long>)#1}>(ngcore::Partitioning const&,ngla::SparseMatrixTM<double>::SetZero()::{lambda(ngcore::T_Range<unsigned long>)#1},int,ngcore::TotalCosts)::{lambda(ngcore::TaskInfo&)#1}"	"0.625928155292275 0 1"
5	a46	a6	"ngcomp::MeshAccess::IterateElements<ngsbem::GenericIntegralOperator<ngsbem::LaplaceSLKernel<3,1,double>>::CreateMatrixFMM(ngcore::LocalHeap&)const::{lambda(auto:1,ngcore::LocalHeap&)#3}>(ngfem::VorB,ngcore::LocalHeap&,ngsbem::GenericIntegralOperator<ngsbem::LaplaceSLKernel<3,1,double>>::CreateMatrixFMM(ngcore::LocalHeap&)const::{lambda(auto:1,ngcore::LocalHeap&)#3}const&)const::{lambda(ngcore::TaskInfo const&)#1}"	"0 0.526328264392523 1"
5	a47	a7	"ngcomp::MeshAccess::IterateElements<ngsbem::GenericIntegralOperator<ngsbem::LaplaceSLKernel<3,1,double>>::CreateMatrixFMM(ngcore::LocalHeap&)const::{lambda(auto:1,ngcore::LocalHeap&)#3}>(ngfem::VorB,ngcore::LocalHeap&,ngsbem::GenericIntegralOperator<ngsbem::LaplaceSLKernel<3,1,double>>::CreateMatrixFMM(ngcore::LocalHeap&)const::{lambda(auto:1,ngcore::LocalHeap&)#3}const&)const::{lambda(ngcore::TaskInfo const&)#1}"	"0 0.526328264392523 1"
5	a48	a6	"ngcore::ParallelFor<unsigned long,ngla::BaseVector::Set(double,ngla::BaseVector const&)::{lambda(auto:1,auto:2)#1}::operator()<double,double>(double,double)const::{lambda(unsigned long)#1}>(ngcore::T_Range<unsigned long>,ngla::BaseVector::Set(double,ngla::BaseVector const&)::{lambda(auto:1,auto:2)#1}::operator()<double,double>(double,double)const::{lambda(unsigned long)#1},int,ngcore::TotalCosts)::{lambda(ngcore::TaskInfo&)#1}"	"0.805152593368002 0 1"
5	a49	a7	"ngcore::ParallelFor<unsigned long,ngla::BaseVector::Set(double,ngla::BaseVector const&)::{lambda(auto:1,auto:2)#1}::operator()<double,double>(double,double)const::{lambda(unsigned long)#1}>(ngcore::T_Range<unsigned long>,ngla::BaseVector::Set(double,ngla::BaseVector const&)::{lambda(auto:1,auto:2)#1}::operator()<double,double>(double,double)const::{lambda(unsigned long)#1},int,ngcore::TotalCosts)::{lambda(ngcore::TaskInfo&)#1}"	"0.805152593368002 0 1"
5	a50	a6	"ngcore::ParallelForRange<unsigned long,ngla::S_BaseVector<double>::SetScalar(double)::{lambda(ngcore::T_Range<unsigned long>)#1}>(ngcore::T_Range<unsigned long>,ngla::S_BaseVector<double>::SetScalar(double)::{lambda(ngcore::T_Range<unsigned long>)#1},int,ngcore::TotalCosts)::{lambda(ngcore::TaskInfo&)#1}"	"0.455271437404507 1 0"
5	a51	a7	"ngcore::ParallelForRange<unsigned long,ngla::S_BaseVector<double>::SetScalar(double)::{lambda(ngcore::T_Range<unsigned long>)#1}>(ngcore::T_Range<unsigned long>,ngla::S_BaseVector<double>::SetScalar(double)::{lambda(ngcore::T_Range<unsigned long>)#1},int,ngcore::TotalCosts)::{lambda(ngcore::TaskInfo&)#1}"	"0.455271437404507 1 0"
5	a52	a6	"ngcore::ParallelForRange<unsigned long,ngla::ConstantElementByElementMatrix<double>::MultAdd(double,ngla::BaseVector const&,ngla::BaseVector&)const::{lambda(ngcore::T_Range<unsigned long>)#2}>(ngcore::T_Range<unsigned long>,ngla::ConstantElementByElementMatrix<double>::MultAdd(double,ngla::BaseVector const&,ngla::BaseVector&)const::{lambda(ngcore::T_Range<unsigned long>)#2},int,ngcore::TotalCosts)::{lambda(ngcore::TaskInfo&)#1}"	"0.770488883548065 0 1"
5	a53	a7	"ngcore::ParallelForRange<unsigned long,ngla::ConstantElementByElementMatrix<double>::MultAdd(double,ngla::BaseVector const&,ngla::BaseVector&)const::{lambda(ngcore::T_Range<unsigned long>)#2}>(ngcore::T_Range<unsigned long>,ngla::ConstantElementByElementMatrix<double>::MultAdd(double,ngla::BaseVector const&,ngla::BaseVector&)const::{lambda(ngcore::T_Range<unsigned long>)#2},int,ngcore::TotalCosts)::{lambda(ngcore::TaskInfo&)#1}"	"0.770488883548065 0 1"
5	a54	a6	"ngcore::ParallelFor<unsigned long,ngla::BlockDiagonalMatrix<double>::Mult(ngla::BaseVector const&,ngla::BaseVector&)const::{lambda(unsigned long)#1}>(ngcore::T_Range<unsigned long>,ngla::BlockDiagonalMatrix<double>::Mult(ngla::BaseVector const&,ngla::BaseVector&)const::{lambda(unsigned long)#1},int,ngcore::TotalCosts)::{lambda(ngcore::TaskInfo&)#1}"	"0.295693013885919 0 1"
5	a55	a7	"ngcore::ParallelFor<unsigned long,ngla::BlockDiagonalMatrix<double>::Mult(ngla::BaseVector const&,ngla::BaseVector&)const::{lambda(unsigned long)#1}>(ngcore::T_Range<unsigned long>,ngla::BlockDiagonalMatrix<double>::Mult(ngla::BaseVector const&,ngla::BaseVector&)const::{lambda(unsigned long)#1},int,ngcore::TotalCosts)::{lambda(ngcore::TaskInfo&)#1}"	"0.295693013885919 0 1"
5	a56	a6	"ngcore::ParallelFor<unsigned long,ngsbem::FMM_Operator<ngsbem::LaplaceSLKernel<3,1,double>>::Mult(ngla::BaseVector const&,ngla::BaseVector&)const::{lambda(int)#1}>(ngcore::T_Range<unsigned long>,ngsbem::FMM_Operator<ngsbem::LaplaceSLKernel<3,1,double>>::Mult(ngla::BaseVector const&,ngla::BaseVector&)const::{lambda(int)#1},int,ngcore::TotalCosts)::{lambda(ngcore::TaskInfo&)#1}"	"0 1 0.761546757715183"
5	a57	a7	"ngcore::ParallelFor<unsigned long,ngsbem::FMM_Operator<ngsbem::LaplaceSLKernel<3,1,double>>::Mult(ngla::BaseVector const&,ngla::BaseVector&)const::{lambda(int)#1}>(ngcore::T_Range<unsigned long>,ngsbem::FMM_Operator<ngsbem::LaplaceSLKernel<3,1,double>>::Mult(ngla::BaseVector const&,ngla::BaseVector&)const::{lambda(int)#1},int,ngcore::TotalCosts)::{lambda(ngcore::TaskInfo&)#1}"	"0 1 0.761546757715183"
5	a58	a6	"ngcore::ParallelFor<unsigned long,ngsbem::SingularMLExpansion<ngbla::Vec<1,std::complex<double>>,double>::CalcMP()::{lambda(int)#1}>(ngcore::T_Range<unsigned long>,ngsbem::SingularMLExpansion<ngbla::Vec<1,std::complex<double>>,double>::CalcMP()::{lambda(int)#1},int,ngcore::TotalCosts)::{lambda(ngcore::TaskInfo&)#1}"	"0 0.997980442596129 1"
5	a59	a7	"ngcore::ParallelFor<unsigned long,ngsbem::SingularMLExpansion<ngbla::Vec<1,std::complex<double>>,double>::CalcMP()::{lambda(int)#1}>(ngcore::T_Range<unsigned long>,ngsbem::SingularMLExpansion<ngbla::Vec<1,std::complex<double>>,double>::CalcMP()::{lambda(int)#1},int,ngcore::TotalCosts)::{lambda(ngcore::TaskInfo&)#1}"	"0 0.997980442596129 1"
5	a60	a6	"ngcore::ParallelForRange<unsigned long,ngsbem::SingularMLExpansion<ngbla::Vec<1,std::complex<double>>,double>::CalcMP()::{lambda(ngcore::T_Range<unsigned long>)#3}>(ngcore::T_Range<unsigned long>,ngsbem::SingularMLExpansion<ngbla::Vec<1,std::complex<double>>,double>::CalcMP()::{lambda(ngcore::T_Range<unsigned long>)#3},int,ngcore::TotalCosts)::{lambda(ngcore::TaskInfo&)#1}"	"0.594830528971467 0 1"
5	a61	a7	"ngcore::ParallelForRange<unsigned long,ngsbem::SingularMLExpansion<ngbla::Vec<1,std::complex<double>>,double>::CalcMP()::{lambda(ngcore::T_Range<unsigned long>)#3}>(ngcore::T_Range<unsigned long>,ngsbem::SingularMLExpansion<ngbla::Vec<1,std::complex<double>>,double>::CalcMP()::{lambda(ngcore::T_Range<unsigned long>)#3},int,ngcore::TotalCosts)::{lambda(ngcore::TaskInfo&)#1}"	"0.594830528971467 0 1"
5	a62	a6	"ngcore::ParallelFor<unsigned long,ngsbem::FMM_Operator<ngsbem::LaplaceSLKernel<3,1,double>>::Mult(ngla::BaseVector const&,ngla::BaseVector&)const::{lambda(int)#2}>(ngcore::T_Range<unsigned long>,ngsbem::FMM_Operator<ngsbem::LaplaceSLKernel<3,1,double>>::Mult(ngla::BaseVector const&,ngla::BaseVector&)const::{lambda(int)#2},int,ngcore::TotalCosts)::{lambda(ngcore::TaskInfo&)#1}"	"1 0 0.913563992109514"
5	a63	a7	"ngcore::ParallelFor<unsigned long,ngsbem::FMM_Operator<ngsbem::LaplaceSLKernel<3,1,double>>::Mult(ngla::BaseVector const&,ngla::BaseVector&)const::{lambda(int)#2}>(ngcore::T_Range<unsigned long>,ngsbem::FMM_Operator<ngsbem::LaplaceSLKernel<3,1,double>>::Mult(ngla::BaseVector const&,ngla::BaseVector&)const::{lambda(int)#2},int,ngcore::TotalCosts)::{lambda(ngcore::TaskInfo&)#1}"	"1 0 0.913563992109514"
5	a64	a6	"ngcore::ParallelFor<unsigned long,ngsbem::RegularMLExpansion<ngbla::Vec<1,std::complex<double>>,double>::CalcMP(std::shared_ptr<ngsbem::SingularMLExpansion<ngbla::Vec<1,std::complex<double>>,double>>,bool)::{lambda(int)#2}>(ngcore::T_Range<unsigned long>,ngsbem::RegularMLExpansion<ngbla::Vec<1,std::complex<double>>,double>::CalcMP(std::shared_ptr<ngsbem::SingularMLExpansion<ngbla::Vec<1,std::complex<double>>,double>>,bool)::{lambda(int)#2},int,ngcore::TotalCosts)::{lambda(ngcore::TaskInfo&)#1}"	"1 0 0.848045070387433"
5	a65	a7	"ngcore::ParallelFor<unsigned long,ngsbem::RegularMLExpansion<ngbla::Vec<1,std::complex<double>>,double>::CalcMP(std::shared_ptr<ngsbem::SingularMLExpansion<ngbla::Vec<1,std::complex<double>>,double>>,bool)::{lambda(int)#2}>(ngcore::T_Range<unsigned long>,ngsbem::RegularMLExpansion<ngbla::Vec<1,std::complex<double>>,double>::CalcMP(std::shared_ptr<ngsbem::SingularMLExpansion<ngbla::Vec<1,std::complex<double>>,double>>,bool)::{lambda(int)#2},int,ngcore::TotalCosts)::{lambda(ngcore::TaskInfo&)#1}"	"1 0 0.848045070387433"
5	a66	a6	"ngcore::ParallelFor<unsigned long,ngsbem::FMM_Operator<ngsbem::LaplaceSLKernel<3,1,double>>::Mult(ngla::BaseVector const&,ngla::BaseVector&)const::{lambda(int)#3}>(ngcore::T_Range<unsigned long>,ngsbem::FMM_Operator<ngsbem::LaplaceSLKernel<3,1,double>>::Mult(ngla::BaseVector const&,ngla::BaseVector&)const::{lambda(int)#3},int,ngcore::TotalCosts)::{lambda(ngcore::TaskInfo&)#1}"	"0 0.130610989437115 1"
5	a67	a7	"ngcore::ParallelFor<unsigned long,ngsbem::FMM_Operator<ngsbem::LaplaceSLKernel<3,1,double>>::Mult(ngla::BaseVector const&,ngla::BaseVector&)const::{lambda(int)#3}>(ngcore::T_Range<unsigned long>,ngsbem::FMM_Operator<ngsbem::LaplaceSLKernel<3,1,double>>::Mult(ngla::BaseVector const&,ngla::BaseVector&)const::{lambda(int)#3},int,ngcore::TotalCosts)::{lambda(ngcore::TaskInfo&)#1}"	"0 0.130610989437115 1"
5	a68	a6	"ngcore::ParallelFor<unsigned long,ngla::BlockDiagonalMatrix<double>::MultTransAdd(double,ngla::BaseVector const&,ngla::BaseVector&)const::{lambda(unsigned long)#1}>(ngcore::T_Range<unsigned long>,ngla::BlockDiagonalMatrix<double>::MultTransAdd(double,ngla::BaseVector const&,ngla::BaseVector&)const::{lambda(unsigned long)#1},int,ngcore::TotalCosts)::{lambda(ngcore::TaskInfo&)#1}"	"0 0.0062739215805836 1"
5	a69	a7	"ngcore::ParallelFor<unsigned long,ngla::BlockDiagonalMatrix<double>::MultTransAdd(double,ngla::BaseVector const&,ngla::BaseVector&)const::{lambda(unsigned long)#1}>(ngcore::T_Range<unsigned long>,ngla::BlockDiagonalMatrix<double>::MultTransAdd(double,ngla::BaseVector const&,ngla::BaseVector&)const::{lambda(unsigned long)#1},int,ngcore::TotalCosts)::{lambda(ngcore::TaskInfo&)#1}"	"0 0.0062739215805836 1"
5	a70	a6	"ngcore::ParallelForRange<unsigned long,ngla::ConstantElementByElementMatrix<double>::MultTransAdd(double,ngla::BaseVector const&,ngla::BaseVector&)const::{lambda(ngcore::T_Range<unsigned long>)#2}>(ngcore::T_Range<unsigned long>,ngla::ConstantElementByElementMatrix<double>::MultTransAdd(double,ngla::BaseVector const&,ngla::BaseVector&)const::{lambda(ngcore::T_Range<unsigned long>)#2},int,ngcore::TotalCosts)::{lambda(ngcore::TaskInfo&)#1}"	"0.90919186428869 1 0"
5	a71	a7	"ngcore::ParallelForRange<unsigned long,ngla::ConstantElementByElementMatrix<double>::MultTransAdd(double,ngla::BaseVector const&,ngla::BaseVector&)const::{lambda(ngcore::T_Range<unsigned long>)#2}>(ngcore::T_Range<unsigned long>,ngla::ConstantElementByElementMatrix<double>::MultTransAdd(double,ngla::BaseVector const&,ngla::BaseVector&)const::{lambda(ngcore::T_Range<unsigned long>)#2},int,ngcore::TotalCosts)::{lambda(ngcore::TaskInfo&)#1}"	"0.90919186428869 1 0"
5	a72	a6	"ngcore::ParallelForRange<ngla::SparseMatrix<double,double,double>::MultAdd(double,ngla::BaseVector const&,ngla::BaseVector&)const::{lambda(ngcore::T_Range<unsigned long>)#1}>(ngcore::Partitioning const&,ngla::SparseMatrix<double,double,double>::MultAdd(double,ngla::BaseVector const&,ngla::BaseVector&)const::{lambda(ngcore::T_Range<unsigned long>)#1},int,ngcore::TotalCosts)::{lambda(ngcore::TaskInfo&)#1}"	"0 0.792372578473848 1"
5	a73	a7	"ngcore::ParallelForRange<ngla::SparseMatrix<double,double,double>::MultAdd(double,ngla::BaseVector const&,ngla::BaseVector&)const::{lambda(ngcore::T_Range<unsigned long>)#1}>(ngcore::Partitioning const&,ngla::SparseMatrix<double,double,double>::MultAdd(double,ngla::BaseVector const&,ngla::BaseVector&)const::{lambda(ngcore::T_Range<unsigned long>)#1},int,ngcore::TotalCosts)::{lambda(ngcore::TaskInfo&)#1}"	"0 0.792372578473848 1"
5	a74	a6	"ngcore::ParallelForRange<unsigned long,ngla::DiagonalMatrix<double>::MultAdd(double,ngla::BaseVector const&,ngla::BaseVector&)const::{lambda(ngcore::T_Range<unsigned long>)#1}>(ngcore::T_Range<unsigned long>,ngla::DiagonalMatrix<double>::MultAdd(double,ngla::BaseVector const&,ngla::BaseVector&)const::{lambda(ngcore::T_Range<unsigned long>)#1},int,ngcore::TotalCosts)::{lambda(ngcore::TaskInfo&)#1}"	"1 0.509576201091887 0"
5	a75	a7	"ngcore::ParallelForRange<unsigned long,ngla::DiagonalMatrix<double>::MultAdd(double,ngla::BaseVector const&,ngla::BaseVector&)const::{lambda(ngcore::T_Range<unsigned long>)#1}>(ngcore::T_Range<unsigned long>,ngla::DiagonalMatrix<double>::MultAdd(double,ngla::BaseVector const&,ngla::BaseVector&)const::{lambda(ngcore::T_Range<unsigned long>)#1},int,ngcore::TotalCosts)::{lambda(ngcore::TaskInfo&)#1}"	"1 0.509576201091887 0"
5	a76	a6	"ngla::S_BaseVector<double>::InnerProduct(ngla::BaseVector const&,bool)const::{lambda(ngcore::TaskInfo)#1}"	"1 0.916622848929051 0"
5	a77	a7	"ngla::S_BaseVector<double>::InnerProduct(ngla::BaseVector const&,bool)const::{lambda(ngcore::TaskInfo)#1}"	"1 0.916622848929051 0"
5	a78	a6	"ngcore::ParallelFor<unsigned long,ngsbem::RegularMLExpansion<ngbla::Vec<1,std::complex<double>>,double>::ProcessLocalizeRecording(ngcore::Array<ngsbem::RegularMLExpansion<ngbla::Vec<1,std::complex<double>>,double>::RecordingRR,unsigned long>&)::{lambda(int)#2}>(ngcore::T_Range<unsigned long>,ngsbem::RegularMLExpansion<ngbla::Vec<1,std::complex<double>>,double>::ProcessLocalizeRecording(ngcore::Array<ngsbem::RegularMLExpansion<ngbla::Vec<1,std::complex<double>>,double>::RecordingRR,unsigned long>&)::{lambda(int)#2},int,ngcore::TotalCosts)::{lambda(ngcore::TaskInfo&)#1}"	"0 0.19113710899631 1"
5	a79	a7	"ngcore::ParallelFor<unsigned long,ngsbem::RegularMLExpansion<ngbla::Vec<1,std::complex<double>>,double>::ProcessLocalizeRecording(ngcore::Array<ngsbem::RegularMLExpansion<ngbla::Vec<1,std::complex<double>>,double>::RecordingRR,unsigned long>&)::{lambda(int)#2}>(ngcore::T_Range<unsigned long>,ngsbem::RegularMLExpansion<ngbla::Vec<1,std::complex<double>>,double>::ProcessLocalizeRecording(ngcore::Array<ngsbem::RegularMLExpansion<ngbla::Vec<1,std::complex<double>>,double>::RecordingRR,unsigned long>&)::{lambda(int)#2},int,ngcore::TotalCosts)::{lambda(ngcore::TaskInfo&)#1}"	"0 0.19113710899631 1"
5	a80	a6	"ngcore::ParallelFor<unsigned long,ngla::BaseVector::Add(double,ngla::BaseVector const&)::{lambda(auto:1,auto:2)#1}::operator()<double,double>(double,double)const::{lambda(unsigned long)#1}>(ngcore::T_Range<unsigned long>,ngla::BaseVector::Add(double,ngla::BaseVector const&)::{lambda(auto:1,auto:2)#1}::operator()<double,double>(double,double)const::{lambda(unsigned long)#1},int,ngcore::TotalCosts)::{lambda(ngcore::TaskInfo&)#1}"	"1 0 0.51446082082448"
5	a81	a7	"ngcore::ParallelFor<unsigned long,ngla::BaseVector::Add(double,ngla::BaseVector const&)::{lambda(auto:1,auto:2)#1}::operator()<double,double>(double,double)const::{lambda(unsigned long)#1}>(ngcore::T_Range<unsigned long>,ngla::BaseVector::Add(double,ngla::BaseVector const&)::{lambda(auto:1,auto:2)#1}::operator()<double,double>(double,double)const::{lambda(unsigned long)#1},int,ngcore::TotalCosts)::{lambda(ngcore::TaskInfo&)#1}"	"1 0 0.51446082082448"
5	a82	a6	"ngcore::ParallelFor<unsigned long,ngla::BaseVector::Scale(double)::{lambda(auto:1)#1}::operator()<double>(double)const::{lambda(unsigned long)#1}>(ngcore::T_Range<unsigned long>,ngla::BaseVector::Scale(double)::{lambda(auto:1)#1}::operator()<double>(double)const::{lambda(unsigned long)#1},int,ngcore::TotalCosts)::{lambda(ngcore::TaskInfo&)#1}"	"1 0 0.0694389310827102"
5	a83	a7	"ngcore::ParallelFor<unsigned long,ngla::BaseVector::Scale(double)::{lambda(auto:1)#1}::operator()<double>(double)const::{lambda(unsigned long)#1}>(ngcore::T_Range<unsigned long>,ngla::BaseVector::Scale(double)::{lambda(auto:1)#1}::operator()<double>(double)const::{lambda(unsigned long)#1},int,ngcore::TotalCosts)::{lambda(ngcore::TaskInfo&)#1}"	"1 0 0.0694389310827102"
5	a84	a8	"BaseVector::Scale"	"0.928209444258411 1 0"
5	a85	a8	"BaseVector::Add"	"0 1 0.115974093814375"
5	a86	a8	"SumMatrix::MultTrans"	"0.681967201801475 1 0"
5	a87	a8	"ProductMatrix::Mult"	"1 0 0.73354567325058"
5	a88	a8	"BaseVector::InnerProduct (taskhandler)"	"1 0 0.677432096255345"
5	a89	a8	"DiagonalMatrix::MultAdd"	"1 0 0.351339032955313"
5	a90	a8	"SparseMatrix::MultAdd"	"0.2605166920136 1 0"
5	a91	a8	"ConstantEBE mult trans add"	"1 0.787350638021564 0"
5	a92	a8	"SumMatrix::MultTransAdd"	"0.895752790126892 0 1"
5	a93	a8	"BlockDiagonalMatrix::MultTransAdd"	"1 0.279397035082662 0"
5	a94	a8	"ProductMatrix::MultTransAdd"	"1 0 0.619155486724143"
5	a95	a8	"ngbem fmm apply LaplaceSL eval"	"0.978603177000443 1 0"
5	a96	a8	"mptool regular localize expansion"	"0.636302505302313 0 1"
5	a97	a8	"mptool regular MLMP - sort"	"0 0.595708283268779 1"
5	a98	a8	"mptool regular MLMP - recording"	"0 0.51878106047371 1"
5	a99	a8	"mptool regular MLMP"	"0.449021546740322 1 0"
5	a100	a8	"mptool comput singular sort"	"0 1 0.694508856324132"
5	a101	a8	"mptool comput singular recording"	"0 0.633191306291425 1"
5	a102	a8	"mptool compute singular MLMP - S->S"	"0.397316113206864 1 0"
5	a103	a8	"mptool compute singular MLMP - source2mp"	"0.712041598910476 0 1"
5	a104	a8	"mptool compute singular MLMP"	"0 1 0.607891012124692"
5	a105	a8	"ngbem fmm apply LaplaceSL"	"0.391158145477799 1 0"
5	a106	a8	"BlockDiagonalMatrix::Mult"	"1 0 0.329893574661084"
5	a107	a8	"ConstantEBE mult add"	"1 0.92963434824013 0"
5	a108	a8	"SumMatrix::Mult"	"0 1 0.743931475734322"
5	a109	a8	"ProductMatrix::Mult"	"1 0 0.73354567325058"
5	a110	a8	"ProductMatrix::MultAdd"	"0 1 0.681960144239003"
5	a111	a8	"SumMatrix::MultAdd"	"1 0 0.946338393014468"
5	a112	a8	"SparseMatrix::SetZero (taskhandler)"	"0 0.554428548681184 1"
5	a113	a8	"MatrixGraph - CalcBalancing"	"1 0.861251876424358 0"
5	a114	a8	"MatrixGraph - prefix"	"0 0.443668032168334 1"
5	a115	a8	"MatrixGraph - build dof2el table"	"0.657925893240125 1 0"
5	a116	a8	"MatrixGraph"	"0.397951693366737 0 1"
5	a117	a8	"ngbem fmm assemble nearfield"	"0.102568903496156 0 1"
5	a118	a8	"ngbem fmm setup matrixgraph"	"0 0.304003943294288 1"
5	a119	a8	"ngbem fmm find near"	"1 0 0.372946200513501"
5	a120	a8	"ConstantEBE ctor"	"1 0 0.466362241764171"
5	a121	a8	"ngbem fmm setup"	"0 1 0.67210247709232"
5	a122	a8	"BaseVector::Set"	"0 1 0.0331402709784779"
5	a123	a8	"S_BaseVector::SetScalar"	"1 0 0.494212051037282"
5	a124	a8	"LinearSolver.Solve"	"0 1 0.662973230859026"
6	0	a125	a3	a9	"Timer level 0"
6	0	a126	a3	a9	"Timer level 1"
6	0	a127	a3	a9	"Timer level 2"
6	0	a128	a3	a9	"Timer level 3"
6	0	a129	a3	a9	"Timer level 4"
6	0	a130	a3	a9	"Timer level 5"
6	0	a131	a3	a9	"Timer level 6"
4	a132	a2	a3	a3	"links"
12	0.464548758492183	a6	a10	a18	0
13	0.465166020956643	a6	a10
12	9.77818603195124	a6	a10	a20	0
13	9.78998244988906	a6	a10
12	15.4841682024888	a6	a10	a20	0
13	15.4989216739798	a6	a10
12	21.8324033270051	a6	a10	a22	0
13	21.8351315856246	a6	a10
12	21.8354374519634	a6	a10	a24	0
13	21.837850167117	a6	a10
12	21.8520603370435	a6	a10	a22	0
13	21.8535996914761	a6	a10
12	21.8537769902691	a6	a10	a24	0
13	21.8680904980886	a6	a10
12	25.3570787930819	a6	a10	a26	0
13	25.4035545784379	a6	a10
12	25.4061311135289	a6	a10	a28	0
13	25.5780546080184	a6	a10
12	25.5832674690215	a6	a10	a22	0
13	25.5847656956639	a6	a10
12	25.5853902159737	a6	a10	a24	0
13	25.5951851966598	a6	a10
12	25.6123631341016	a6	a10	a28	0
13	25.8942699430033	a6	a10
12	25.8963232220074	a6	a10	a30	0
13	25.8988603573666	a6	a10
12	25.8993490522853	a6	a10	a32	0
13	33.1802608483671	a6	a10
12	33.2084755492692	a6	a10	a34	0
13	33.2108799697424	a6	a10
12	33.211314403627	a6	a10	a36	0
13	33.2279912041296	a6	a10
12	33.2589994842591	a6	a10	a38	0
13	33.2797095730933	a6	a10
12	33.2802414694722	a6	a10	a40	0
13	33.282384261902	a6	a10
12	33.2843286732262	a6	a10	a42	0
13	33.7220057778135	a6	a10
12	33.7242318626587	a6	a10	a32	0
13	40.3479720308868	a6	a10
12	40.4319836642145	a6	a10	a44	0
13	41.8186074559199	a6	a10
12	41.8658850603787	a6	a10	a22	0
13	41.8669191305319	a6	a10
12	41.8676577026968	a6	a10	a24	0
13	41.868431872865	a6	a10
12	41.9451524821445	a6	a10	a46	0
13	865.441816596524	a6	a10
12	866.800370153011	a6	a10	a48	0
13	866.805630708426	a6	a10
12	866.814813610823	a6	a10	a50	0
13	866.820333375	a6	a10
12	866.823692720551	a6	a10	a52	0
13	866.867213526024	a6	a10
12	866.868278010005	a6	a10	a52	0
13	866.882660985773	a6	a10
12	866.891588826748	a6	a10	a54	0
13	866.901711792921	a6	a10
12	866.927134642654	a6	a10	a56	0
13	873.835706185838	a6	a10
12	874.546703377082	a6	a10	a58	0
13	894.311885033484	a6	a10
12	894.354823483272	a6	a10	a60	0
13	900.278364406044	a6	a10
12	900.280820668269	a6	a10	a60	0
13	903.473033248568	a6	a10
12	904.408990466221	a6	a10	a62	0
13	905.170402033552	a6	a10
12	910.942049041266	a6	a10	a64	0
13	1008.87283689077	a6	a10
12	1009.18541881014	a6	a10	a66	0
13	1066.17139574104	a6	a10
12	1066.85934892776	a6	a10	a50	0
13	1066.88902694853	a6	a10
12	1066.89434936843	a6	a10	a68	0
13	1066.93350682642	a6	a10
12	1066.93967011955	a6	a10	a70	0
13	1066.9701762259	a6	a10
12	1066.97145395229	a6	a10	a70	0
13	1066.98504789659	a6	a10
12	1067.00802208755	a6	a10	a72	0
13	1067.31240436976	a6	a10
12	1067.46428791647	a6	a10	a50	0
13	1067.46655616594	a6	a10
12	1067.47259711253	a6	a10	a74	0
13	1067.47717370243	a6	a10
12	1067.5014024638	a6	a10	a48	0
13	1067.50414039955	a6	a10
12	1067.52531464487	a6	a10	a76	0
13	1067.52865498178	a6	a10
12	1067.65975655242	a6	a10	a50	0
13	1067.66446205547	a6	a10
12	1067.66598205565	a6	a10	a52	0
13	1067.69059375477	a6	a10
12	1067.69139246337	a6	a10	a52	0
13	1067.70745960486	a6	a10
12	1067.70901865916	a6	a10	a54	0
13	1067.72067268508	a6	a10
12	1067.72913706079	a6	a10	a56	0
13	1069.1597143638	a6	a10
12	1069.89233855167	a6	a10	a58	0
13	1081.38215710834	a6	a10
12	1081.4417744323	a6	a10	a60	0
13	1086.87465183226	a6	a10
12	1086.88402896842	a6	a10	a60	0
13	1088.64989315026	a6	a10
12	1090.08697970369	a6	a10	a62	0
13	1090.47705951301	a6	a10
12	1093.428102879	a6	a10	a64	0
13	1181.1828106071	a6	a10
12	1181.21650809173	a6	a10	a78	0
13	1181.46159585128	a6	a10
12	1181.49480256733	a6	a10	a78	0
13	1183.03135719973	a6	a10
12	1183.16356645582	a6	a10	a78	0
13	1191.56487079816	a6	a10
12	1191.62993012367	a6	a10	a66	0
13	1243.0941428229	a6	a10
12	1243.67516306391	a6	a10	a50	0
13	1243.67907193204	a6	a10
12	1243.68084941292	a6	a10	a68	0
13	1243.70124534074	a6	a10
12	1243.70345760112	a6	a10	a50	0
13	1243.70519015248	a6	a10
12	1243.70677374521	a6	a10	a70	0
13	1243.73502404411	a6	a10
12	1243.73572978317	a6	a10	a70	0
13	1243.7437037359	a6	a10
12	1243.74730570085	a6	a10	a72	0
13	1244.00455553551	a6	a10
12	1244.05040265321	a6	a10	a76	0
13	1244.07410262871	a6	a10
12	1244.12903380387	a6	a10	a80	0
13	1244.13154156224	a6	a10
12	1244.16628763271	a6	a10	a80	0
13	1244.16878294906	a6	a10
12	1244.24847098024	a6	a10	a50	0
13	1244.25023705594	a6	a10
12	1244.25217420942	a6	a10	a74	0
13	1244.25532134939	a6	a10
12	1244.26322445173	a6	a10	a76	0
13	1244.26552346064	a6	a10
12	1244.36143450419	a6	a10	a82	0
13	1244.36335368586	a6	a10
12	1244.36942124455	a6	a10	a80	0
13	1244.3713604717	a6	a10
12	1244.40207221701	a6	a10	a50	0
13	1244.405799639	a6	a10
12	1244.407178284	a6	a10	a52	0
13	1244.42318114172	a6	a10
12	1244.4238046252	a6	a10	a52	0
13	1244.43260770036	a6	a10
12	1244.43389372143	a6	a10	a54	0
13	1244.44129568682	a6	a10
12	1244.44977941679	a6	a10	a56	0
13	1245.14192418199	a6	a10
12	1245.58750266086	a6	a10	a58	0
13	1258.4011511683	a6	a10
12	1258.43493816636	a6	a10	a60	0
13	1264.72608584443	a6	a10
12	1264.72923609491	a6	a10	a60	0
13	1266.25914288661	a6	a10
12	1267.38253776156	a6	a10	a62	0
13	1267.92007003021	a6	a10
12	1269.93705531474	a6	a10	a64	0
13	1350.3607900858	a6	a10
12	1350.39368678817	a6	a10	a78	0
13	1350.61689214406	a6	a10
12	1350.64939657717	a6	a10	a78	0
13	1352.1511370536	a6	a10
12	1352.28599887935	a6	a10	a78	0
13	1359.53566737935	a6	a10
12	1359.60333365378	a6	a10	a66	0
13	1404.46465037095	a6	a10
12	1404.97758130884	a6	a10	a50	0
13	1404.9825031648	a6	a10
12	1404.98410023639	a6	a10	a68	0
13	1405.0248443976	a6	a10
12	1405.02636266972	a6	a10	a50	0
13	1405.03852578166	a6	a10
12	1405.0397222893	a6	a10	a70	0
13	1405.06359645309	a6	a10
12	1405.06437718988	a6	a10	a70	0
13	1405.07769464483	a6	a10
12	1405.08131043425	a6	a10	a72	0
13	1405.39862723366	a6	a10
12	1405.44758658457	a6	a10	a76	0
13	1405.46397099759	a6	a10
12	1405.5226430736	a6	a10	a80	0
13	1405.52581129589	a6	a10
12	1405.56066934455	a6	a10	a80	0
13	1405.56394125034	a6	a10
12	1405.64330440654	a6	a10	a50	0
13	1405.64500930897	a6	a10
12	1405.64654970024	a6	a10	a74	0
13	1405.65064416184	a6	a10
12	1405.65876672759	a6	a10	a76	0
13	1405.66139475883	a6	a10
12	1405.73491431271	a6	a10	a82	0
13	1405.73759522252	a6	a10
12	1405.74359815183	a6	a10	a80	0
13	1405.74634541909	a6	a10
12	1405.7768885059	a6	a10	a50	0
13	1405.78092283107	a6	a10
12	1405.78256344972	a6	a10	a52	0
13	1405.80165192854	a6	a10
12	1405.80223532106	a6	a10	a52	0
13	1405.81449174815	a6	a10
12	1405.81569966098	a6	a10	a54	0
13	1405.82426633775	a6	a10
12	1405.83279845335	a6	a10	a56	0
13	1406.8410510683	a6	a10
12	1407.29162398159	a6	a10	a58	0
13	1421.02823159693	a6	a10
12	1421.0697257355	a6	a10	a60	0
13	1425.95699772352	a6	a10
12	1425.95888303524	a6	a10	a60	0
13	1428.88295797606	a6	a10
12	1429.97932843674	a6	a10	a62	0
13	1430.80651474576	a6	a10
12	1432.28928494257	a6	a10	a64	0
13	1522.05793657239	a6	a10
12	1522.09731522185	a6	a10	a78	0
13	1522.33144639986	a6	a10
12	1522.36590353897	a6	a10	a78	0
13	1523.93918148628	a6	a10
12	1524.08995389143	a6	a10	a78	0
13	1530.6806020867	a6	a10
12	1530.74191498157	a6	a10	a66	0
13	1603.31252355559	a6	a10
12	1603.90908318906	a6	a10	a50	0
13	1603.9148089378	a6	a10
12	1603.91690092531	a6	a10	a68	0
13	1603.9572832311	a6	a10
12	1603.95920552328	a6	a10	a50	0
13	1603.96142089416	a6	a10
12	1603.96263744728	a6	a10	a70	0
13	1603.99847876118	a6	a10
12	1603.99987987094	a6	a10	a70	0
13	1604.01404442012	a6	a10
12	1604.01781089623	a6	a10	a72	0
13	1604.39063362304	a6	a10
12	1604.43415546535	a6	a10	a76	0
13	1604.44958944624	a6	a10
12	1604.49744767832	a6	a10	a80	0
13	1604.5005768465	a6	a10
12	1604.54207616924	a6	a10	a80	0
13	1604.54546281811	a6	a10
12	1604.62787599741	a6	a10	a50	0
13	1604.6296507134	a6	a10
12	1604.6309820096	a6	a10	a74	0
13	1604.63494168264	a6	a10
12	1604.64742033804	a6	a10	a76	0
13	1604.65751392722	a6	a10
12	1604.72806882409	a6	a10	a82	0
13	1604.73052266703	a6	a10
12	1604.73843648333	a6	a10	a80	0
13	1604.7409473522	a6	a10
12	1604.77541935261	a6	a10	a50	0
13	1604.78012692934	a6	a10
12	1604.78161547885	a6	a10	a52	0
13	1604.80284986061	a6	a10
12	1604.80355041549	a6	a10	a52	0
13	1604.81565062609	a6	a10
12	1604.81706003053	a6	a10	a54	0
13	1604.82770417912	a6	a10
12	1604.83653801372	a6	a10	a56	0
13	1608.34315354134	a6	a10
12	1608.81188834853	a6	a10	a58	0
13	1622.87546224146	a6	a10
12	1622.9090774705	a6	a10	a60	0
13	1628.69859225658	a6	a10
12	1628.70196197048	a6	a10	a60	0
13	1629.93587482111	a6	a10
12	1631.06262696794	a6	a10	a62	0
13	1631.49332409899	a6	a10
12	1632.97730773842	a6	a10	a64	0
13	1707.21184613033	a6	a10
12	1707.24364136826	a6	a10	a78	0
13	1707.46884816141	a6	a10
12	1707.50302259016	a6	a10	a78	0
13	1709.34584343405	a6	a10
12	1709.48520685196	a6	a10	a78	0
13	1716.69802658002	a6	a10
12	1716.76398242223	a6	a10	a66	0
13	1762.33646740843	a6	a10
12	1762.79895251957	a6	a10	a50	0
13	1762.80315688568	a6	a10
12	1762.80482688133	a6	a10	a68	0
13	1762.82541254996	a6	a10
12	1762.82678082661	a6	a10	a50	0
13	1762.82875150442	a6	a10
12	1762.83011908985	a6	a10	a70	0
13	1762.85215840121	a6	a10
12	1762.85303107071	a6	a10	a70	0
13	1762.86081597385	a6	a10
12	1762.86509291842	a6	a10	a72	0
13	1763.13402304549	a6	a10
12	1763.18114270541	a6	a10	a76	0
13	1763.18364735327	a6	a10
12	1763.23154014652	a6	a10	a80	0
13	1763.23421137921	a6	a10
12	1763.26793651278	a6	a10	a80	0
13	1763.27064991009	a6	a10
12	1763.38720814115	a6	a10	a50	0
13	1763.38892237509	a6	a10
12	1763.39042163857	a6	a10	a74	0
13	1763.39398869674	a6	a10
12	1763.40230860677	a6	a10	a76	0
13	1763.40500541472	a6	a10
12	1763.48046488698	a6	a10	a82	0
13	1763.48246736106	a6	a10
12	1763.48829748453	a6	a10	a80	0
13	1763.4900953565	a6	a10
12	1763.52108013504	a6	a10	a50	0
13	1763.53179513402	a6	a10
12	1763.53312331972	a6	a10	a52	0
13	1763.54931280775	a6	a10
12	1763.54981083418	a6	a10	a52	0
13	1763.55959302723	a6	a10
12	1763.56090324112	a6	a10	a54	0
13	1763.56791604777	a6	a10
12	1763.57704503474	a6	a10	a56	0
13	1764.35067086453	a6	a10
12	1764.78207995565	a6	a10	a58	0
13	1775.71173109777	a6	a10
12	1775.74363624021	a6	a10	a60	0
13	1781.61582894413	a6	a10
12	1781.61854890807	a6	a10	a60	0
13	1785.43972532755	a6	a10
12	1786.41691090839	a6	a10	a62	0
13	1787.8065760829	a6	a10
12	1790.2666459124	a6	a10	a64	0
13	1866.2859247594	a6	a10
12	1866.32386566426	a6	a10	a78	0
13	1866.54526485351	a6	a10
12	1866.58229092425	a6	a10	a78	0
13	1868.63322910045	a6	a10
12	1868.78412212407	a6	a10	a78	0
13	1875.81580538703	a6	a10
12	1875.88343260734	a6	a10	a66	0
13	1922.33820857478	a6	a10
12	1922.8268782638	a6	a10	a50	0
13	1922.831031825	a6	a10
12	1922.83278960601	a6	a10	a68	0
13	1922.85290904448	a6	a10
12	1922.85469101832	a6	a10	a50	0
13	1922.85671768522	a6	a10
12	1922.85762802639	a6	a10	a70	0
13	1922.87920871105	a6	a10
12	1922.87987746966	a6	a10	a70	0
13	1922.88755696124	a6	a10
12	1922.89151663428	a6	a10	a72	0
13	1923.15571913915	a6	a10
12	1923.20492007262	a6	a10	a76	0
13	1923.20759061409	a6	a10
12	1923.25600147925	a6	a10	a80	0
13	1923.2592602518	a6	a10
12	1923.29323733628	a6	a10	a80	0
13	1923.29582527656	a6	a10
12	1923.38446015736	a6	a10	a50	0
13	1923.38627150819	a6	a10
12	1923.38762423231	a6	a10	a74	0
13	1923.39105408265	a6	a10
12	1923.39926650744	a6	a10	a76	0
13	1923.42058936579	a6	a10
12	1923.49690146206	a6	a10	a82	0
13	1923.49910750142	a6	a10
12	1923.50517091278	a6	a10	a80	0
13	1923.5071595624	a6	a10
12	1923.53769297208	a6	a10	a50	0
13	1923.54185724723	a6	a10
12	1923.54386905284	a6	a10	a52	0
13	1923.55994448901	a6	a10
12	1923.56053859549	a6	a10	a52	0
13	1923.56921932412	a6	a10
12	1923.57048633654	a6	a10	a54	0
13	1923.57812055299	a6	a10
12	1923.58669068588	a6	a10	a56	0
13	1924.25094286026	a6	a10
12	1924.69346060207	a6	a10	a58	0
13	1934.59924439343	a6	a10
12	1934.63276043193	a6	a10	a60	0
13	1938.57253246333	a6	a10
12	1938.57417308199	a6	a10	a60	0
13	1939.77553968051	a6	a10
12	1940.86903949055	a6	a10	a62	0
13	1941.24954274577	a6	a10
12	1943.16277160157	a6	a10	a64	0
13	2019.29051687331	a6	a10
12	2019.33218485455	a6	a10	a78	0
13	2019.51086091009	a6	a10
12	2019.54532841755	a6	a10	a78	0
13	2021.06265079667	a6	a10
12	2021.19490048932	a6	a10	a78	0
13	2028.41807612583	a6	a10
12	2028.48955933568	a6	a10	a66	0
13	2073.84314252264	a6	a10
12	2074.30196034822	a6	a10	a50	0
13	2074.30603994851	a6	a10
12	2074.307409262	a6	a10	a68	0
13	2074.332254249	a6	a10
12	2074.33379982444	a6	a10	a50	0
13	2074.33566198019	a6	a10
12	2074.33685192121	a6	a10	a70	0
13	2074.35820795828	a6	a10
12	2074.35884595744	a6	a10	a70	0
13	2074.3663799465	a6	a10
12	2074.36990898739	a6	a10	a72	0
13	2074.63827058324	a6	a10
12	2074.68699042525	a6	a10	a76	0
13	2074.70949320188	a6	a10
12	2074.75804023805	a6	a10	a80	0
13	2074.76084867858	a6	a10
12	2074.79395966018	a6	a10	a80	0
13	2074.79634196151	a6	a10
12	2074.86741562151	a6	a10	a50	0
13	2074.86920934614	a6	a10
12	2074.87118417129	a6	a10	a74	0
13	2074.87438004252	a6	a10
12	2074.8816807437	a6	a10	a76	0
13	2074.88404403638	a6	a10
12	2074.95511873322	a6	a10	a82	0
13	2074.95730818322	a6	a10
12	2074.96321192198	a6	a10	a80	0
13	2074.96532637425	a6	a10
12	2074.99539562744	a6	a10	a50	0
13	2074.99886867924	a6	a10
12	2075.00043222649	a6	a10	a52	0
13	2075.0182187861	a6	a10
12	2075.01895010042	a6	a10	a52	0
13	2075.02774902824	a6	a10
12	2075.02907202976	a6	a10	a54	0
13	2075.03654138943	a6	a10
12	2075.04539008533	a6	a10	a56	0
13	2075.78183777525	a6	a10
12	2076.23246529518	a6	a10	a58	0
13	2086.14055984624	a6	a10
12	2086.17170187809	a6	a10	a60	0
13	2090.31325687089	a6	a10
12	2090.31557903578	a6	a10	a60	0
13	2091.53068853723	a6	a10
12	2092.93375376788	a6	a10	a62	0
13	2093.36674230439	a6	a10
12	2094.82851866517	a6	a10	a64	0
13	2170.77481538445	a6	a10
12	2170.80910144578	a6	a10	a78	0
13	2171.02962934797	a6	a10
12	2171.06687799264	a6	a10	a78	0
13	2172.61857318162	a6	a10
12	2172.76447764623	a6	a10	a78	0
13	2180.19316712223	a6	a10
12	2180.2617458115	a6	a10	a66	0
13	2225.43784945057	a6	a10
12	2225.89441354237	a6	a10	a50	0
13	2225.89880039145	a6	a10
12	2225.90026267448	a6	a10	a68	0
13	2225.92099384562	a6	a10
12	2225.92215544649	a6	a10	a50	0
13	2225.93781096447	a6	a10
12	2225.93874791774	a6	a10	a70	0
13	2225.96754359188	a6	a10
12	2225.96816189118	a6	a10	a70	0
13	2225.97551236044	a6	a10
12	2225.97909427991	a6	a10	a72	0
13	2226.25139308405	a6	a10
12	2226.30043054319	a6	a10	a76	0
13	2226.3033329901	a6	a10
12	2226.36353785392	a6	a10	a80	0
13	2226.36614687651	a6	a10
12	2226.40087946813	a6	a10	a80	0
13	2226.40349920468	a6	a10
12	2226.47331967672	a6	a10	a50	0
13	2226.48622689061	a6	a10
12	2226.48764044239	a6	a10	a74	0
13	2226.49084564513	a6	a10
12	2226.49935356791	a6	a10	a76	0
13	2226.50946582012	a6	a10
12	2226.58313398702	a6	a10	a82	0
13	2226.58477356884	a6	a10
12	2226.59065104111	a6	a10	a80	0
13	2226.59279383354	a6	a10
12	2226.62205504661	a6	a10	a50	0
13	2226.62576968098	a6	a10
12	2226.62739647516	a6	a10	a52	0
13	2226.6432251446	a6	a10
12	2226.64373353938	a6	a10	a52	0
13	2226.65270976599	a6	a10
12	2226.65398645555	a6	a10	a54	0
13	2226.66116895753	a6	a10
12	2226.66948160971	a6	a10	a56	0
13	2227.34132479908	a6	a10
12	2227.77267790111	a6	a10	a58	0
13	2237.66447755258	a6	a10
12	2237.69738911625	a6	a10	a60	0
13	2241.79904946134	a6	a10
12	2241.80080067573	a6	a10	a60	0
13	2243.00007839724	a6	a10
12	2244.10415703527	a6	a10	a62	0
13	2245.04272638601	a6	a10
12	2246.51628084731	a6	a10	a64	0
13	2321.67975742922	a6	a10
12	2321.71411226727	a6	a10	a78	0
13	2321.93722465363	a6	a10
12	2321.97245181556	a6	a10	a78	0
13	2323.53495048012	a6	a10
12	2323.67946351209	a6	a10	a78	0
13	2331.01402357277	a6	a10
12	2331.08465243054	a6	a10	a66	0
13	2376.10386944819	a6	a10
12	2376.57269515125	a6	a10	a50	0
13	2376.5767495219	a6	a10
12	2376.57818761211	a6	a10	a68	0
13	2376.59833953807	a6	a10
12	2376.59966253959	a6	a10	a50	0
13	2376.6016449682	a6	a10
12	2376.60259228982	a6	a10	a70	0
13	2376.62477330198	a6	a10
12	2376.6253715558	a6	a10	a70	0
13	2376.63257721376	a6	a10
12	2376.63613390358	a6	a10	a72	0
13	2376.90502186603	a6	a10
12	2376.95253172154	a6	a10	a76	0
13	2376.98003930094	a6	a10
12	2377.02925924305	a6	a10	a80	0
13	2377.03214371815	a6	a10
12	2377.06630881538	a6	a10	a80	0
13	2377.06874053918	a6	a10
12	2377.14044321245	a6	a10	a50	0
13	2377.14195388111	a6	a10
12	2377.14318322186	a6	a10	a74	0
13	2377.14638082115	a6	a10
12	2377.17317851415	a6	a10	a76	0
13	2377.17560505377	a6	a10
12	2377.2498597237	a6	a10	a82	0
13	2377.2517146216	a6	a10
12	2377.25793286698	a6	a10	a80	0
13	2377.25991425876	a6	a10
12	2377.29016288441	a6	a10	a50	0
13	2377.29371819179	a6	a10
12	2377.29485559983	a6	a10	a52	0
13	2377.31216867144	a6	a10
12	2377.31289445597	a6	a10	a52	0
13	2377.33269731414	a6	a10
12	2377.33442951989	a6	a10	a54	0
13	2377.34158368172	a6	a10
12	2377.35028652949	a6	a10	a56	0
13	2378.12002353663	a6	a10
12	2378.56308561684	a6	a10	a58	0
13	2388.53287565491	a6	a10
12	2388.56853137533	a6	a10	a60	0
13	2392.67072119752	a6	a10
12	2392.67253047468	a6	a10	a60	0
13	2393.88111240828	a6	a10
12	2394.97895171861	a6	a10	a62	0
13	2395.38070629056	a6	a10
12	2396.83624436047	a6	a10	a64	0
13	2473.62863096535	a6	a10
12	2473.66418749522	a6	a10	a78	0
13	2473.88935419742	a6	a10
12	2473.92398414236	a6	a10	a78	0
13	2475.43195910793	a6	a10
12	2475.57070664582	a6	a10	a78	0
13	2483.52813326439	a6	a10
12	2483.60785516552	a6	a10	a66	0
13	2528.97074152774	a6	a10
12	2529.70274948998	a6	a10	a50	0
13	2529.7073208957	a6	a10
12	2529.70909975903	a6	a10	a68	0
13	2529.72994498203	a6	a10
12	2529.73116568249	a6	a10	a50	0
13	2529.73383173101	a6	a10
12	2529.73473170383	a6	a10	a70	0
13	2529.75539098775	a6	a10
12	2529.75608324795	a6	a10	a70	0
13	2529.76393243486	a6	a10
12	2529.76739304464	a6	a10	a72	0
13	2530.03400964711	a6	a10
12	2530.08216614207	a6	a10	a76	0
13	2530.08478380495	a6	a10
12	2530.13276092746	a6	a10	a80	0
13	2530.13554828567	a6	a10
12	2530.16971649341	a6	a10	a80	0
13	2530.17204280565	a6	a10
12	2530.24352808917	a6	a10	a50	0
13	2530.24511997657	a6	a10
12	2530.24688501543	a6	a10	a74	0
13	2530.25008918134	a6	a10
12	2530.25742893664	a6	a10	a76	0
13	2530.26013818661	a6	a10
12	2530.34613224855	a6	a10	a82	0
13	2530.34833206691	a6	a10
12	2530.35429525087	a6	a10	a80	0
13	2530.35644011697	a6	a10
12	2530.38706096641	a6	a10	a50	0
13	2530.39058274945	a6	a10
12	2530.39197003474	a6	a10	a52	0
13	2530.40973654888	a6	a10
12	2530.41024425244	a6	a10	a52	0
13	2530.43786795736	a6	a10
12	2530.44005084075	a6	a10	a54	0
13	2530.45556500355	a6	a10
12	2530.46417695545	a6	a10	a56	0
13	2531.19070939181	a6	a10
12	2531.6309810033	a6	a10	a58	0
13	2541.53282966004	a6	a10
12	2541.56351410203	a6	a10	a60	0
13	2545.52249073778	a6	a10
12	2545.52437397583	a6	a10	a60	0
13	2546.73176665964	a6	a10
12	2547.83191534723	a6	a10	a62	0
13	2548.22098424238	a6	a10
12	2549.68303190833	a6	a10	a64	0
13	2625.10108052559	a6	a10
12	2625.1343898883	a6	a10	a78	0
13	2625.62866816369	a6	a10
12	2625.66712783169	a6	a10	a78	0
13	2627.20024086297	a6	a10
12	2627.34856460935	a6	a10	a78	0
13	2633.98111096324	a6	a10
12	2634.05213209027	a6	a10	a66	0
13	2679.22362734317	a6	a10
12	2679.69583036358	a6	a10	a50	0
13	2679.70008726267	a6	a10
12	2679.71634518182	a6	a10	a68	0
13	2679.73667440658	a6	a10
12	2679.73820201021	a6	a10	a50	0
13	2679.74019411595	a6	a10
12	2679.74116874089	a6	a10	a70	0
13	2679.76228112173	a6	a10
12	2679.76295506451	a6	a10	a70	0
13	2679.77031071794	a6	a10
12	2679.7745994133	a6	a10	a72	0
13	2680.04568304677	a6	a10
12	2680.09426568094	a6	a10	a76	0
13	2680.09686848252	a6	a10
12	2680.14451450903	a6	a10	a80	0
13	2680.16125455647	a6	a10
12	2680.19699875348	a6	a10	a80	0
13	2680.19972908577	a6	a10
12	2680.27095930786	a6	a10	a50	0
13	2680.27233276869	a6	a10
12	2680.27361049508	a6	a10	a74	0
13	2680.27676938585	a6	a10
12	2680.28435383422	a6	a10	a76	0
13	2680.28681631746	a6	a10
12	2680.37360252137	a6	a10	a82	0
13	2680.3758814848	a6	a10
12	2680.38191828406	a6	a10	a80	0
13	2680.38394184046	a6	a10
12	2680.41449011144	a6	a10	a50	0
13	2680.41826177172	a6	a10
12	2680.41995423213	a6	a10	a52	0
13	2680.43588278334	a6	a10
12	2680.43724276531	a6	a10	a52	0
13	2680.44625908288	a6	a10
12	2680.44756825993	a6	a10	a54	0
13	2680.45504003889	a6	a10
12	2680.46471474671	a6	a10	a56	0
13	2681.20616309205	a6	a10
12	2681.7017063062	a6	a10	a58	0
13	2691.57126480909	a6	a10
12	2691.60319725486	a6	a10	a60	0
13	2695.46313540695	a6	a10
12	2695.46479088691	a6	a10	a60	0
13	2696.65162451419	a6	a10
12	2697.75231650334	a6	a10	a62	0
13	2698.17527400638	a6	a10
12	2699.6448646473	a6	a10	a64	0
13	2775.09358111717	a6	a10
12	2775.12598082994	a6	a10	a78	0
13	2775.32120062548	a6	a10
12	2775.35832796044	a6	a10	a78	0
13	2776.8580545576	a6	a10
12	2776.98465557292	a6	a10	a78	0
13	2786.07239828598	a6	a10
12	2786.26903405259	a6	a10	a66	0
13	2833.6792196456	a6	a10
12	2834.14207283318	a6	a10	a50	0
13	2834.14630864996	a6	a10
12	2834.14816354786	a6	a10	a68	0
13	2834.16800753382	a6	a10
12	2834.16947396418	a6	a10	a50	0
13	2834.17149337324	a6	a10
12	2834.17237848476	a6	a10	a70	0
13	2834.19485568613	a6	a10
12	2834.19555209367	a6	a10	a70	0
13	2834.20333907048	a6	a10
12	2834.22341945483	a6	a10	a72	0
13	2834.49310301537	a6	a10
12	2834.5412142352	a6	a10	a76	0
13	2834.54374307588	a6	a10
12	2834.59216016206	a6	a10	a80	0
13	2834.59486215419	a6	a10
12	2834.62861977525	a6	a10	a80	0
13	2834.631055992	a6	a10
12	2834.70272479532	a6	a10	a50	0
13	2834.70426829709	a6	a10
12	2834.70573058012	a6	a10	a74	0
13	2834.70894615121	a6	a10
12	2834.7162945468	a6	a10	a76	0
13	2834.71906185954	a6	a10
12	2834.79308462402	a6	a10	a82	0
13	2834.79490772565	a6	a10
12	2834.80056469766	a6	a10	a80	0
13	2834.80292902718	a6	a10
12	2834.83370090892	a6	a10	a50	0
13	2834.83737130499	a6	a10
12	2834.83872921328	a6	a10	a52	0
13	2834.85673419948	a6	a10
12	2834.85713303536	a6	a10	a52	0
13	2834.8656661878	a6	a10
12	2834.86685198148	a6	a10	a54	0
13	2834.87464967225	a6	a10
12	2834.88365216535	a6	a10	a56	0
13	2835.69960851398	a6	a10
12	2836.13935790622	a6	a10	a58	0
13	2846.04626009698	a6	a10
12	2846.08236303892	a6	a10	a60	0
13	2850.22453944152	a6	a10
12	2850.22640056042	a6	a10	a60	0
13	2851.4273873317	a6	a10
12	2852.55256210681	a6	a10	a62	0
13	2853.01227126492	a6	a10
12	2854.47640677104	a6	a10	a64	0
13	2928.62198644401	a6	a10
12	2928.65289449675	a6	a10	a78	0
13	2928.87279027518	a6	a10
12	2928.90619779161	a6	a10	a78	0
13	2930.45693252572	a6	a10
12	2930.58711857102	a6	a10	a78	0
13	2937.57331553487	a6	a10
12	2937.64283428791	a6	a10	a66	0
13	2984.81752595606	a6	a10
12	2985.35459268578	a6	a10	a50	0
13	2985.37536498471	a6	a10
12	2985.3768231204	a6	a10	a68	0
13	2985.39673553747	a6	a10
12	2985.39800807969	a6	a10	a50	0
13	2985.40007691122	a6	a10
12	2985.401324915	a6	a10	a70	0
13	2985.42405441289	a6	a10
12	2985.42471487682	a6	a10	a70	0
13	2985.43243653302	a6	a10
12	2985.43630323652	a6	a10	a72	0
13	2985.70737615602	a6	a10
12	2985.75640117315	a6	a10	a76	0
13	2985.7592044295	a6	a10
12	2985.80928736398	a6	a10	a80	0
13	2985.82982879432	a6	a10
12	2985.86624935339	a6	a10	a80	0
13	2985.86939338286	a6	a10
12	2985.93988157668	a6	a10	a50	0
13	2985.94142404162	a6	a10
12	2985.94289807544	a6	a10	a74	0
13	2985.94568094071	a6	a10
12	2985.95349452962	a6	a10	a76	0
13	2985.95580839983	a6	a10
12	2986.02953877684	a6	a10	a82	0
13	2986.0314133746	a6	a10
12	2986.03758323435	a6	a10	a80	0
13	2986.03967867798	a6	a10
12	2986.06968779474	a6	a10	a50	0
13	2986.07317881834	a6	a10
12	2986.07454916866	a6	a10	a52	0
13	2986.09131133525	a6	a10
12	2986.09181800197	a6	a10	a52	0
13	2986.14402886758	a6	a10
12	2986.14585507971	a6	a10	a54	0
13	2986.15308734977	a6	a10
12	2986.16182303065	a6	a10	a56	0
13	2986.86508266756	a6	a10
12	2987.29964650211	a6	a10	a58	0
13	2997.27905767819	a6	a10
12	2997.31197131553	a6	a10	a60	0
13	3001.28439397378	a6	a10
12	3001.28620325093	a6	a10	a60	0
13	3002.48885932664	a6	a10
12	3003.59076026545	a6	a10	a62	0
13	3004.00664171491	a6	a10
12	3005.70848582557	a6	a10	a64	0
13	3081.51631045948	a6	a10
12	3081.55061034527	a6	a10	a78	0
13	3081.7307092841	a6	a10
12	3081.76884545956	a6	a10	a78	0
13	3083.3918316983	a6	a10
12	3083.53823107883	a6	a10	a78	0
13	3090.41576600173	a6	a10
12	3090.48195202132	a6	a10	a66	0
13	3136.01946905434	a6	a10
12	3136.48295125518	a6	a10	a50	0
13	3136.48708891824	a6	a10
12	3136.48853322946	a6	a10	a68	0
13	3136.50871487804	a6	a10
12	3136.50994283634	a6	a10	a50	0
13	3136.51182296389	a6	a10
12	3136.51264068113	a6	a10	a70	0
13	3136.53421687284	a6	a10
12	3136.53496062918	a6	a10	a70	0
13	3136.54281949323	a6	a10
12	3136.54651857506	a6	a10	a72	0
13	3136.81411809715	a6	a10
12	3136.86161343697	a6	a10	a76	0
13	3136.88531652297	a6	a10
12	3136.93403671059	a6	a10	a80	0
13	3136.9371817769	a6	a10
12	3136.97073998002	a6	a10	a80	0
13	3136.97317585116	a6	a10
12	3137.04521826071	a6	a10	a50	0
13	3137.04706348148	a6	a10
12	3137.04851090321	a6	a10	a74	0
13	3137.0520136776	a6	a10
12	3137.05948234606	a6	a10	a76	0
13	3137.06908309298	a6	a10
12	3137.14145348801	a6	a10	a82	0
13	3137.14387069612	a6	a10
12	3137.25641119137	a6	a10	a80	0
13	3137.25896318803	a6	a10
12	3137.30164104661	a6	a10	a50	0
13	3137.30590347549	a6	a10
12	3137.30724444881	a6	a10	a52	0
13	3137.33429512957	a6	a10
12	3137.33507171902	a6	a10	a52	0
13	3137.5381472681	a6	a10
12	3137.5405347536	a6	a10	a54	0
13	3137.54975256278	a6	a10
12	3137.55901875759	a6	a10	a56	0
13	3138.29240571044	a6	a10
12	3138.73526111486	a6	a10	a58	0
13	3148.75386500132	a6	a10
12	3148.78908075807	a6	a10	a60	0
13	3152.83630277026	a6	a10
12	3152.83788843666	a6	a10	a60	0
13	3154.048326305	a6	a10
12	3155.15588836317	a6	a10	a62	0
13	3155.56678920268	a6	a10
12	3157.02357631321	a6	a10	a64	0
13	3231.68436796117	a6	a10
12	3231.71820783781	a6	a10	a78	0
13	3231.92946505224	a6	a10
12	3231.96610300106	a6	a10	a78	0
13	3233.53252193893	a6	a10
12	3233.68598804153	a6	a10	a78	0
13	3240.59138721509	a6	a10
12	3240.6724784297	a6	a10	a66	0
13	3287.07471105309	a6	a10
12	3287.55602612551	a6	a10	a50	0
13	3287.56047622153	a6	a10
12	3287.56207985974	a6	a10	a68	0
13	3287.58179735182	a6	a10
12	3287.58338509189	a6	a10	a50	0
13	3287.58541072196	a6	a10
12	3287.58669674303	a6	a10	a70	0
13	3287.60858329403	a6	a10
12	3287.60929456287	a6	a10	a70	0
13	3287.61673454556	a6	a10
12	3287.62026254961	a6	a10	a72	0
13	3287.87961301207	a6	a10
12	3287.92817145342	a6	a10	a76	0
13	3287.93085754742	a6	a10
12	3287.97845311462	a6	a10	a80	0
13	3287.98123286938	a6	a10
12	3288.01554865331	a6	a10	a80	0
13	3288.0182758751	a6	a10
12	3288.08853320031	a6	a10	a50	0
13	3288.08996714317	a6	a10
12	3288.09125109057	a6	a10	a74	0
13	3288.09526225976	a6	a10
12	3288.10252701732	a6	a10	a76	0
13	3288.10482395256	a6	a10
12	3288.17559381989	a6	a10	a82	0
13	3288.17796886337	a6	a10
12	3288.18369772262	a6	a10	a80	0
13	3288.18634683616	a6	a10
12	3288.21532603011	a6	a10	a50	0
13	3288.21922660355	a6	a10
12	3288.22067402528	a6	a10	a52	0
13	3288.23842706056	a6	a10
12	3288.25918242452	a6	a10	a52	0
13	3288.27270897454	a6	a10
12	3288.27400985691	a6	a10	a54	0
13	3288.2814647009	a6	a10
12	3288.28980361957	a6	a10	a56	0
13	3288.99290289265	a6	a10
12	3289.43854876579	a6	a10	a58	0
13	3299.45123197853	a6	a10
12	3299.48620096853	a6	a10	a60	0
13	3303.54962698444	a6	a10
12	3303.55126449259	a6	a10	a60	0
13	3304.78322774772	a6	a10
12	3305.89201603614	a6	a10	a62	0
13	3306.28921613734	a6	a10
12	3307.74879682711	a6	a10	a64	0
13	3382.09150925628	a6	a10
12	3382.12545869182	a6	a10	a78	0
13	3382.3520804192	a6	a10
12	3382.38591061871	a6	a10	a78	0
13	3383.98210573107	a6	a10
12	3384.12534967694	a6	a10	a78	0
13	3390.49970509556	a6	a10
12	3390.56748300257	a6	a10	a66	0
13	3436.35010023717	a6	a10
12	3436.81082238311	a6	a10	a50	0
13	3436.82545869224	a6	a10
12	3436.82749192577	a6	a10	a68	0
13	3436.84720907224	a6	a10
12	3436.84865027296	a6	a10	a50	0
13	3436.85086598945	a6	a10
12	3436.85201791319	a6	a10	a70	0
13	3436.87354571926	a6	a10
12	3436.87420722002	a6	a10	a70	0
13	3436.88153245963	a6	a10
12	3436.88539259651	a6	a10	a72	0
13	3437.15455497463	a6	a10
12	3437.20304705854	a6	a10	a76	0
13	3437.20578361184	a6	a10
12	3437.25417028418	a6	a10	a80	0
13	3437.25718021632	a6	a10
12	3437.29173343548	a6	a10	a80	0
13	3437.29465074369	a6	a10
12	3437.37858426877	a6	a10	a50	0
13	3437.38053386427	a6	a10
12	3437.38209430102	a6	a10	a74	0
13	3437.38534996307	a6	a10
12	3437.3932796775	a6	a10	a76	0
13	3437.39581819531	a6	a10
12	3437.47037458423	a6	a10	a82	0
13	3437.4724593139	a6	a10
12	3437.47812492621	a6	a10	a80	0
13	3437.48048476277	a6	a10
12	3437.51025437063	a6	a10	a50	0
13	3437.51374021006	a6	a10
12	3437.51559821847	a6	a10	a52	0
13	3437.53193009851	a6	a10
12	3437.5325629135	a6	a10	a52	0
13	3437.54157923107	a6	a10
12	3437.54333701208	a6	a10	a54	0
13	3437.55063978693	a6	a10
12	3437.55894172515	a6	a10	a56	0
13	3438.24212339698	a6	a10
12	3438.68131877369	a6	a10	a58	0
13	3448.52200556786	a6	a10
12	3448.5549962766	a6	a10	a60	0
13	3452.41234095863	a6	a10
12	3452.4141239693	a6	a10	a60	0
13	3453.62395736281	a6	a10
12	3454.73134765197	a6	a10	a62	0
13	3455.12141467366	a6	a10
12	3456.57950162974	a6	a10	a64	0
13	3536.15239020724	a6	a10
12	3536.18524474497	a6	a10	a78	0
13	3536.41608189804	a6	a10
12	3536.44835615376	a6	a10	a78	0
13	3538.08561926548	a6	a10
12	3538.21910832162	a6	a10	a78	0
13	3544.70593476755	a6	a10
12	3544.77617515778	a6	a10	a66	0
13	3590.4942988332	a6	a10
12	3590.95648084289	a6	a10	a50	0
13	3590.96099971564	a6	a10
12	3590.96303156672	a6	a10	a68	0
13	3590.98293776278	a6	a10
12	3590.98434301988	a6	a10	a50	0
13	3590.98626012788	a6	a10
12	3590.98740064643	a6	a10	a70	0
13	3591.0158154565	a6	a10
12	3591.01633249157	a6	a10	a70	0
13	3591.02350255153	a6	a10
12	3591.02718573523	a6	a10	a72	0
13	3591.31063189856	a6	a10
12	3591.37033666228	a6	a10	a76	0
13	3591.37968545828	a6	a10
12	3591.42767640525	a6	a10	a80	0
13	3591.43046583714	a6	a10
12	3591.46571615506	a6	a10	a80	0
13	3591.46827782885	a6	a10
12	3591.53959652753	a6	a10	a50	0
13	3591.54125615483	a6	a10
12	3591.54259401765	a6	a10	a74	0
13	3591.54577053463	a6	a10
12	3591.55353020812	a6	a10	a76	0
13	3591.55587552899	a6	a10
12	3591.6302895259	a6	a10	a82	0
13	3591.63228577898	a6	a10
12	3591.63811797612	a6	a10	a80	0
13	3591.64597995066	a6	a10
12	3591.67559126837	a6	a10	a50	0
13	3591.67984643941	a6	a10
12	3591.68147012309	a6	a10	a52	0
13	3591.69852986134	a6	a10
12	3591.69920276728	a6	a10	a52	0
13	3591.708513546	a6	a10
12	3591.70996200456	a6	a10	a54	0
13	3591.71695891307	a6	a10
12	3591.72551729515	a6	a10	a56	0
13	3592.47597158971	a6	a10
12	3592.90863939858	a6	a10	a58	0
13	3602.6681568699	a6	a10
12	3602.7009512712	a6	a10	a60	0
13	3607.17374084586	a6	a10
12	3607.17608720357	a6	a10	a60	0
13	3608.40101345924	a6	a10
12	3609.51219234366	a6	a10	a62	0
13	3609.8797292854	a6	a10
12	3611.35479061364	a6	a10	a64	0
13	3686.47087415679	a6	a10
12	3686.50510042729	a6	a10	a78	0
13	3686.72562902071	a6	a10
12	3686.76152632369	a6	a10	a78	0
13	3688.26181108372	a6	a10
12	3688.40990499833	a6	a10	a78	0
13	3695.95540361947	a6	a10
12	3696.02479138569	a6	a10	a66	0
13	3741.74873377939	a6	a10
12	3742.21410198318	a6	a10	a50	0
13	3742.21856901417	a6	a10
12	3742.22027944639	a6	a10	a68	0
13	3742.24034807994	a6	a10
12	3742.24169527428	a6	a10	a50	0
13	3742.24371260967	a6	a10
12	3742.24458493355	a6	a10	a70	0
13	3742.2651979055	a6	a10
12	3742.26591228485	a6	a10	a70	0
13	3742.27356965728	a6	a10
12	3742.27727184962	a6	a10	a72	0
13	3742.54782254987	a6	a10
12	3742.59659941781	a6	a10	a76	0
13	3742.59928136446	a6	a10
12	3742.64735456701	a6	a10	a80	0
13	3742.65017130222	a6	a10
12	3742.70570695221	a6	a10	a80	0
13	3742.70829903983	a6	a10
12	3742.78208851643	a6	a10	a50	0
13	3742.78403396459	a6	a10
12	3742.78564416942	a6	a10	a74	0
13	3742.78935776695	a6	a10
12	3742.79684095109	a6	a10	a76	0
13	3742.80848426305	a6	a10
12	3742.8802723024	a6	a10	a82	0
13	3742.8824880189	a6	a10
12	3742.88812598227	a6	a10	a80	0
13	3742.89051657828	a6	a10
12	3742.92017973774	a6	a10	a50	0
13	3742.93068460482	a6	a10
12	3742.93222292242	a6	a10	a52	0
13	3742.94865917719	a6	a10
12	3742.94944198765	a6	a10	a52	0
13	3742.95861106558	a6	a10
12	3742.95973914211	a6	a10	a54	0
13	3742.96694168957	a6	a10
12	3742.97569430542	a6	a10	a56	0
13	3743.73354399875	a6	a10
12	3744.1692822218	a6	a10	a58	0
13	3754.12357814255	a6	a10
12	3754.15817041583	a6	a10	a60	0
13	3758.4888195827	a6	a10
12	3758.49100350292	a6	a10	a60	0
13	3759.71127609729	a6	a10
12	3760.82050123888	a6	a10	a62	0
13	3761.22735773048	a6	a10
12	3762.69011528283	a6	a10	a64	0
13	3841.83459295055	a6	a10
12	3841.8661490252	a6	a10	a78	0
13	3842.04085158323	a6	a10
12	3842.07478235574	a6	a10	a78	0
13	3843.59821307574	a6	a10
12	3843.73041092664	a6	a10	a78	0
13	3850.29983096116	a6	a10
12	3850.37747780975	a6	a10	a66	0
13	3896.28820672833	a6	a10
12	3896.76531985391	a6	a10	a50	0
13	3896.77009067758	a6	a10
12	3896.77176378373	a6	a10	a68	0
13	3896.79189462738	a6	a10
12	3896.7932884793	a6	a10	a50	0
13	3896.79522874328	a6	a10
12	3896.79658976209	a6	a10	a70	0
13	3896.82181112021	a6	a10
12	3896.8224083372	a6	a10	a70	0
13	3896.83033044818	a6	a10
12	3896.83416639224	a6	a10	a72	0
13	3897.10394706966	a6	a10
12	3897.15193041317	a6	a10	a76	0
13	3897.15462618429	a6	a10
12	3897.20451834113	a6	a10	a80	0
13	3897.20714637236	a6	a10
12	3897.24308895047	a6	a10	a80	0
13	3897.24553242507	a6	a10
12	3897.31642256527	a6	a10	a50	0
13	3897.31800719483	a6	a10
12	3897.31922478479	a6	a10	a74	0
13	3897.3226864314	a6	a10
12	3897.34307579259	a6	a10	a76	0
13	3897.34537791201	a6	a10
12	3897.42051354611	a6	a10	a82	0
13	3897.42251290969	a6	a10
12	3897.42817610272	a6	a10	a80	0
13	3897.43073259233	a6	a10
12	3897.47911166122	a6	a10	a50	0
13	3897.48258816913	a6	a10
12	3897.48407568181	a6	a10	a52	0
13	3897.50278018605	a6	a10
12	3897.50334975411	a6	a10	a52	0
13	3897.51239026449	a6	a10
12	3897.51357744062	a6	a10	a54	0
13	3897.52140036105	a6	a10
12	3897.52981427745	a6	a10	a56	0
13	3898.23092697458	a6	a10
12	3898.67664542618	a6	a10	a58	0
13	3908.56833862926	a6	a10
12	3908.60296753737	a6	a10	a60	0
13	3912.86301653225	a6	a10
12	3912.86491981578	a6	a10	a60	0
13	3914.05067651706	a6	a10
12	3915.16312345075	a6	a10	a62	0
13	3915.54340620571	a6	a10
12	3917.24009862863	a6	a10	a64	0
13	3992.663227392	a6	a10
12	3992.69963205294	a6	a10	a78	0
13	3992.87659041842	a6	a10
12	3992.91291386061	a6	a10	a78	0
13	3994.52183543193	a6	a10
12	3994.67031228429	a6	a10	a78	0
13	4001.69719327292	a6	a10
12	4001.76877048915	a6	a10	a66	0
13	4047.22677022316	a6	a10
12	4047.69596642194	a6	a10	a50	0
13	4047.70031214323	a6	a10
12	4047.70187154314	a6	a10	a68	0
13	4047.72203833041	a6	a10
12	4047.72358597952	a6	a10	a50	0
13	4047.72569593884	a6	a10
12	4047.72657793986	a6	a10	a70	0
13	4047.74763640527	a6	a10
12	4047.74816173502	a6	a10	a70	0
13	4047.75560171771	a6	a10
12	4047.75889539704	a6	a10	a72	0
13	4048.02377426397	a6	a10
12	4048.07235620692	a6	a10	a76	0
13	4048.07479760784	a6	a10
12	4048.12377182005	a6	a10	a80	0
13	4048.1263798058	a6	a10
12	4048.16061540782	a6	a10	a80	0
13	4048.16309897337	a6	a10
12	4048.23609181504	a6	a10	a50	0
13	4048.23753094209	a6	a10
12	4048.23883493496	a6	a10	a74	0
13	4048.26328834393	a6	a10
12	4048.270828554	a6	a10	a76	0
13	4048.27307053698	a6	a10
12	4048.35790818223	a6	a10	a82	0
13	4048.35958785501	a6	a10
12	4048.36552339004	a6	a10	a80	0
13	4048.36755316745	a6	a10
12	4048.39787264349	a6	a10	a50	0
13	4048.40194394911	a6	a10
12	4048.40407499074	a6	a10	a52	0
13	4048.42158644346	a6	a10
12	4048.42221614794	a6	a10	a52	0
13	4048.43131161058	a6	a10
12	4048.43255028285	a6	a10	a54	0
13	4048.44004176168	a6	a10
12	4048.44901073044	a6	a10	a56	0
13	4049.17715509969	a6	a10
12	4049.64059306223	a6	a10	a58	0
13	4059.54259586179	a6	a10
12	4059.5782187491	a6	a10	a60	0
13	4063.59453996639	a6	a10
12	4063.59564143082	a6	a10	a60	0
13	4064.79546763807	a6	a10
12	4066.18965064849	a6	a10	a62	0
13	4066.58417536966	a6	a10
12	4068.04130014281	a6	a10	a64	0
13	4143.16162917986	a6	a10
12	4143.1965577333	a6	a10	a78	0
13	4143.42601209403	a6	a10
12	4143.46162876033	a6	a10	a78	0
13	4145.00772573128	a6	a10
12	4145.15611099654	a6	a10	a78	0
13	4152.3664661677	a6	a10
12	4152.44868200273	a6	a10	a66	0
13	4197.95486795431	a6	a10
12	4198.42656776412	a6	a10	a50	0
13	4198.43121727808	a6	a10
12	4198.43308047066	a6	a10	a68	0
13	4198.45342870406	a6	a10
12	4198.45525906353	a6	a10	a50	0
13	4198.45694599415	a6	a10
12	4198.45809930033	a6	a10	a70	0
13	4198.47878519635	a6	a10
12	4198.47949715641	a6	a10	a70	0
13	4198.48734357843	a6	a10
12	4198.49110348793	a6	a10	a72	0
13	4198.75828032693	a6	a10
12	4198.80632173321	a6	a10	a76	0
13	4198.82939407789	a6	a10
12	4198.87863855843	a6	a10	a80	0
13	4198.88130875429	a6	a10
12	4198.91593904485	a6	a10	a80	0
13	4198.91858297422	a6	a10
12	4198.98859007657	a6	a10	a50	0
13	4198.99008934005	a6	a10
12	4198.99155265991	a6	a10	a74	0
13	4198.99517985451	a6	a10
12	4199.00281718147	a6	a10	a76	0
13	4199.0051434937	a6	a10
12	4199.07845706302	a6	a10	a82	0
13	4199.08919521798	a6	a10
12	4199.09486912497	a6	a10	a80	0
13	4199.09701606474	a6	a10
12	4199.12653579536	a6	a10	a50	0
13	4199.13019997041	a6	a10
12	4199.13174969319	a6	a10	a52	0
13	4199.14930849471	a6	a10
12	4199.14983589814	a6	a10	a52	0
13	4199.15817481681	a6	a10
12	4199.15969619943	a6	a10	a54	0
13	4199.16688526803	a6	a10
12	4199.17645318184	a6	a10	a56	0
13	4199.94357978395	a6	a10
12	4200.38334922166	a6	a10	a58	0
13	4210.41909855807	a6	a10
12	4210.45120726579	a6	a10	a60	0
13	4214.40352742054	a6	a10
12	4214.40566917614	a6	a10	a60	0
13	4215.79347254052	a6	a10
12	4216.90890832403	a6	a10	a62	0
13	4217.28161699898	a6	a10
12	4218.74100069009	a6	a10	a64	0
13	4292.95187816062	a6	a10
12	4292.98452913308	a6	a10	a78	0
13	4293.20332966809	a6	a10
12	4293.23816663443	a6	a10	a78	0
13	4294.74594943991	a6	a10
12	4294.88043558575	a6	a10	a78	0
13	4301.77791990617	a6	a10
12	4301.84588651715	a6	a10	a66	0
13	4347.1220972712	a6	a10
12	4347.58168719328	a6	a10	a50	0
13	4347.58611309648	a6	a10
12	4347.5878000271	a6	a10	a68	0
13	4347.62793211003	a6	a10
12	4347.62927412019	a6	a10	a50	0
13	4347.63131772207	a6	a10
12	4347.63225985952	a6	a10	a70	0
13	4347.65574382771	a6	a10
12	4347.65651592421	a6	a10	a70	0
13	4347.6643022098	a6	a10
12	4347.66789346079	a6	a10	a72	0
13	4347.93968248769	a6	a10
12	4347.98915161583	a6	a10	a76	0
13	4347.99189991993	a6	a10
12	4348.03948581001	a6	a10	a80	0
13	4348.04167837052	a6	a10
12	4348.07555833811	a6	a10	a80	0
13	4348.07815560991	a6	a10
12	4348.14936474969	a6	a10	a50	0
13	4348.15114119374	a6	a10
12	4348.15261833807	a6	a10	a74	0
13	4348.15572642392	a6	a10
12	4348.16376569726	a6	a10	a76	0
13	4348.16653093633	a6	a10
12	4348.23979715685	a6	a10	a82	0
13	4348.24160436034	a6	a10
12	4348.24738056838	a6	a10	a80	0
13	4348.24964156001	a6	a10
12	4348.29542232027	a6	a10	a50	0
13	4348.29906230251	a6	a10
12	4348.30111212539	a6	a10	a52	0
13	4348.32090115909	a6	a10
12	4348.32156888087	a6	a10	a52	0
13	4348.33066849085	a6	a10
12	4348.34251018391	a6	a10	a54	0
13	4348.34973934347	a6	a10
12	4348.35897823496	a6	a10	a56	0
13	4349.08319783794	a6	a10
12	4349.52551305131	a6	a10	a58	0
13	4359.47350432375	a6	a10
12	4359.50787817044	a6	a10	a60	0
13	4363.57008244905	a6	a10
12	4363.57209460026	a6	a10	a60	0
13	4364.9416489766	a6	a10
12	4366.06142529723	a6	a10	a62	0
13	4366.43894592363	a6	a10
12	4367.89399115129	a6	a10	a64	0
13	4442.28881974847	a6	a10
12	4442.32280201712	a6	a10	a78	0
13	4442.50412373009	a6	a10
12	4442.53965399347	a6	a10	a78	0
13	4443.98795011619	a6	a10
12	4444.13377992868	a6	a10	a78	0
13	4450.8281942298	a6	a10
12	4450.90106990912	a6	a10	a66	0
13	4496.42924160225	a6	a10
12	4496.9104008038	a6	a10	a50	0
13	4496.91437499254	a6	a10
12	4496.91575916732	a6	a10	a68	0
13	4496.9358077554	a6	a10
12	4496.93704331716	a6	a10	a50	0
13	4496.95374638415	a6	a10
12	4496.95459451522	a6	a10	a70	0
13	4496.97505680048	a6	a10
12	4496.97577740084	a6	a10	a70	0
13	4496.98325332714	a6	a10
12	4496.98746287743	a6	a10	a72	0
13	4497.25572528272	a6	a10
12	4497.30488301473	a6	a10	a76	0
13	4497.30777785818	a6	a10
12	4497.36797339049	a6	a10	a80	0
13	4497.37054785191	a6	a10
12	4497.40493828796	a6	a10	a80	0
13	4497.4077764511	a6	a10
12	4497.47965642315	a6	a10	a50	0
13	4497.48158597318	a6	a10
12	4497.48304099836	a6	a10	a74	0
13	4497.49825551583	a6	a10
12	4497.50609640807	a6	a10	a76	0
13	4497.50837295222	a6	a10
12	4497.58116257423	a6	a10	a82	0
13	4497.58340766771	a6	a10
12	4497.58912996034	a6	a10	a80	0
13	4497.59154613161	a6	a10
12	4497.62090307912	a6	a10	a50	0
13	4497.62475077398	a6	a10
12	4497.62636063319	a6	a10	a52	0
13	4497.64263030313	a6	a10
12	4497.64319883435	a6	a10	a52	0
13	4497.65247263262	a6	a10
12	4497.65383261459	a6	a10	a54	0
13	4497.66079150581	a6	a10
12	4497.66910623166	a6	a10	a56	0
13	4498.39727721301	a6	a10
12	4498.82914942378	a6	a10	a58	0
13	4508.78092203364	a6	a10
12	4508.81380836765	a6	a10	a60	0
13	4513.09802598747	a6	a10
12	4513.09981832965	a6	a10	a60	0
13	4514.47958967853	a6	a10
12	4515.59881405731	a6	a10	a62	0
13	4515.98027120077	a6	a10
12	4517.44202647924	a6	a10	a64	0
13	4593.07206673575	a6	a10
12	4593.10719989131	a6	a10	a78	0
13	4593.28613550122	a6	a10
12	4593.32187762456	a6	a10	a78	0
13	4594.86785017531	a6	a10
12	4595.00743547591	a6	a10	a78	0
13	4601.94544000118	a6	a10
12	4602.0138013007	a6	a10	a66	0
13	4647.43880203129	a6	a10
12	4647.89693001595	a6	a10	a50	0
13	4647.9014371379	a6	a10
12	4647.90284032133	a6	a10	a68	0
13	4647.92350617187	a6	a10
12	4647.92478044214	a6	a10	a50	0
13	4647.92703832326	a6	a10
12	4647.92809313011	a6	a10	a70	0
13	4647.94753102235	a6	a10
12	4647.94837915341	a6	a10	a70	0
13	4647.95623490695	a6	a10
12	4647.98337129941	a6	a10	a72	0
13	4648.25469202248	a6	a10
12	4648.3037139291	a6	a10	a76	0
13	4648.3230028627	a6	a10
12	4648.38465860436	a6	a10	a80	0
13	4648.38747533957	a6	a10
12	4648.42232094621	a6	a10	a80	0
13	4648.42495416161	a6	a10
12	4648.49526540225	a6	a10	a50	0
13	4648.49692917688	a6	a10
12	4648.49826358359	a6	a10	a74	0
13	4648.50148986864	a6	a10
12	4648.50930034705	a6	a10	a76	0
13	4648.51187653653	a6	a10
12	4648.58399912799	a6	a10	a82	0
13	4648.58572303906	a6	a10
12	4648.59132333076	a6	a10	a80	0
13	4648.5937889245	a6	a10
12	4648.62346867332	a6	a10	a50	0
13	4648.62727109305	a6	a10
12	4648.62874167076	a6	a10	a52	0
13	4648.64542711155	a6	a10
12	4648.64623722534	a6	a10	a52	0
13	4648.65503822682	a6	a10
12	4648.65674105558	a6	a10	a54	0
13	4648.66407147936	a6	a10
12	4648.67266580506	a6	a10	a56	0
13	4649.36548278499	a6	a10
12	4649.79858433651	a6	a10	a58	0
13	4659.67223211682	a6	a10
12	4659.70427757761	a6	a10	a60	0
13	4664.09951119955	a6	a10
12	4664.10146390555	a6	a10	a60	0
13	4665.31738352078	a6	a10
12	4668.16650427363	a6	a10	a62	0
13	4668.56234646653	a6	a10
12	4670.01950199912	a6	a10	a64	0
13	4747.17476358976	a6	a10
12	4747.20658405734	a6	a10	a78	0
13	4747.4351933975	a6	a10
12	4747.46750774418	a6	a10	a78	0
13	4749.17867818608	a6	a10
12	4749.32344455141	a6	a10	a78	0
13	4756.52232645155	a6	a10
12	4756.58995125258	a6	a10	a66	0
13	4811.7369063032	a6	a10
12	4812.15732667088	a6	a10	a50	0
13	4812.16145603926	a6	a10
12	4812.16270922722	a6	a10	a68	0
13	4812.18275470479	a6	a10
12	4812.18458506426	a6	a10	a50	0
13	4812.18626058969	a6	a10
12	4812.1871394802	a6	a10	a70	0
13	4812.21736909721	a6	a10
12	4812.21770675982	a6	a10	a70	0
13	4812.22548751563	a6	a10
12	4812.22851956692	a6	a10	a72	0
13	4812.51754701331	a6	a10
12	4812.56572148008	a6	a10	a76	0
13	4812.58774316525	a6	a10
12	4812.63834728215	a6	a10	a80	0
13	4812.64141942439	a6	a10
12	4812.67593255259	a6	a10	a80	0
13	4812.67829688211	a6	a10
12	4812.74956270221	a6	a10	a50	0
13	4812.7514766997	a6	a10
12	4812.75335129747	a6	a10	a74	0
13	4812.75657136151	a6	a10
12	4812.76417585536	a6	a10	a76	0
13	4812.77519983118	a6	a10
12	4812.85055285504	a6	a10	a82	0
13	4812.85250037687	a6	a10
12	4812.85848879048	a6	a10	a80	0
13	4812.86069275618	a6	a10
12	4812.89025465142	a6	a10	a50	0
13	4812.8936917596	a6	a10
12	4812.89496222815	a6	a10	a52	0
13	4812.91434067517	a6	a10
12	4812.91503708271	a6	a10	a52	0
13	4812.92365041705	a6	a10
12	4812.92507883013	a6	a10	a54	0
13	4812.93255268276	a6	a10
12	4812.94138548053	a6	a10	a56	0
13	4813.90407990914	a6	a10
12	4814.36011556067	a6	a10	a58	0
13	4824.4705543465	a6	a10
12	4824.50333941629	a6	a10	a60	0
13	4828.51988217067	a6	a10
12	4828.52148166153	a6	a10	a60	0
13	4829.73883072668	a6	a10
12	4830.90814806268	a6	a10	a62	0
13	4831.27321837384	a6	a10
12	4832.72662816702	a6	a10	a64	0
13	4908.39631423082	a6	a10
12	4908.42868664026	a6	a10	a78	0
13	4908.65765541657	a6	a10
12	4908.69223179171	a6	a10	a78	0
13	4910.28332152829	a6	a10
12	4910.42642619266	a6	a10	a78	0
13	4917.62976337299	a6	a10
12	4917.69769334914	a6	a10	a66	0
13	4962.41057952591	a6	a10
12	4962.8822136695	a6	a10	a50	0
13	4962.88609834481	a6	a10
12	4962.88754265603	a6	a10	a68	0
13	4962.90858314963	a6	a10
12	4962.91006340447	a6	a10	a50	0
13	4962.92605209211	a6	a10
12	4962.92716219684	a6	a10	a70	0
13	4962.95132218148	a6	a10
12	4962.95193080365	a6	a10	a70	0
13	4962.95926537477	a6	a10
12	4962.96280616646	a6	a10	a72	0
13	4963.22697169088	a6	a10
12	4963.27551354287	a6	a10	a76	0
13	4963.27808351134	a6	a10
12	4963.32509948775	a6	a10	a80	0
13	4963.32789030209	a6	a10
12	4963.37514993474	a6	a10	a80	0
13	4963.37765561944	a6	a10
12	4963.50909277902	a6	a10	a50	0
13	4963.51075551682	a6	a10
12	4963.51254060116	a6	a10	a74	0
13	4963.51576688622	a6	a10
12	4963.55245322067	a6	a10	a76	0
13	4963.55486835511	a6	a10
12	4963.64384366342	a6	a10	a82	0
13	4963.64593910705	a6	a10
12	4963.65198869393	a6	a10	a80	0
13	4963.65408275512	a6	a10
12	4963.70988210682	a6	a10	a50	0
13	4963.71360088852	a6	a10
12	4963.71482469949	a6	a10	a52	0
13	4963.73243741643	a6	a10
12	4963.7330104406	a6	a10	a52	0
13	4963.74173644435	a6	a10
12	4963.74317453456	a6	a10	a54	0
13	4963.76499645618	a6	a10
12	4963.77387660274	a6	a10	a56	0
13	4964.64901895195	a6	a10
12	4965.09420274228	a6	a10	a58	0
13	4975.0965310834	a6	a10
12	4975.12826307439	a6	a10	a60	0
13	4979.14328237247	a6	a10
12	4979.14488912118	a6	a10	a60	0
13	4980.3867686667	a6	a10
12	4981.50270800644	a6	a10	a62	0
13	4981.86689009558	a6	a10
12	4983.28614550548	a6	a10	a64	0
13	5058.07132176104	a6	a10
12	5058.10612900478	a6	a10	a78	0
13	5058.33291109598	a6	a10
12	5058.37941971444	a6	a10	a78	0
13	5059.88355216933	a6	a10
12	5060.01673121179	a6	a10	a78	0
13	5066.51882678184	a6	a10
12	5066.60976343644	a6	a10	a66	0
13	5111.0018566515	a6	a10
12	5111.46852504644	a6	a10	a50	0
13	5111.47263436935	a6	a10
12	5111.47418409213	a6	a10	a68	0
13	5111.49387393528	a6	a10
12	5111.49506422191	a6	a10	a50	0
13	5111.49728512258	a6	a10
12	5111.49818820591	a6	a10	a70	0
13	5111.51807435649	a6	a10
12	5111.51869991363	a6	a10	a70	0
13	5111.52620210642	a6	a10
12	5111.52970488082	a6	a10	a72	0
13	5111.79755980995	a6	a10
12	5111.84586941089	a6	a10	a76	0
13	5111.84856414517	a6	a10
12	5111.89697604717	a6	a10	a80	0
13	5111.8998909361	a6	a10
12	5111.93338692912	a6	a10	a80	0
13	5111.93663844383	a6	a10
12	5112.00685256758	a6	a10	a50	0
13	5112.00881806121	a6	a10
12	5112.0102644461	a6	a10	a74	0
13	5112.03104020116	a6	a10
12	5112.03848329435	a6	a10	a76	0
13	5112.04073149834	a6	a10
12	5112.11596010199	a6	a10	a82	0
13	5112.11847546381	a6	a10
12	5112.12399108065	a6	a10	a80	0
13	5112.1265842051	a6	a10
12	5112.15590140727	a6	a10	a50	0
13	5112.16003595982	a6	a10
12	5112.16157842476	a6	a10	a52	0
13	5112.17812423843	a6	a10
12	5112.17868136446	a6	a10	a52	0
13	5112.18813246153	a6	a10
12	5112.18932551305	a6	a10	a54	0
13	5112.19643543658	a6	a10
12	5112.2053881616	a6	a10	a56	0
13	5112.95839548965	a6	a10
12	5113.41170288257	a6	a10	a58	0
13	5123.34874414008	a6	a10
12	5123.38136884605	a6	a10	a60	0
13	5127.40695211081	a6	a10
12	5127.40832280674	a6	a10	a60	0
13	5128.62869459166	a6	a10
12	5129.74687142143	a6	a10	a62	0
13	5130.1053771843	a6	a10
12	5131.56515867445	a6	a10	a64	0
13	5207.99608004363	a6	a10
12	5208.03134003867	a6	a10	a78	0
13	5208.25375083331	a6	a10
12	5208.28821868638	a6	a10	a78	0
13	5209.84675456739	a6	a10
12	5209.99556562624	a6	a10	a78	0
13	5216.7519246004	a6	a10
12	5216.822720043	a6	a10	a66	0
13	5261.07415310512	a6	a10
12	5261.56384062054	a6	a10	a50	0
13	5261.56787840183	a6	a10
12	5261.56931649204	a6	a10	a68	0
13	5261.5894535567	a6	a10
12	5261.59094106938	a6	a10	a50	0
13	5261.59277903231	a6	a10
12	5261.59392473503	a6	a10	a70	0
13	5261.6138931412	a6	a10
12	5261.61455360512	a6	a10	a70	0
13	5261.62251269655	a6	a10
12	5261.63980364901	a6	a10	a72	0
13	5261.9089974778	a6	a10
12	5261.95929261785	a6	a10	a76	0
13	5261.96169289099	a6	a10
12	5262.01038439284	a6	a10	a80	0
13	5262.02648713234	a6	a10
12	5262.06136626331	a6	a10	a80	0
13	5262.06406929227	a6	a10
12	5262.13442269753	a6	a10	a50	0
13	5262.13589016473	a6	a10
12	5262.13724599936	a6	a10	a74	0
13	5262.14059877829	a6	a10
12	5262.14841962505	a6	a10	a76	0
13	5262.1506754325	a6	a10
12	5262.22346470889	a6	a10	a82	0
13	5262.22528470001	a6	a10
12	5262.23113037601	a6	a10	a80	0
13	5262.23321095833	a6	a10
12	5262.26242136649	a6	a10	a50	0
13	5262.26613842013	a6	a10
12	5262.26762696965	a6	a10	a52	0
13	5262.28432485246	a6	a10
12	5262.2848819785	a6	a10	a52	0
13	5262.3089638549	a6	a10
12	5262.31016554672	a6	a10	a54	0
13	5262.31769953578	a6	a10
12	5262.32687518033	a6	a10	a56	0
13	5263.07935164884	a6	a10
12	5263.52426620767	a6	a10	a58	0
13	5273.49815416346	a6	a10
12	5273.53264309884	a6	a10	a60	0
13	5277.61017283628	a6	a10
12	5277.61191264548	a6	a10	a60	0
13	5278.81238238168	a6	a10
12	5279.94896303353	a6	a10	a62	0
13	5280.34623813247	a6	a10
12	5281.78573843788	a6	a10	a64	0
13	5357.62217868224	a6	a10
12	5357.65756206066	a6	a10	a78	0
13	5357.88563639393	a6	a10
12	5357.92143450637	a6	a10	a78	0
13	5359.43516978185	a6	a10
12	5359.5812000491	a6	a10	a78	0
13	5367.08419672801	a6	a10
12	5367.15694936956	a6	a10	a66	0
13	5411.21014095321	a6	a10
12	5411.68344751173	a6	a10	a50	0
13	5411.6883310048	a6	a10
12	5411.6898872942	a6	a10	a68	0
13	5411.72407105447	a6	a10
12	5411.72562630704	a6	a10	a50	0
13	5411.7274653068	a6	a10
12	5411.72824604359	a6	a10	a70	0
13	5411.74980218982	a6	a10
12	5411.75034549139	a6	a10	a70	0
13	5411.75786772965	a6	a10
12	5411.76131140445	a6	a10	a72	0
13	5412.03403531096	a6	a10
12	5412.08255089646	a6	a10	a76	0
13	5412.08533825468	a6	a10
12	5412.13316780099	a6	a10	a80	0
13	5412.13610688274	a6	a10
12	5412.18718932621	a6	a10	a80	0
13	5412.189786598	a6	a10
12	5412.25971179038	a6	a10	a50	0
13	5412.26141669281	a6	a10
12	5412.26302758886	a6	a10	a74	0
13	5412.26664856246	a6	a10
12	5412.27436399765	a6	a10	a76	0
13	5412.27666922757	a6	a10
12	5412.36085366674	a6	a10	a82	0
13	5412.36251951505	a6	a10
12	5412.36829364942	a6	a10	a80	0
13	5412.37054634637	a6	a10
12	5412.3995815294	a6	a10	a50	0
13	5412.40321079768	a6	a10
12	5412.40452654135	a6	a10	a52	0
13	5412.42273612967	a6	a10
12	5412.42326802605	a6	a10	a52	0
13	5412.43204587155	a6	a10
12	5412.43304054197	a6	a10	a54	0
13	5412.44060632731	a6	a10
12	5412.44890930236	a6	a10	a56	0
13	5413.1687223564	a6	a10
12	5413.61358749275	a6	a10	a58	0
13	5423.50224518842	a6	a10
12	5423.53445516037	a6	a10	a60	0
13	5427.52324771595	a6	a10
12	5427.52479018089	a6	a10	a60	0
13	5428.73398073666	a6	a10
12	5429.9032251486	a6	a10	a62	0
13	5430.29416034683	a6	a10
12	5431.73727229433	a6	a10	a64	0
13	5505.99622815159	a6	a10
12	5506.02584810959	a6	a10	a78	0
13	5506.24169366472	a6	a10
12	5506.2763512586	a6	a10	a78	0
13	5507.78143829295	a6	a10
12	5507.9122205184	a6	a10	a78	0
13	5515.02410573711	a6	a10
12	5515.09225725034	a6	a10	a66	0
13	5559.29996386804	a6	a10
12	5559.77074746128	a6	a10	a50	0
13	5559.77514606116	a6	a10
12	5559.77657240057	a6	a10	a68	0
13	5559.79709274859	a6	a10
12	5559.79860134359	a6	a10	a50	0
13	5559.8007050819	a6	a10
12	5559.80166726482	a6	a10	a70	0
13	5559.82250073703	a6	a10
12	5559.82313286079	a6	a10	a70	0
13	5559.8308427662	a6	a10
12	5559.83434139326	a6	a10	a72	0
13	5560.10123206579	a6	a10
12	5560.14986343121	a6	a10	a76	0
13	5560.1523217671	a6	a10
12	5560.20075578825	a6	a10	a80	0
13	5560.20408126386	a6	a10
12	5560.23870395096	a6	a10	a80	0
13	5560.24135099084	a6	a10
12	5560.31141961207	a6	a10	a50	0
13	5560.31318465093	a6	a10
12	5560.31443161788	a6	a10	a74	0
13	5560.31779718444	a6	a10
12	5560.32499247405	a6	a10	a76	0
13	5560.35442338246	a6	a10
12	5560.42935234078	a6	a10	a82	0
13	5560.43132301859	a6	a10
12	5560.43731246905	a6	a10	a80	0
13	5560.43986342887	a6	a10
12	5560.47033462845	a6	a10	a50	0
13	5560.47402195949	a6	a10
12	5560.47548735302	a6	a10	a52	0
13	5560.49406847389	a6	a10
12	5560.49472893782	a6	a10	a52	0
13	5560.50333916166	a6	a10
12	5560.50472126277	a6	a10	a54	0
13	5560.51197461515	a6	a10
12	5560.52099819056	a6	a10	a56	0
13	5561.25617022775	a6	a10
12	5561.7005795023	a6	a10	a58	0
13	5571.62077633764	a6	a10
12	5571.65371105729	a6	a10	a60	0
13	5575.66560637137	a6	a10
12	5575.66748442526	a6	a10	a60	0
13	5576.88031392644	a6	a10
12	5578.09893346013	a6	a10	a62	0
13	5578.47404448188	a6	a10
12	5579.9076220399	a6	a10	a64	0
13	5656.09483775063	a6	a10
12	5656.12763007827	a6	a10	a78	0
13	5656.30856263248	a6	a10
12	5656.3497477942	a6	a10	a78	0
13	5657.91683238017	a6	a10
12	5658.06020731287	a6	a10	a78	0
13	5664.71616021794	a6	a10
12	5664.78475584218	a6	a10	a66	0
13	5708.94569843438	a6	a10
12	5709.42671075097	a6	a10	a50	0
13	5709.43108584926	a6	a10
12	5709.43248592218	a6	a10	a68	0
13	5709.45368574277	a6	a10
12	5709.4554528553	a6	a10	a50	0
13	5709.45730982687	a6	a10
12	5709.45822120487	a6	a10	a70	0
13	5709.47829087526	a6	a10
12	5709.47894615501	a6	a10	a70	0
13	5709.48642208131	a6	a10
12	5709.48987405079	a6	a10	a72	0
13	5709.77007837655	a6	a10
12	5709.81809870051	a6	a10	a76	0
13	5709.82073848254	a6	a10
12	5709.8694510667	a6	a10	a80	0
13	5709.87222356362	a6	a10
12	5709.90534525918	a6	a10	a80	0
13	5709.90784126675	a6	a10
12	5709.97701820984	a6	a10	a50	0
13	5709.97862081121	a6	a10
12	5709.97993862856	a6	a10	a74	0
13	5709.98311514553	a6	a10
12	5709.99047079896	a6	a10	a76	0
13	5709.99296611531	a6	a10
12	5710.06548961632	a6	a10	a82	0
13	5710.06740637871	a6	a10
12	5710.07317532891	a6	a10	a80	0
13	5710.07549853064	a6	a10
12	5710.10397693325	a6	a10	a50	0
13	5710.10775066721	a6	a10
12	5710.10918875742	a6	a10	a52	0
13	5710.12577569889	a6	a10
12	5710.1263708422	a6	a10	a52	0
13	5710.14859056286	a6	a10
12	5710.15000031292	a6	a10	a54	0
13	5710.15708673485	a6	a10
12	5710.16587080136	a6	a10	a56	0
13	5710.89978239275	a6	a10
12	5711.33186162492	a6	a10	a58	0
13	5721.34662749365	a6	a10
12	5721.3786570563	a6	a10	a60	0
13	5725.37601525181	a6	a10
12	5725.37801254172	a6	a10	a60	0
13	5726.65225067221	a6	a10
12	5727.77564900328	a6	a10	a62	0
13	5728.18206656804	a6	a10
12	5729.60301374713	a6	a10	a64	0
13	5808.07848085883	a6	a10
12	5808.11095556932	a6	a10	a78	0
13	5808.3313407339	a6	a10
12	5808.37152673225	a6	a10	a78	0
13	5809.92356891536	a6	a10
12	5810.05734413798	a6	a10	a78	0
13	5817.11927187925	a6	a10
12	5817.18832543897	a6	a10	a66	0
13	5861.32836267173	a6	a10
12	5861.79635683308	a6	a10	a50	0
13	5861.8010581888	a6	a10
12	5861.80269224083	a6	a10	a68	0
13	5861.82257631774	a6	a10
12	5861.82375796409	a6	a10	a50	0
13	5861.82600616808	a6	a10
12	5861.82709415365	a6	a10	a70	0
13	5861.84712580676	a6	a10
12	5861.84792866269	a6	a10	a70	0
13	5861.85525804964	a6	a10
12	5861.87563980738	a6	a10	a72	0
13	5862.14609788369	a6	a10
12	5862.19507313273	a6	a10	a76	0
13	5862.19746683924	a6	a10
12	5862.24667744984	a6	a10	a80	0
13	5862.24974751842	a6	a10
12	5862.28481673581	a6	a10	a80	0
13	5862.28721908261	a6	a10
12	5862.37381761938	a6	a10	a50	0
13	5862.37584843363	a6	a10
12	5862.37731693767	a6	a10	a74	0
13	5862.38065312723	a6	a10
12	5862.38851302811	a6	a10	a76	0
13	5862.39111582969	a6	a10
12	5862.46621344651	a6	a10	a82	0
13	5862.46843745769	a6	a10
12	5862.47464844523	a6	a10	a80	0
13	5862.47695160148	a6	a10
12	5862.50648066361	a6	a10	a50	0
13	5862.50981028655	a6	a10
12	5862.51178753099	a6	a10	a52	0
13	5862.52830811501	a6	a10
12	5862.52880510461	a6	a10	a52	0
13	5862.53789711113	a6	a10
12	5862.53927091757	a6	a10	a54	0
13	5862.54679834001	a6	a10
12	5862.55571131968	a6	a10	a56	0
13	5863.37034985097	a6	a10
12	5863.80710071625	a6	a10	a58	0
13	5873.61979469222	a6	a10
12	5873.65179142176	a6	a10	a60	0
13	5877.63386044768	a6	a10
12	5877.63566039332	a6	a10	a60	0
13	5879.00350157254	a6	a10
12	5880.1246071157	a6	a10	a62	0
13	5880.49727051552	a6	a10
12	5881.95406903125	a6	a10	a64	0
13	5956.44732092329	a6	a10
12	5956.47968780294	a6	a10	a78	0
13	5956.70515207679	a6	a10
12	5956.73762471362	a6	a10	a78	0
13	5958.22532298741	a6	a10
12	5958.36439954762	a6	a10	a78	0
13	5965.29173780515	a6	a10
12	5965.3710166321	a6	a10	a66	0
13	6009.75578391633	a6	a10
12	6010.22610888287	a6	a10	a50	0
13	6010.23089007488	a6	a10
12	6010.23237344022	a6	a10	a68	0
13	6010.25297189648	a6	a10
12	6010.25452161926	a6	a10	a50	0
13	6010.25662432074	a6	a10
12	6010.25754952321	a6	a10	a70	0
13	6010.27995414612	a6	a10
12	6010.28070101297	a6	a10	a70	0
13	6010.28801968595	a6	a10
12	6010.2913493089	a6	a10	a72	0
13	6010.56332531172	a6	a10
12	6010.61189757754	a6	a10	a76	0
13	6010.61453113856	a6	a10
12	6010.66310133071	a6	a10	a80	0
13	6010.66597716552	a6	a10
12	6010.71726835844	a6	a10	a80	0
13	6010.72035639883	a6	a10
12	6010.79228060918	a6	a10	a50	0
13	6010.79384415643	a6	a10
12	6010.7951599001	a6	a10	a74	0
13	6010.79809898185	a6	a10
12	6010.80563504458	a6	a10	a76	0
13	6010.80797414445	a6	a10
12	6010.88341253438	a6	a10	a82	0
13	6010.88561027907	a6	a10
12	6010.89134432249	a6	a10	a80	0
13	6010.89359148965	a6	a10
12	6010.92286618158	a6	a10	a50	0
13	6010.92694820116	a6	a10
12	6010.92861301263	a6	a10	a52	0
13	6010.9449870573	a6	a10
12	6010.94559256897	a6	a10	a52	0
13	6010.95407491649	a6	a10
12	6010.95526831362	a6	a10	a54	0
13	6010.96364421274	a6	a10
12	6010.9719471878	a6	a10	a56	0
13	6011.73789110673	a6	a10
12	6012.15080582551	a6	a10	a58	0
13	6022.1585326211	a6	a10
12	6022.1903859218	a6	a10	a60	0
13	6026.20002162671	a6	a10
12	6026.20122642903	a6	a10	a60	0
13	6027.42258804581	a6	a10
12	6028.56764378733	a6	a10	a62	0
13	6028.9731710564	a6	a10
12	6030.43219807625	a6	a10	a64	0
13	6107.91614639942	a6	a10
12	6107.95168806799	a6	a10	a78	0
13	6108.134011018	a6	a10
12	6108.17158280958	a6	a10	a78	0
13	6109.70903292186	a6	a10
12	6109.85266395282	a6	a10	a78	0
13	6116.6281736159	a6	a10
12	6116.69823878101	a6	a10	a66	0
13	6160.78218358336	a6	a10
12	6161.24302600218	a6	a10	a50	0
13	6161.24739487945	a6	a10
12	6161.24902374731	a6	a10	a68	0
13	6161.26902809709	a6	a10
12	6161.2705283974	a6	a10	a50	0
13	6161.27298638768	a6	a10
12	6161.27388739734	a6	a10	a70	0
13	6161.29320294304	a6	a10
12	6161.29389071028	a6	a10	a70	0
13	6161.30156812819	a6	a10
12	6161.30509509541	a6	a10	a72	0
13	6161.58616552404	a6	a10
12	6161.63492960435	a6	a10	a76	0
13	6161.65019181623	a6	a10
12	6161.69882318165	a6	a10	a80	0
13	6161.70127909826	a6	a10
12	6161.73486909766	a6	a10	a80	0
13	6161.73752132171	a6	a10
12	6161.80860258517	a6	a10	a50	0
13	6161.8108932994	a6	a10
12	6161.81215512765	a6	a10	a74	0
13	6161.81527669237	a6	a10
12	6161.8226589579	a6	a10	a76	0
13	6161.83399294741	a6	a10
12	6161.90792896336	a6	a10	a82	0
13	6161.91742015138	a6	a10
12	6161.92350982922	a6	a10	a80	0
13	6161.92568718282	a6	a10
12	6161.9549515064	a6	a10	a50	0
13	6161.95873388065	a6	a10
12	6161.96039765529	a6	a10	a52	0
13	6161.97721166363	a6	a10
12	6161.97794055867	a6	a10	a52	0
13	6161.98659813131	a6	a10
12	6161.98782712645	a6	a10	a54	0
13	6161.9954319659	a6	a10
12	6162.00419287644	a6	a10	a56	0
13	6162.76897312083	a6	a10
12	6163.2028035674	a6	a10	a58	0
13	6173.0578218412	a6	a10
12	6173.08831204942	a6	a10	a60	0
13	6177.2565665815	a6	a10
12	6177.2587145581	a6	a10	a60	0
13	6178.59181796153	a6	a10
12	6179.72201378316	a6	a10	a62	0
13	6180.11083591157	a6	a10
12	6181.5697616672	a6	a10	a64	0
13	6258.22296733714	a6	a10
12	6258.25793598154	a6	a10	a78	0
13	6258.48883050614	a6	a10
12	6258.52551891427	a6	a10	a78	0
13	6260.06786115991	a6	a10
12	6260.21317186364	a6	a10	a78	0
13	6267.50665666711	a6	a10
12	6267.58052321512	a6	a10	a66	0
13	6312.40093886337	a6	a10
12	6312.87104747699	a6	a10	a50	0
13	6312.87543951025	a6	a10
12	6312.87708634991	a6	a10	a68	0
13	6312.89753895804	a6	a10
12	6312.89899813057	a6	a10	a50	0
13	6312.90097952234	a6	a10
12	6312.90197004542	a6	a10	a70	0
13	6312.9216104661	a6	a10
12	6312.92238601871	a6	a10	a70	0
13	6312.92968464622	a6	a10
12	6312.93290229098	a6	a10	a72	0
13	6313.19516902482	a6	a10
12	6313.24287207726	a6	a10	a76	0
13	6313.2458851199	a6	a10
12	6313.29412732657	a6	a10	a80	0
13	6313.29716248836	a6	a10
12	6313.33158368385	a6	a10	a80	0
13	6313.33433959141	a6	a10
12	6313.41730678623	a6	a10	a50	0
13	6313.41883335303	a6	a10
12	6313.42045703671	a6	a10	a74	0
13	6313.42388792388	a6	a10
12	6313.43174886159	a6	a10	a76	0
13	6313.43418715201	a6	a10
12	6313.50754495962	a6	a10	a82	0
13	6313.50919940275	a6	a10
12	6313.51470776174	a6	a10	a80	0
13	6313.51719651146	a6	a10
12	6313.54592686499	a6	a10	a50	0
13	6313.56307853595	a6	a10
12	6313.56437077803	a6	a10	a52	0
13	6313.58476013922	a6	a10
12	6313.5853511352	a6	a10	a52	0
13	6313.59430731633	a6	a10
12	6313.59568077716	a6	a10	a54	0
13	6313.60319679441	a6	a10
12	6313.61998108015	a6	a10	a56	0
13	6314.36821758454	a6	a10
12	6314.79904466558	a6	a10	a58	0
13	6324.72587620839	a6	a10
12	6324.75888488894	a6	a10	a60	0
13	6328.75668961474	a6	a10
12	6328.75845880094	a6	a10	a60	0
13	6329.99936579519	a6	a10
12	6331.12265836907	a6	a10	a62	0
13	6331.52062952994	a6	a10
12	6332.97258049621	a6	a10	a64	0
13	6408.51790441717	a6	a10
12	6408.54904644902	a6	a10	a78	0
13	6408.76964278233	a6	a10
12	6408.80143802026	a6	a10	a78	0
13	6410.35233553748	a6	a10
12	6410.48516654898	a6	a10	a78	0
13	6416.97170993894	a6	a10
12	6417.04046177966	a6	a10	a66	0
13	6461.01799032577	a6	a10
12	6461.49332769853	a6	a10	a50	0
13	6461.49744738979	a6	a10
12	6461.49909422945	a6	a10	a68	0
13	6461.51971480486	a6	a10
12	6461.52119920704	a6	a10	a50	0
13	6461.52326389123	a6	a10
12	6461.52436017148	a6	a10	a70	0
13	6461.56102646046	a6	a10
12	6461.56186940735	a6	a10	a70	0
13	6461.57000683441	a6	a10
12	6461.57347988621	a6	a10	a72	0
13	6461.84426594801	a6	a10
12	6461.89389751364	a6	a10	a76	0
13	6461.89664892824	a6	a10
12	6461.94472213079	a6	a10	a80	0
13	6461.94740200377	a6	a10
12	6461.98145512282	a6	a10	a80	0
13	6461.98432369979	a6	a10
12	6462.05397620455	a6	a10	a50	0
13	6462.05559470406	a6	a10
12	6462.05701171196	a6	a10	a74	0
13	6462.06024525486	a6	a10
12	6462.06759883462	a6	a10	a76	0
13	6462.0699769886	a6	a10
12	6462.14325461431	a6	a10	a82	0
13	6462.14530028985	a6	a10
12	6462.15107131372	a6	a10	a80	0
13	6462.15326491107	a6	a10
12	6462.18271275445	a6	a10	a50	0
13	6462.1862701355	a6	a10
12	6462.18774520616	a6	a10	a52	0
13	6462.20430069696	a6	a10
12	6462.20509594944	a6	a10	a52	0
13	6462.21390870173	a6	a10
12	6462.21502710113	a6	a10	a54	0
13	6462.22313791609	a6	a10
12	6462.23136727585	a6	a10	a56	0
13	6462.93658307488	a6	a10
12	6463.37744844723	a6	a10	a58	0
13	6473.38465302358	a6	a10
12	6473.41680804327	a6	a10	a60	0
13	6477.48531938947	a6	a10
12	6477.48724686582	a6	a10	a60	0
13	6478.69739442035	a6	a10
12	6479.82229097805	a6	a10	a62	0
13	6480.23223551004	a6	a10
12	6481.6984875421	a6	a10	a64	0
13	6556.04657077681	a6	a10
12	6556.07976194033	a6	a10	a78	0
13	6556.25787741372	a6	a10
12	6556.29158042813	a6	a10	a78	0
13	6557.76756903251	a6	a10
12	6557.89680326323	a6	a10	a78	0
13	6564.48168147147	a6	a10
12	6564.5487208063	a6	a10	a66	0
13	6608.47593935105	a6	a10
12	6608.94179936027	a6	a10	a50	0
13	6608.9460901293	a6	a10
12	6608.94787728731	a6	a10	a68	0
13	6608.96819407005	a6	a10
12	6608.96969022303	a6	a10	a50	0
13	6608.97168198315	a6	a10
12	6608.97309035076	a6	a10	a70	0
13	6608.99423418225	a6	a10
12	6608.99529140839	a6	a10	a70	0
13	6609.00311329198	a6	a10
12	6609.00678265121	a6	a10	a72	0
13	6609.28002151912	a6	a10
12	6609.3287849082	a6	a10	a76	0
13	6609.35938467532	a6	a10
12	6609.40925678668	a6	a10	a80	0
13	6609.41227086616	a6	a10
12	6609.44696544049	a6	a10	a80	0
13	6609.44962941534	a6	a10
12	6609.51967453498	a6	a10	a50	0
13	6609.52145858248	a6	a10
12	6609.52288630434	a6	a10	a74	0
13	6609.52643331703	a6	a10
12	6609.53399564625	a6	a10	a76	0
13	6609.53662367748	a6	a10
8	0	a12	a11	0
12	0.5185035806516	a8	a125	a121	-1
12	9.87393705728928	a8	a126	a120	-1
13	9.89428114335198	a8	a126
12	9.91638370165385	a8	a126	a120	-1
13	9.93623736473947	a8	a126
12	15.546955822411	a8	a126	a120	-1
13	15.569357334818	a8	a126
12	15.5919064234133	a8	a126	a120	-1
13	15.6119643430031	a8	a126
12	21.4034142088857	a8	a126	a119	-1
13	21.6020026814942	a8	a126
12	21.6021364332152	a8	a126	a118	-1
12	25.3517919711788	a8	a127	a116	-1
12	25.4048471661294	a8	a128	a115	-1
13	25.8957311891957	a8	a128
12	33.2073803058482	a8	a128	a114	-1
13	33.2293871297141	a8	a128
12	33.2541982467696	a8	a128	a113	-1
13	33.2840701556879	a8	a128
13	40.3564754607163	a8	a127
13	40.3917565380732	a8	a126
12	40.392840030697	a8	a126	a117	-1
12	40.420697023508	a8	a127	a112	-1
13	41.8206845821301	a8	a127
13	865.443735432584	a8	a126
13	865.471164212521	a8	a125
12	866.706085903652	a8	a125	a124	-1
12	866.798900612138	a8	a126	a122	-1
13	866.806074819438	a8	a126
12	866.810790690842	a8	a126	a111	-1
12	866.811724533607	a8	a127	a110	-1
12	866.812697084881	a8	a128	a109	-1
12	866.81338727141	a8	a129	a108	-1
12	866.814148999558	a8	a130	a123	-1
13	866.820527608765	a8	a130
12	866.823271765522	a8	a130	a107	-1
13	866.867483448748	a8	a130
12	866.868053362412	a8	a130	a107	-1
13	866.882759139491	a8	a130
13	866.882888052648	a8	a129
12	866.891159231427	a8	a129	a106	-1
13	866.902239196348	a8	a129
13	866.902356358708	a8	a128
12	866.902760378764	a8	a128	a110	-1
12	866.914885819024	a8	a129	a105	-1
12	873.854014964704	a8	a130	a104	-1
12	873.899919108338	a8	a131	a101	-1
13	874.544930043541	a8	a131
12	874.545414245508	a8	a131	a103	-1
13	894.321887726791	a8	a131
12	894.322973293084	a8	a131	a100	-1
13	894.337562253415	a8	a131
12	894.353636652755	a8	a131	a102	-1
13	904.38034858928	a8	a131
13	904.384012764335	a8	a130
12	905.181797541939	a8	a130	a99	-1
12	908.092502149217	a8	a131	a98	-1
13	910.638848405399	a8	a131
12	910.640262302791	a8	a131	a97	-1
13	910.903892820325	a8	a131
12	1008.91179596765	a8	a131	a96	-1
13	1009.17513755381	a8	a131
13	1009.17527579849	a8	a130
12	1009.1842520251	a8	a130	a95	-1
13	1066.17463032078	a8	a130
13	1066.82933462683	a8	a129
12	1066.83845635596	a8	a129	a94	-1
12	1066.85816935509	a8	a130	a123	-1
13	1066.88968948612	a8	a130
12	1066.89346944109	a8	a130	a93	-1
13	1066.93367133758	a8	a130
12	1066.93606504409	a8	a130	a92	-1
12	1066.93921218407	a8	a131	a91	-1
13	1066.97062344742	a8	a131
12	1066.97109728103	a8	a131	a91	-1
13	1066.98513429951	a8	a131
13	1066.98527254418	a8	a130
13	1066.98536447689	a8	a129
13	1066.98548578659	a8	a128
13	1066.98559223499	a8	a127
12	1067.0068342202	a8	a127	a90	-1
13	1067.32425435751	a8	a127
13	1067.3246120656	a8	a126
12	1067.46345948527	a8	a126	a123	-1
13	1067.46699059982	a8	a126
12	1067.47183227388	a8	a126	a89	-1
13	1067.47743982342	a8	a126
12	1067.50015342318	a8	a126	a122	-1
13	1067.50436815764	a8	a126
12	1067.52439358974	a8	a126	a88	-1
13	1067.52883850158	a8	a126
12	1067.65782043578	a8	a126	a108	-1
12	1067.65812008111	a8	a127	a109	-1
12	1067.65832053588	a8	a128	a109	-1
12	1067.65852306433	a8	a129	a108	-1
12	1067.65931762558	a8	a130	a123	-1
13	1067.66476792181	a8	a130
12	1067.66554658493	a8	a130	a107	-1
13	1067.69082807949	a8	a130
12	1067.69123521005	a8	a130	a107	-1
13	1067.7075819514	a8	a130
13	1067.70770015059	a8	a129
12	1067.70841107382	a8	a129	a106	-1
13	1067.72112716445	a8	a129
13	1067.72136148917	a8	a128
12	1067.72184050696	a8	a128	a109	-1
12	1067.72266237154	a8	a129	a105	-1
12	1069.16276438689	a8	a130	a104	-1
12	1069.18765326658	a8	a131	a101	-1
13	1069.89052270789	a8	a131
12	1069.89108709177	a8	a131	a103	-1
13	1081.38413124227	a8	a131
12	1081.38458157429	a8	a131	a100	-1
13	1081.40301511898	a8	a131
12	1081.41782008661	a8	a131	a102	-1
13	1090.08130787037	a8	a131
13	1090.08443392804	a8	a130
12	1090.47938271474	a8	a130	a99	-1
12	1092.0079008387	a8	a131	a98	-1
13	1093.1164665532	a8	a131
12	1093.11740972748	a8	a131	a97	-1
13	1093.3891164988	a8	a131
12	1181.20009706661	a8	a131	a96	-1
13	1191.62687457079	a8	a131
13	1191.62713412516	a8	a130
12	1191.62911862744	a8	a130	a95	-1
13	1243.09622962624	a8	a130
13	1243.66345650501	a8	a129
12	1243.6725443642	a8	a129	a87	-1
12	1243.67413867089	a8	a130	a123	-1
13	1243.67946005396	a8	a130
12	1243.68030922186	a8	a130	a93	-1
13	1243.70136665044	a8	a130
12	1243.70266753281	a8	a130	a86	-1
12	1243.70325714634	a8	a131	a123	-1
13	1243.7052914167	a8	a131
12	1243.70604346772	a8	a131	a91	-1
13	1243.73514639065	a8	a131
12	1243.73548301643	a8	a131	a91	-1
13	1243.74380914746	a8	a131
13	1243.74387135757	a8	a130
13	1243.743931494	a8	a129
13	1243.74398851993	a8	a128
13	1243.74408148947	a8	a127
12	1243.74644685582	a8	a127	a90	-1
13	1244.00530240235	a8	a127
13	1244.00547451697	a8	a126
12	1244.04872090677	a8	a126	a88	-1
13	1244.07438775835	a8	a126
12	1244.12810099794	a8	a126	a85	-1
13	1244.1319338315	a8	a126
12	1244.14833759877	a8	a126	a122	-1
13	1244.14858540235	a8	a126
12	1244.165722212	a8	a126	a85	-1
13	1244.16897165304	a8	a126
12	1244.17633145381	a8	a126	a122	-1
13	1244.17641163572	a8	a126
12	1244.24813124396	a8	a126	a123	-1
13	1244.25045651936	a8	a126
12	1244.2514104076	a8	a126	a89	-1
13	1244.25550901654	a8	a126
12	1244.26290476093	a8	a126	a88	-1
13	1244.26570905412	a8	a126
12	1244.36024974734	a8	a126	a84	-1
13	1244.36358904742	a8	a126
12	1244.3691385342	a8	a126	a85	-1
13	1244.37155435986	a8	a126
12	1244.37840991318	a8	a126	a122	-1
13	1244.3785080669	a8	a126
12	1244.40011190755	a8	a126	a108	-1
12	1244.40073228052	a8	a127	a109	-1
12	1244.40093273529	a8	a128	a109	-1
12	1244.40114252158	a8	a129	a108	-1
12	1244.40175563671	a8	a130	a123	-1
13	1244.40598937981	a8	a130
12	1244.40663290877	a8	a130	a107	-1
13	1244.42328966379	a8	a130
12	1244.42360002308	a8	a130	a107	-1
13	1244.43271311192	a8	a130
13	1244.43275320288	a8	a129
12	1244.43337357584	a8	a129	a106	-1
13	1244.44147505929	a8	a129
13	1244.44152897471	a8	a128
12	1244.44163438627	a8	a128	a109	-1
12	1244.44265670563	a8	a129	a105	-1
12	1245.14387619677	a8	a130	a104	-1
12	1245.16406614002	a8	a131	a101	-1
13	1245.58641916823	a8	a131
12	1245.58672503457	a8	a131	a103	-1
13	1258.40324937682	a8	a131
12	1258.40387735325	a8	a131	a100	-1
13	1258.41886376702	a8	a131
12	1258.43403819354	a8	a131	a102	-1
13	1267.37742720161	a8	a131
13	1267.38008806595	a8	a130
12	1267.92160592852	a8	a130	a99	-1
12	1268.82046000403	a8	a131	a98	-1
13	1269.63498690274	a8	a131
12	1269.63565911747	a8	a131	a97	-1
13	1269.89964112208	a8	a131
12	1350.37619676337	a8	a131	a96	-1
13	1359.6002425029	a8	a131
13	1359.60045643653	a8	a130
12	1359.60221110704	a8	a130	a95	-1
13	1404.46644686047	a8	a130
13	1404.97269124914	a8	a129
12	1404.97495742495	a8	a129	a87	-1
12	1404.97646947605	a8	a130	a123	-1
13	1404.98295764417	a8	a130
12	1404.98343666196	a8	a130	a93	-1
13	1405.02496155997	a8	a130
12	1405.0254920739	a8	a130	a86	-1
12	1405.0262023059	a8	a131	a123	-1
13	1405.03870964707	a8	a131
12	1405.03935732336	a8	a131	a91	-1
13	1405.06386222847	a8	a131
12	1405.06425588018	a8	a131	a91	-1
13	1405.077800402	a8	a131
13	1405.07785500865	a8	a130
13	1405.0779037399	a8	a129
13	1405.07815569081	a8	a128
13	1405.07819474493	a8	a127
12	1405.08034514082	a8	a127	a90	-1
13	1405.39960393228	a8	a127
13	1405.3999713175	a8	a126
12	1405.44584573852	a8	a126	a88	-1
13	1405.46420946965	a8	a126
12	1405.52140129082	a8	a126	a85	-1
13	1405.52633800809	a8	a126
12	1405.54334072041	a8	a126	a122	-1
13	1405.54356329433	a8	a126
12	1405.56016094976	a8	a126	a85	-1
13	1405.56415518397	a8	a126
12	1405.57198156052	a8	a126	a122	-1
13	1405.57207522128	a8	a126
12	1405.64286133237	a8	a126	a123	-1
13	1405.6451758938	a8	a126
12	1405.64575306531	a8	a126	a89	-1
13	1405.65083390265	a8	a126
12	1405.65832780076	a8	a126	a88	-1
13	1405.66159313993	a8	a126
12	1405.73391514933	a8	a126	a84	-1
13	1405.73786721892	a8	a126
12	1405.7432836452	a8	a126	a85	-1
13	1405.74654483704	a8	a126
12	1405.75342354635	a8	a126	a122	-1
13	1405.75354381921	a8	a126
12	1405.77471599087	a8	a126	a108	-1
12	1405.77523095227	a8	a127	a109	-1
12	1405.77557172539	a8	a128	a109	-1
12	1405.77572794187	a8	a129	a108	-1
12	1405.77656466775	a8	a130	a123	-1
13	1405.78112432268	a8	a130
12	1405.78190713314	a8	a130	a107	-1
13	1405.80177531191	a8	a130
12	1405.80211297453	a8	a130	a107	-1
13	1405.81455810559	a8	a130
13	1405.81460649123	a8	a129
12	1405.81505405836	a8	a129	a106	-1
13	1405.82445849784	a8	a129
13	1405.82453660608	a8	a128
12	1405.82463579664	a8	a128	a109	-1
12	1405.82583195867	a8	a129	a105	-1
12	1406.84328371977	a8	a130	a104	-1
12	1406.86422778771	a8	a131	a101	-1
13	1407.29060062539	a8	a131
12	1407.29077896102	a8	a131	a103	-1
13	1421.03182388475	a8	a131
12	1421.03273871888	a8	a131	a100	-1
13	1421.05207085393	a8	a131
12	1421.0689121656	a8	a131	a102	-1
13	1429.97457869539	a8	a131
13	1429.97734082395	a8	a130
12	1430.80957963016	a8	a130	a99	-1
12	1431.23633194947	a8	a131	a98	-1
13	1431.98957982326	a8	a131
12	1431.9899036614	a8	a131	a97	-1
13	1432.25330745767	a8	a131
12	1522.07796200448	a8	a131	a96	-1
13	1530.73915700035	a8	a131
13	1530.73931321683	a8	a130
12	1530.74087365357	a8	a130	a95	-1
13	1603.3159554796	a8	a130
13	1603.90417412073	a8	a129
12	1603.90667876859	a8	a129	a87	-1
12	1603.90802492609	a8	a130	a123	-1
13	1603.91522678233	a8	a130
12	1603.91625221219	a8	a130	a93	-1
13	1603.95744981593	a8	a130
12	1603.95818527759	a8	a130	a86	-1
12	1603.95900714217	a8	a131	a123	-1
13	1603.96159611928	a8	a131
12	1603.96230807935	a8	a131	a91	-1
13	1603.99886377259	a8	a131
12	1603.99939117602	a8	a131	a91	-1
13	1604.0142597362	a8	a131
13	1604.01456560254	a8	a130
13	1604.01466582992	a8	a129
13	1604.01471974535	a8	a128
13	1604.01479681675	a8	a127
12	1604.01694479336	a8	a127	a90	-1
13	1604.39168117205	a8	a127
13	1604.39181837988	a8	a126
12	1604.43303395544	a8	a126	a88	-1
13	1604.44995337534	a8	a126
12	1604.49625739169	a8	a126	a85	-1
13	1604.50082672374	a8	a126
12	1604.51984366094	a8	a126	a122	-1
13	1604.52024560733	a8	a126
12	1604.54139773351	a8	a126	a85	-1
13	1604.54572548299	a8	a126
12	1604.55460044538	a8	a126	a122	-1
13	1604.55475009524	a8	a126
12	1604.62743292323	a8	a126	a123	-1
13	1604.62991959929	a8	a126
12	1604.63046082718	a8	a126	a89	-1
13	1604.63531390642	a8	a126
12	1604.64694996054	a8	a126	a88	-1
13	1604.65773650114	a8	a126
12	1604.72717299861	a8	a126	a84	-1
13	1604.73080537739	a8	a126
12	1604.73808706992	a8	a126	a85	-1
13	1604.74116474195	a8	a126
12	1604.74852557956	a8	a126	a122	-1
13	1604.7486627874	a8	a126
12	1604.77344314501	a8	a126	a108	-1
12	1604.77388103501	a8	a127	a109	-1
12	1604.77407734245	a8	a128	a109	-1
12	1604.77421005734	a8	a129	a108	-1
12	1604.77507754266	a8	a130	a123	-1
13	1604.78035779794	a8	a130
12	1604.7810310495	a8	a130	a107	-1
13	1604.80297531765	a8	a130
12	1604.8033910885	a8	a130	a107	-1
13	1604.81572424138	a8	a130
13	1604.81576225867	a8	a129
12	1604.81665912098	a8	a129	a106	-1
13	1604.82797548429	a8	a129
13	1604.82808089586	a8	a128
12	1604.82840369717	a8	a128	a109	-1
12	1604.8293869624	a8	a129	a105	-1
12	1608.3454480573	a8	a130	a104	-1
12	1608.37088784201	a8	a131	a101	-1
13	1608.81076683862	a8	a131
12	1608.81108549259	a8	a131	a103	-1
13	1622.87698984509	a8	a131
12	1622.87772634359	a8	a131	a100	-1
13	1622.89403886938	a8	a131
12	1622.90832818438	a8	a131	a102	-1
13	1631.03939736994	a8	a131
13	1631.04280302746	a8	a130
12	1631.4957886559	a8	a130	a99	-1
12	1631.91621109725	a8	a131	a98	-1
13	1632.67016574692	a8	a131
12	1632.67035756141	a8	a131	a97	-1
13	1632.94141354593	a8	a131
12	1707.22702366735	a8	a131	a96	-1
13	1716.76113389075	a8	a131
13	1716.76134194898	a8	a130
12	1716.76283153533	a8	a130	a95	-1
13	1762.33873462106	a8	a130
13	1762.79418376957	a8	a129
12	1762.79652701678	a8	a129	a87	-1
12	1762.7979416054	a8	a130	a123	-1
13	1762.80353774975	a8	a130
12	1762.80434890037	a8	a130	a93	-1
13	1762.82553178599	a8	a130
12	1762.82587878012	a8	a130	a86	-1
12	1762.82667852555	a8	a131	a123	-1
13	1762.8288455108	a8	a131
12	1762.82969364187	a8	a131	a91	-1
13	1762.85237060678	a8	a131
12	1762.85279363548	a8	a131	a91	-1
13	1762.86104476878	a8	a131
13	1762.86110939817	a8	a130
13	1762.86121584657	a8	a129
13	1762.86126976199	a8	a128
13	1762.8613530544	a8	a127
12	1762.86372464177	a8	a127	a90	-1
13	1763.13482935754	a8	a127
13	1763.13521229529	a8	a126
12	1763.1794028962	a8	a126	a88	-1
13	1763.18397326508	a8	a126
12	1763.23055895495	a8	a126	a85	-1
13	1763.23447197042	a8	a126
12	1763.2504440687	a8	a126	a122	-1
13	1763.25067839342	a8	a126
12	1763.26738042358	a8	a126	a85	-1
13	1763.27085036487	a8	a126
12	1763.27819012016	a8	a126	a122	-1
13	1763.27827030208	a8	a126
12	1763.38655182456	a8	a126	a123	-1
13	1763.38929287082	a8	a126
12	1763.38995851892	a8	a126	a89	-1
13	1763.39431253489	a8	a126
12	1763.40180850666	a8	a126	a88	-1
13	1763.40520898001	a8	a126
12	1763.47954694235	a8	a126	a84	-1
13	1763.48273970307	a8	a126
12	1763.4879356291	a8	a126	a85	-1
13	1763.49030306912	a8	a126
12	1763.49703212858	a8	a126	a122	-1
13	1763.49713754014	a8	a126
12	1763.51892386375	a8	a126	a108	-1
12	1763.51950621944	a8	a127	a109	-1
12	1763.51970771105	a8	a128	a109	-1
12	1763.51994514627	a8	a129	a108	-1
12	1763.52069719729	a8	a130	a123	-1
13	1763.53202392895	a8	a130
12	1763.5326169986	a8	a130	a107	-1
13	1763.54943515428	a8	a130
12	1763.54969989283	a8	a130	a107	-1
13	1763.55980073985	a8	a130
13	1763.55983564663	a8	a129
12	1763.56022687906	a8	a129	a106	-1
13	1763.56809853073	a8	a129
13	1763.5681448427	a8	a128
12	1763.56823884908	a8	a128	a109	-1
12	1763.56980135949	a8	a129	a105	-1
12	1764.35323011904	a8	a130	a104	-1
12	1764.37342351841	a8	a131	a101	-1
13	1764.7810282593	a8	a131
12	1764.78143331619	a8	a131	a103	-1
13	1775.71366928808	a8	a131
12	1775.71415660055	a8	a131	a100	-1
13	1775.72967905804	a8	a131
12	1775.74289766805	a8	a131	a102	-1
13	1786.41130750619	a8	a131
13	1786.41479230878	a8	a130
12	1787.80969799323	a8	a130	a99	-1
12	1788.65095069772	a8	a131	a98	-1
13	1789.92527972408	a8	a131
12	1789.92633798705	a8	a131	a97	-1
13	1790.20683020734	a8	a131
12	1866.30230951803	a8	a131	a96	-1
13	1875.88039398943	a8	a131
13	1875.88081840057	a8	a130
12	1875.88249254356	a8	a130	a95	-1
13	1922.34051173103	a8	a130
13	1922.82159904535	a8	a129
12	1922.82401176051	a8	a129	a87	-1
12	1922.82533890937	a8	a130	a123	-1
13	1922.83138227524	a8	a130
12	1922.83213985605	a8	a130	a93	-1
13	1922.85301964022	a8	a130
12	1922.85354738926	a8	a130	a86	-1
12	1922.85461083641	a8	a131	a123	-1
13	1922.8567999408	a8	a131
12	1922.85722919051	a8	a131	a91	-1
13	1922.87954188071	a8	a131
12	1922.87975304945	a8	a131	a91	-1
13	1922.88769520591	a8	a131
13	1922.88776398263	a8	a130
13	1922.88782066295	a8	a129
13	1922.88787043103	a8	a128
13	1922.88795579712	a8	a127
12	1922.89049846226	a8	a127	a90	-1
13	1923.15662948032	a8	a127
13	1923.15707151766	a8	a126
12	1923.20298533842	a8	a126	a88	-1
13	1923.20785638947	a8	a126
12	1923.25483884155	a8	a126	a85	-1
13	1923.25953466748	a8	a126
12	1923.27613647025	a8	a126	a122	-1
13	1923.27634763898	a8	a126
12	1923.29276384828	a8	a126	a85	-1
13	1923.29605026977	a8	a126
12	1923.30388805149	a8	a126	a122	-1
13	1923.30395959311	a8	a126
12	1923.38399911138	a8	a126	a123	-1
13	1923.38649753823	a8	a126
12	1923.38713899351	a8	a126	a89	-1
13	1923.3914432414	a8	a126
12	1923.39879371066	a8	a126	a88	-1
13	1923.42082783785	a8	a126
12	1923.49586462701	a8	a126	a84	-1
13	1923.4995032268	a8	a126
12	1923.50480802051	a8	a126	a85	-1
13	1923.50734411904	a8	a126
12	1923.51437178698	a8	a126	a122	-1
13	1923.51449413352	a8	a126
12	1923.53589544572	a8	a126	a108	-1
12	1923.53647123478	a8	a127	a109	-1
12	1923.53668551402	a8	a128	a109	-1
12	1923.53683965683	a8	a129	a108	-1
12	1923.53747903844	a8	a130	a123	-1
13	1923.54206841597	a8	a130
12	1923.54329844795	a8	a130	a107	-1
13	1923.56007029166	a8	a130
12	1923.56041417529	a8	a130	a107	-1
13	1923.5693046902	a8	a130
13	1923.56935445828	a8	a129
12	1923.56980582714	a8	a129	a106	-1
13	1923.57829370445	a8	a129
13	1923.57835073037	a8	a128
12	1923.57845303143	a8	a128	a109	-1
12	1923.5794373335	a8	a129	a105	-1
12	1924.25282920883	a8	a130	a104	-1
12	1924.27413651465	a8	a131	a101	-1
13	1924.69234635001	a8	a131
12	1924.69269991076	a8	a131	a103	-1
13	1934.60018030987	a8	a131
12	1934.6009029839	a8	a131	a100	-1
13	1934.61970356819	a8	a131
12	1934.63140805342	a8	a131	a102	-1
13	1940.86459976288	a8	a131
13	1940.86737467908	a8	a130
12	1941.25115260499	a8	a130	a99	-1
12	1941.67643330975	a8	a131	a98	-1
13	1942.40914804789	a8	a131
12	1942.40943317752	a8	a131	a97	-1
13	1943.1257033662	a8	a131
12	2019.3092466072	a8	a131	a96	-1
13	2028.48656530167	a8	a131
13	2028.48706643861	a8	a130
12	2028.48871224144	a8	a130	a95	-1
13	2073.84486436004	a8	a130
13	2074.29721060687	a8	a129
12	2074.29911700091	a8	a129	a87	-1
12	2074.30102754229	a8	a130	a123	-1
13	2074.30634477802	a8	a130
12	2074.30678577852	a8	a130	a93	-1
13	2074.33246196162	a8	a130
12	2074.33294512675	a8	a130	a86	-1
12	2074.33365328509	a8	a131	a123	-1
13	2074.33573144813	a8	a131
12	2074.33649213945	a8	a131	a91	-1
13	2074.35834067316	a8	a131
12	2074.35859504336	a8	a131	a91	-1
13	2074.3664832844	a8	a131
13	2074.36654031032	a8	a130
13	2074.36660355726	a8	a129
13	2074.36665436218	a8	a128
13	2074.36673869143	a8	a127
12	2074.36884554024	a8	a127	a90	-1
13	2074.63902609038	a8	a127
13	2074.63946812772	a8	a126
12	2074.68532457694	a8	a126	a88	-1
13	2074.70996807233	a8	a126
12	2074.75682161126	a8	a126	a85	-1
13	2074.76116214837	a8	a126
12	2074.77720786194	a8	a126	a122	-1
13	2074.77743458321	a8	a126
12	2074.79354181566	a8	a126	a85	-1
13	2074.79654552679	a8	a126
12	2074.80410889284	a8	a126	a122	-1
13	2074.80419011159	a8	a126
12	2074.86696321582	a8	a126	a123	-1
13	2074.86953733163	a8	a126
12	2074.87053856867	a8	a126	a89	-1
13	2074.87454973786	a8	a126
12	2074.88135483188	a8	a126	a88	-1
13	2074.88423274036	a8	a126
12	2074.95420631838	a8	a126	a84	-1
13	2074.95769008413	a8	a126
12	2074.96270456403	a8	a126	a85	-1
13	2074.96551818874	a8	a126
12	2074.97233365111	a8	a126	a122	-1
13	2074.9724338785	a8	a126
12	2074.99305030656	a8	a126	a108	-1
12	2074.99378127527	a8	a127	a109	-1
12	2074.99399140718	a8	a128	a109	-1
12	2074.99453159823	a8	a129	a108	-1
12	2074.99507904714	a8	a130	a123	-1
13	2074.99909332683	a8	a130
12	2074.99992901588	a8	a130	a107	-1
13	2075.01836567106	a8	a130
12	2075.01880978208	a8	a130	a107	-1
13	2075.02782921015	a8	a130
13	2075.02787448528	a8	a129
12	2075.02840845533	a8	a129	a106	-1
13	2075.03675566868	a8	a129
13	2075.03685900657	a8	a128
12	2075.03695612345	a8	a128	a109	-1
12	2075.03812187166	a8	a129	a105	-1
12	2075.78383160904	a8	a130	a104	-1
12	2075.80505354878	a8	a131	a101	-1
13	2076.23130473115	a8	a131
12	2076.23156013818	a8	a131	a103	-1
13	2086.14147744526	a8	a131
12	2086.14206222023	a8	a131	a100	-1
13	2086.15971571934	a8	a131
12	2086.17105523864	a8	a131	a102	-1
13	2092.92949444951	a8	a131
13	2092.93193999777	a8	a130
12	2093.36875410999	a8	a130	a99	-1
12	2093.78985706074	a8	a131	a98	-1
13	2094.53135517417	a8	a131
12	2094.53164514237	a8	a131	a97	-1
13	2094.79489514144	a8	a131
12	2170.79072838314	a8	a131	a96	-1
13	2180.25877908082	a8	a131
13	2180.25901962655	a8	a130
12	2180.26091979958	a8	a130	a95	-1
13	2225.440164012	a8	a130
13	2225.88963649769	a8	a129
12	2225.89176546566	a8	a129	a87	-1
12	2225.89308535667	a8	a130	a123	-1
13	2225.89916017321	a8	a130
12	2225.8996094684	a8	a130	a93	-1
13	2225.92109718352	a8	a130
12	2225.92128623311	a8	a130	a86	-1
12	2225.92202031232	a8	a131	a123	-1
13	2225.93790497085	a8	a131
12	2225.93846935472	a8	a131	a91	-1
13	2225.96776409213	a8	a131
12	2225.96805855329	a8	a131	a91	-1
13	2225.97561466149	a8	a131
13	2225.9757065942	a8	a130
13	2225.97576776747	a8	a129
13	2225.97581926361	a8	a128
13	2225.97592052783	a8	a127
12	2225.97791574407	a8	a127	a90	-1
13	2226.25281838662	a8	a127
13	2226.25352308884	a8	a126
12	2226.29850306684	a8	a126	a88	-1
13	2226.3036378196	a8	a126
12	2226.36235828125	a8	a126	a85	-1
13	2226.36644133766	a8	a126
12	2226.38296503219	a8	a126	a122	-1
13	2226.38316030279	a8	a126
12	2226.40047130073	a8	a126	a85	-1
13	2226.40370173312	a8	a126
12	2226.41104459892	a8	a126	a122	-1
13	2226.41110784586	a8	a126
12	2226.47273524737	a8	a126	a123	-1
13	2226.48648091519	a8	a126
12	2226.48702767287	a8	a126	a89	-1
13	2226.4910460999	a8	a126
12	2226.49885865198	a8	a126	a88	-1
13	2226.50980037223	a8	a126
12	2226.58212238163	a8	a126	a84	-1
13	2226.58504038106	a8	a126
12	2226.59034206427	a8	a126	a85	-1
13	2226.59298703047	a8	a126
12	2226.5996324519	a8	a126	a122	-1
13	2226.59971574431	a8	a126
12	2226.62035118102	a8	a126	a108	-1
12	2226.62081948485	a8	a127	a109	-1
12	2226.62101890279	a8	a128	a109	-1
12	2226.62115922113	a8	a129	a108	-1
12	2226.62176058546	a8	a130	a123	-1
13	2226.62597013575	a8	a130
12	2226.62679303717	a8	a130	a107	-1
13	2226.6433464543	a8	a130
12	2226.64363123832	a8	a130	a107	-1
13	2226.65279409524	a8	a130
13	2226.65283625987	a8	a129
12	2226.65341032087	a8	a129	a106	-1
13	2226.6613514405	a8	a129
13	2226.66140224541	a8	a128
12	2226.66150765698	a8	a128	a109	-1
12	2226.6625171887	a8	a129	a105	-1
12	2227.34349178433	a8	a130	a104	-1
12	2227.36434219151	a8	a131	a101	-1
13	2227.77159440849	a8	a131
12	2227.77186778733	a8	a131	a103	-1
13	2237.66547567912	a8	a131
12	2237.66596091792	a8	a131	a100	-1
13	2237.68449883734	a8	a131
12	2237.6967604486	a8	a131	a102	-1
13	2244.09981753498	a8	a131
13	2244.10233808098	a8	a130
12	2245.04499981966	a8	a130	a99	-1
12	2245.48049957065	a8	a131	a98	-1
13	2246.21133107072	a8	a131
12	2246.21162345821	a8	a131	a97	-1
13	2246.48049759618	a8	a131
12	2321.69686555311	a8	a131	a96	-1
13	2331.08147349429	a8	a131
13	2331.08165494042	a8	a130
12	2331.08371132993	a8	a130	a95	-1
13	2376.106141845	a8	a130
13	2376.56765198558	a8	a129
12	2376.56975157655	a8	a129	a87	-1
12	2376.57148723842	a8	a130	a123	-1
13	2376.57710619315	a8	a130
12	2376.57756827597	a8	a130	a93	-1
13	2376.59843665496	a8	a130
12	2376.59879332621	a8	a130	a86	-1
12	2376.59955505436	a8	a131	a123	-1
13	2376.60170925197	a8	a131
12	2376.6023106163	a8	a131	a91	-1
13	2376.62493573947	a8	a131
12	2376.62524713559	a8	a131	a91	-1
13	2376.63266396229	a8	a131
13	2376.63271234793	a8	a130
13	2376.63276073356	a8	a129
13	2376.63281568582	a8	a128
13	2376.63291072903	a8	a127
12	2376.63525397624	a8	a127	a90	-1
13	2376.90637942871	a8	a127
13	2376.90659474479	a8	a126
12	2376.95058074359	a8	a126	a88	-1
13	2376.98032097446	a8	a126
12	2377.02825282183	a8	a126	a85	-1
13	2377.03254255403	a8	a126
12	2377.04898191931	a8	a126	a122	-1
13	2377.04919205121	a8	a126
12	2377.06586885171	a8	a126	a85	-1
13	2377.06895689209	a8	a126
12	2377.07632706122	a8	a126	a122	-1
13	2377.07638616081	a8	a126
12	2377.13998838747	a8	a126	a123	-1
13	2377.1421280694	a8	a126
12	2377.14269556378	a8	a126	a89	-1
13	2377.14665834733	a8	a126
12	2377.17273129263	a8	a126	a88	-1
13	2377.17582970137	a8	a126
12	2377.24896424383	a8	a126	a84	-1
13	2377.25199629512	a8	a126
12	2377.25751294879	a8	a126	a85	-1
13	2377.26007565941	a8	a126
12	2377.26672972113	a8	a126	a122	-1
13	2377.26699445968	a8	a126
12	2377.28823126072	a8	a126	a108	-1
12	2377.28886925988	a8	a127	a109	-1
12	2377.28910773194	a8	a128	a109	-1
12	2377.28938007395	a8	a129	a108	-1
12	2377.28978409401	a8	a130	a123	-1
13	2377.29389238007	a8	a130
12	2377.29441667299	a8	a130	a107	-1
13	2377.31241958552	a8	a130
12	2377.31280908989	a8	a130	a107	-1
13	2377.33279235735	a8	a130
13	2377.33283452198	a8	a129
12	2377.33383022924	a8	a129	a106	-1
13	2377.34176409101	a8	a129
13	2377.34189922518	a8	a128
12	2377.34219783367	a8	a128	a109	-1
12	2377.34318213575	a8	a129	a105	-1
12	2378.12243936229	a8	a130	a104	-1
12	2378.14206077432	a8	a131	a101	-1
13	2378.5620874903	a8	a131
12	2378.56248736302	a8	a131	a103	-1
13	2388.53391698291	a8	a131
12	2388.53452595069	a8	a131	a100	-1
13	2388.55415980475	a8	a131
12	2388.56772851939	a8	a131	a102	-1
13	2394.97444667033	a8	a131
13	2394.97712861698	a8	a130
12	2395.38226983781	a8	a130	a99	-1
12	2395.7978208825	a8	a131	a98	-1
13	2396.5394869632	a8	a131
12	2396.53961034657	a8	a131	a97	-1
13	2396.80158780343	a8	a131
12	2473.64609368682	a8	a131	a96	-1
13	2483.60512068589	a8	a131
13	2483.6053843876	a8	a130
12	2483.60710829867	a8	a130	a95	-1
13	2528.97301288772	a8	a130
13	2529.69773501008	a8	a129
12	2529.70029772071	a8	a129	a87	-1
12	2529.70169571996	a8	a130	a123	-1
13	2529.70790221455	a8	a130
12	2529.7084835334	a8	a130	a93	-1
13	2529.73006007072	a8	a130
12	2529.73031305848	a8	a130	a86	-1
12	2529.73102536415	a8	a131	a123	-1
13	2529.73389912529	a8	a131
12	2529.73446558284	a8	a131	a91	-1
13	2529.75568026473	a8	a131
12	2529.75598820474	a8	a131	a91	-1
13	2529.76418680506	a8	a131
13	2529.76424383099	a8	a130
13	2529.76429325346	a8	a129
13	2529.76433680053	a8	a128
13	2529.76443253497	a8	a127
12	2529.76644261251	a8	a127	a90	-1
13	2530.03572077054	a8	a127
13	2530.03580613663	a8	a126
12	2530.0805604302	a8	a126	a88	-1
13	2530.08503057169	a8	a126
12	2530.13169644348	a8	a126	a85	-1
13	2530.13584689417	a8	a126
12	2530.15242450412	a8	a126	a122	-1
13	2530.15267127086	a8	a126
12	2530.16938297814	a8	a126	a85	-1
13	2530.17225362877	a8	a126
12	2530.17956711758	a8	a126	a122	-1
13	2530.17964833633	a8	a126
12	2530.24291808455	a8	a126	a123	-1
13	2530.24531939451	a8	a126
12	2530.24610980843	a8	a126	a89	-1
13	2530.25025161883	a8	a126
12	2530.2569457715	a8	a126	a88	-1
13	2530.26032827304	a8	a126
12	2530.34501073864	a8	a126	a84	-1
13	2530.34864657354	a8	a126
12	2530.35394169012	a8	a126	a85	-1
13	2530.35664368225	a8	a126
12	2530.36355937201	a8	a126	a122	-1
13	2530.36367860805	a8	a126
12	2530.3852295701	a8	a126	a108	-1
12	2530.38583819227	a8	a127	a109	-1
12	2530.3860607662	a8	a128	a109	-1
12	2530.38623806499	a8	a129	a108	-1
12	2530.38677099821	a8	a130	a123	-1
13	2530.39080117603	a8	a130
12	2530.39154700604	a8	a130	a107	-1
13	2530.40984749023	a8	a130
12	2530.41011222878	a8	a130	a107	-1
13	2530.43799652491	a8	a130
13	2530.43804732983	a8	a129
12	2530.43923208667	a8	a129	a106	-1
13	2530.45575370753	a8	a129
13	2530.45588123824	a8	a128
12	2530.45600254794	a8	a128	a109	-1
12	2530.45695850986	a8	a129	a105	-1
12	2531.19284077905	a8	a130	a104	-1
12	2531.21157673396	a8	a131	a101	-1
13	2531.62976133967	a8	a131
12	2531.63011593726	a8	a131	a103	-1
13	2541.53349323447	a8	a131
12	2541.53385958286	a8	a131	a100	-1
13	2541.55112703372	a8	a131
12	2541.56287057307	a8	a131	a102	-1
13	2547.82817410077	a8	a131
13	2547.83023360078	a8	a130
12	2548.22243615706	a8	a130	a99	-1
12	2548.65016448376	a8	a131	a98	-1
13	2549.38499989517	a8	a131
12	2549.38528364237	a8	a131	a97	-1
13	2549.64833318666	a8	a131
12	2625.11659261472	a8	a131	a96	-1
13	2634.04925832913	a8	a131
13	2634.04946293125	a8	a130
12	2634.05100850669	a8	a130	a95	-1
13	2679.22611401922	a8	a130
13	2679.69133049948	a8	a129
12	2679.69338585216	a8	a129	a87	-1
12	2679.69460102283	a8	a130	a123	-1
13	2679.70043010946	a8	a130
12	2679.7156404796	a8	a130	a93	-1
13	2679.73684444753	a8	a130
12	2679.73734558447	a8	a130	a86	-1
12	2679.73793208749	a8	a131	a123	-1
13	2679.74025736289	a8	a131
12	2679.74072566672	a8	a131	a91	-1
13	2679.76238757013	a8	a131
12	2679.76271451878	a8	a131	a91	-1
13	2679.77041854879	a8	a131
13	2679.77053225503	a8	a130
13	2679.77058720729	a8	a129
13	2679.77064319638	a8	a128
13	2679.77074757111	a8	a127
12	2679.77331339224	a8	a127	a90	-1
13	2680.04676204644	a8	a127
13	2680.04691411558	a8	a126
12	2680.09247333875	a8	a126	a88	-1
13	2680.09712077904	a8	a126
12	2680.14328966123	a8	a126	a85	-1
13	2680.16163645738	a8	a126
12	2680.17925124799	a8	a126	a122	-1
13	2680.17947174824	a8	a126
12	2680.19640049966	a8	a126	a85	-1
13	2680.19993610717	a8	a126
12	2680.20759762694	a8	a126	a122	-1
13	2680.20767573518	a8	a126
12	2680.2703420454	a8	a126	a123	-1
13	2680.2724986623	a8	a126
12	2680.27291201387	a8	a126	a89	-1
13	2680.27696431084	a8	a126
12	2680.28387066909	a8	a126	a88	-1
13	2680.28702403008	a8	a126
12	2680.3726448314	a8	a126	a84	-1
13	2680.37632352214	a8	a126
12	2680.38159340907	a8	a126	a85	-1
13	2680.38412536026	a8	a126
12	2680.39091662981	a8	a126	a122	-1
13	2680.39104105002	a8	a126
12	2680.41262380835	a8	a126	a108	-1
12	2680.4132493655	a8	a127	a109	-1
12	2680.41347297625	a8	a128	a109	-1
12	2680.41371248515	a8	a129	a108	-1
12	2680.41424852887	a8	a130	a123	-1
13	2680.41865542343	a8	a130
12	2680.41937809746	a8	a130	a107	-1
13	2680.43602517536	a8	a130
12	2680.43712663979	a8	a130	a107	-1
13	2680.44635412609	a8	a130
13	2680.44639318021	a8	a129
12	2680.44688256635	a8	a129	a106	-1
13	2680.45522874287	a8	a129
13	2680.45534383156	a8	a128
12	2680.4554399116	a8	a128	a109	-1
12	2680.45657628282	a8	a129	a105	-1
12	2681.20864251026	a8	a130	a104	-1
12	2681.22812775129	a8	a131	a101	-1
13	2681.69992329554	a8	a131
12	2681.70041371851	a8	a131	a103	-1
13	2691.57217445904	a8	a131
12	2691.57289609623	a8	a131	a100	-1
13	2691.59055512514	a8	a131
12	2691.60260453082	a8	a131	a102	-1
13	2697.74793898577	a8	a131
13	2697.75047335624	a8	a130
12	2698.17683306068	a8	a130	a99	-1
12	2698.60521251979	a8	a131	a98	-1
13	2699.34650672232	a8	a131
12	2699.34672618574	a8	a131	a97	-1
13	2699.61029898612	a8	a131
12	2775.10879874516	a8	a131	a96	-1
13	2786.26575592578	a8	a131
13	2786.26629715367	a8	a130
12	2786.26793569866	a8	a130	a95	-1
13	2833.68123145121	a8	a130
13	2834.13756778491	a8	a129
12	2834.13963246909	a8	a129	a87	-1
12	2834.14081722594	a8	a130	a123	-1
13	2834.14667603518	a8	a130
12	2834.1476233568	a8	a130	a93	-1
13	2834.16812884352	a8	a130
12	2834.16877133564	a8	a130	a86	-1
12	2834.16940656991	a8	a131	a123	-1
13	2834.17155973069	a8	a131
12	2834.1720926639	a8	a131	a91	-1
13	2834.19515636829	a8	a131
12	2834.19545082944	a8	a131	a91	-1
13	2834.20343204002	a8	a131
13	2834.20347938882	a8	a130
13	2834.20351222193	a8	a129
13	2834.20355127605	a8	a128
13	2834.20365046661	a8	a127
12	2834.20583231316	a8	a127	a90	-1
13	2834.49438592593	a8	a127
13	2834.49507784052	a8	a126
12	2834.53962200218	a8	a126	a88	-1
13	2834.54396150246	a8	a126
12	2834.59102932063	a8	a126	a85	-1
13	2834.59513345936	a8	a126
12	2834.61133746308	a8	a126	a122	-1
13	2834.61156211067	a8	a126
12	2834.62808165786	a8	a126	a85	-1
13	2834.63125540994	a8	a126
12	2834.63849597468	a8	a126	a122	-1
13	2834.63858134077	a8	a126
12	2834.70210545918	a8	a126	a123	-1
13	2834.70448776051	a8	a126
12	2834.70515340861	a8	a126	a89	-1
13	2834.70912345	a8	a126
12	2834.7158006677	a8	a126	a88	-1
13	2834.71925920381	a8	a126
12	2834.79212451477	a8	a126	a84	-1
13	2834.795190436	a8	a126
12	2834.80021321058	a8	a126	a85	-1
13	2834.8032580495	a8	a126
12	2834.80975278423	a8	a126	a122	-1
13	2834.80985612213	a8	a126
12	2834.83194416474	a8	a126	a108	-1
12	2834.83236719344	a8	a127	a109	-1
12	2834.83257836218	a8	a128	a109	-1
12	2834.83286625671	a8	a129	a108	-1
12	2834.83326509259	a8	a130	a123	-1
13	2834.83755482479	a8	a130
12	2834.83818694855	a8	a130	a107	-1
13	2834.85684168471	a8	a130
12	2834.85704110266	a8	a130	a107	-1
13	2834.86574636971	a8	a130
13	2834.86579164484	a8	a129
12	2834.86647111741	a8	a129	a106	-1
13	2834.87487328301	a8	a129
13	2834.87507270095	a8	a128
12	2834.87516981784	a8	a128	a109	-1
12	2834.8761243973	a8	a129	a105	-1
12	2835.7023810109	a8	a130	a104	-1
12	2835.72393853958	a8	a131	a101	-1
13	2836.13813616892	a8	a131
12	2836.13842302662	a8	a131	a103	-1
13	2846.04723610437	a8	a131
12	2846.0478848175	a8	a131	a100	-1
13	2846.06748099988	a8	a131
12	2846.08152734987	a8	a131	a102	-1
13	2852.52685101694	a8	a131
13	2852.52947075349	a8	a130
12	2853.01383066483	a8	a130	a99	-1
12	2853.44024117419	a8	a131	a98	-1
13	2854.17293517562	a8	a131
12	2854.17311662175	a8	a131	a97	-1
13	2854.44183350641	a8	a131
12	2928.63699013836	a8	a131	a96	-1
13	2937.63999854406	a8	a131
13	2937.64018932171	a8	a130
12	2937.64190701177	a8	a130	a95	-1
13	2984.82005583357	a8	a130
13	2985.34964041598	a8	a129
12	2985.35199956132	a8	a129	a87	-1
12	2985.35334260832	a8	a130	a123	-1
13	2985.37566670371	a8	a130
12	2985.37632405713	a8	a130	a93	-1
13	2985.39686237696	a8	a130
12	2985.39734139475	a8	a130	a86	-1
12	2985.39785601055	a8	a131	a123	-1
13	2985.40014326866	a8	a131
12	2985.40101801183	a8	a131	a91	-1
13	2985.42417157525	a8	a131
12	2985.42457352164	a8	a131	a91	-1
13	2985.43256233568	a8	a131
13	2985.43262247211	a8	a130
13	2985.43266982091	a8	a129
13	2985.43272581	a8	a128
13	2985.4328173971	a8	a127
12	2985.43506249058	a8	a127	a90	-1
13	2985.70815378231	a8	a127
13	2985.70843027165	a8	a126
12	2985.75423211423	a8	a126	a88	-1
13	2985.75981616218	a8	a126
12	2985.80808567217	a8	a126	a85	-1
13	2985.83023799855	a8	a126
12	2985.84822328488	a8	a126	a122	-1
13	2985.84836775056	a8	a126
12	2985.8656341646	a8	a126	a85	-1
13	2985.86976145931	a8	a126
12	2985.87767631244	a8	a126	a122	-1
13	2985.87777965033	a8	a126
12	2985.93897641968	a8	a126	a123	-1
13	2985.94164143136	a8	a126
12	2985.94228288665	a8	a126	a89	-1
13	2985.94585720266	a8	a126
12	2985.95314442498	a8	a126	a88	-1
13	2985.95603408426	a8	a126
12	2986.02860389723	a8	a126	a84	-1
13	2986.03170472525	a8	a126
12	2986.0372593962	a8	a126	a85	-1
13	2986.03990539924	a8	a126
12	2986.04674194393	a8	a126	a122	-1
13	2986.04700668248	a8	a126
12	2986.06786469311	a8	a126	a108	-1
12	2986.06830984096	a8	a127	a109	-1
12	2986.06866547538	a8	a128	a109	-1
12	2986.06890049132	a8	a129	a108	-1
12	2986.06947040499	a8	a130	a123	-1
13	2986.07337719944	a8	a130
12	2986.07416726775	a8	a130	a107	-1
13	2986.09141501875	a8	a130
12	2986.09170809746	a8	a130	a107	-1
13	2986.14434855839	a8	a130
13	2986.14444982261	a8	a129
12	2986.14504392909	a8	a129	a106	-1
13	2986.15332582184	a8	a129
13	2986.1534429842	a8	a128
12	2986.15362857767	a8	a128	a109	-1
12	2986.15458868692	a8	a129	a105	-1
12	2986.86805043507	a8	a130	a104	-1
12	2986.88933769542	a8	a131	a101	-1
13	2987.2985101309	a8	a131
12	2987.29885090402	a8	a131	a103	-1
13	2997.28012008851	a8	a131
12	2997.28060117997	a8	a131	a100	-1
13	2997.29865558864	a8	a131
12	2997.31141107899	a8	a131	a102	-1
13	3003.58629945547	a8	a131
13	3003.58862784137	a8	a130
12	3004.00847933223	a8	a130	a99	-1
12	3004.67453594521	a8	a131	a98	-1
13	3005.40946432616	a8	a131
12	3005.40977122934	a8	a131	a97	-1
13	3005.67354137399	a8	a131
12	3081.53241734631	a8	a131	a96	-1
13	3090.47896731883	a8	a131
13	3090.47929219382	a8	a130
12	3090.48108142549	a8	a130	a95	-1
13	3136.02129526647	a8	a130
13	3136.47854850796	a8	a129
12	3136.48057517487	a8	a129	a87	-1
12	3136.48193619367	a8	a130	a123	-1
13	3136.48746667181	a8	a130
12	3136.4878834795	a8	a130	a93	-1
13	3136.50885104904	a8	a130
12	3136.50917696085	a8	a130	a86	-1
12	3136.50984675629	a8	a131	a123	-1
13	3136.51188413716	a8	a131
12	3136.51236937596	a8	a131	a91	-1
13	3136.53435200701	a8	a131
12	3136.53464197521	a8	a131	a91	-1
13	3136.54293354508	a8	a131
13	3136.54300093936	a8	a130
13	3136.54306003896	a8	a129
13	3136.54331233548	a8	a128
13	3136.54335035277	a8	a127
12	3136.54542540531	a8	a127	a90	-1
13	3136.81473432278	a8	a127
13	3136.81533983445	a8	a126
12	3136.85987155409	a8	a126	a88	-1
13	3136.88596005193	a8	a126
12	3136.93257857491	a8	a126	a85	-1
13	3136.93761206345	a8	a126
12	3136.9538406056	a8	a126	a122	-1
13	3136.95408840917	a8	a126
12	3136.97003182169	a8	a126	a85	-1
13	3136.9733752691	a8	a126
12	3136.98062654781	a8	a126	a122	-1
13	3136.98071191389	a8	a126
12	3137.04457265809	a8	a126	a123	-1
13	3137.0472387066	a8	a126
12	3137.04788430923	a8	a126	a89	-1
13	3137.05217715193	a8	a126
12	3137.05900851244	a8	a126	a88	-1
13	3137.06927490746	a8	a126
12	3137.14056733966	a8	a126	a84	-1
13	3137.1443137703	a8	a126
12	3137.25579496574	a8	a126	a85	-1
13	3137.25944635316	a8	a126
12	3137.26768504444	a8	a126	a122	-1
13	3137.26780842781	a8	a126
12	3137.2997916785	a8	a126	a108	-1
12	3137.30032772222	a8	a127	a109	-1
12	3137.30052264721	a8	a128	a109	-1
12	3137.30073588961	a8	a129	a108	-1
12	3137.30130891378	a8	a130	a123	-1
13	3137.30611118811	a8	a130
12	3137.30672119273	a8	a130	a107	-1
13	3137.33443855842	a8	a130
12	3137.3348996044	a8	a130	a107	-1
13	3137.53876660423	a8	a130
13	3137.53903134278	a8	a129
12	3137.53965171575	a8	a129	a106	-1
13	3137.55011234454	a8	a129
13	3137.55021257193	a8	a128
12	3137.55036325862	a8	a128	a109	-1
12	3137.55127705591	a8	a129	a105	-1
12	3138.29438710222	a8	a130	a104	-1
12	3138.31458119281	a8	a131	a101	-1
13	3138.73411091919	a8	a131
12	3138.73450975507	a8	a131	a103	-1
13	3148.7555298128	a8	a131
12	3148.75642149094	a8	a131	a100	-1
13	3148.77472197512	a8	a131
12	3148.78845312726	a8	a131	a102	-1
13	3155.15184678016	a8	a131
13	3155.1539218327	a8	a130
12	3155.56821554209	a8	a130	a99	-1
12	3155.9864474966	a8	a131	a98	-1
13	3156.72660671037	a8	a131
12	3156.72682721062	a8	a131	a97	-1
13	3156.9887963728	a8	a131
12	3231.70038637142	a8	a131	a96	-1
13	3240.66928497776	a8	a131
13	3240.66986629661	a8	a130
12	3240.67182314995	a8	a130	a95	-1
13	3287.07723678327	a8	a130
13	3287.55133133642	a8	a129
12	3287.55348346037	a8	a129	a87	-1
12	3287.55505357424	a8	a130	a123	-1
13	3287.56076446168	a8	a130
12	3287.56158079647	a8	a130	a93	-1
13	3287.58190691073	a8	a130
12	3287.58251795218	a8	a130	a86	-1
12	3287.58309063074	a8	a131	a123	-1
13	3287.5854888302	a8	a131
12	3287.58625470569	a8	a131	a91	-1
13	3287.60888604986	a8	a131
12	3287.6091594287	a8	a131	a91	-1
13	3287.61685792893	a8	a131
13	3287.61690527773	a8	a130
13	3287.61694744235	a8	a129
13	3287.6169961736	a8	a128
13	3287.6171057325	a8	a127
12	3287.61919357267	a8	a127	a90	-1
13	3287.88069650469	a8	a127
13	3287.88114165254	a8	a126
12	3287.92623982973	a8	a126	a88	-1
13	3287.93112885259	a8	a126
12	3287.97748643875	a8	a126	a85	-1
13	3287.98152525687	a8	a126
12	3287.99785057029	a8	a126	a122	-1
13	3287.998250443	a8	a126
12	3288.01500638858	a8	a126	a85	-1
13	3288.01849430168	a8	a126
12	3288.02581193783	a8	a126	a122	-1
13	3288.02591320205	a8	a126
12	3288.08801098105	a8	a126	a123	-1
13	3288.0901454788	a8	a126
12	3288.09079833927	a8	a126	a89	-1
13	3288.09546375137	a8	a126
12	3288.10203866801	a8	a126	a88	-1
13	3288.10499261106	a8	a126
12	3288.17466965426	a8	a126	a84	-1
13	3288.17825675791	a8	a126
12	3288.18332307956	a8	a126	a85	-1
13	3288.18651549466	a8	a126
12	3288.19306829216	a8	a126	a122	-1
13	3288.19318960186	a8	a126
12	3288.21353472476	a8	a126	a108	-1
12	3288.21400752154	a8	a127	a109	-1
12	3288.21434380171	a8	a128	a109	-1
12	3288.21456222829	a8	a129	a108	-1
12	3288.21495276949	a8	a130	a123	-1
13	3288.21955147853	a8	a130
12	3288.22006436627	a8	a130	a107	-1
13	3288.23853454579	a8	a130
12	3288.25902309754	a8	a130	a107	-1
13	3288.27279537746	a8	a130
13	3288.27284203504	a8	a129
12	3288.27342646439	a8	a129	a106	-1
13	3288.28171146764	a8	a129
13	3288.28176227256	a8	a128
12	3288.2818728683	a8	a128	a109	-1
12	3288.28291108579	a8	a129	a105	-1
12	3288.99553092388	a8	a130	a104	-1
12	3289.01535382753	a8	a131	a101	-1
13	3289.43733428634	a8	a131
12	3289.43773312222	a8	a131	a103	-1
13	3299.45302570316	a8	a131
12	3299.45359838171	a8	a131	a100	-1
13	3299.47281681053	a8	a131
12	3299.48572713492	a8	a131	a102	-1
13	3305.88826960551	a8	a131
13	3305.8902634393	a8	a130
12	3306.29063176279	a8	a130	a99	-1
12	3306.70937038403	a8	a131	a98	-1
13	3307.44849863815	a8	a131
12	3307.44857882006	a8	a131	a97	-1
13	3307.71275920578	a8	a131
12	3382.10845494267	a8	a131	a96	-1
13	3390.56471465299	a8	a131
13	3390.56534332064	a8	a130
12	3390.56664938719	a8	a130	a95	-1
13	3436.35184212005	a8	a130
13	3436.8061358887	a8	a129
12	3436.80816601172	a8	a129	a87	-1
12	3436.80982425657	a8	a130	a123	-1
13	3436.82584819661	a8	a130
12	3436.82688745094	a8	a130	a93	-1
13	3436.84732727144	a8	a130
12	3436.84775997726	a8	a130	a86	-1
12	3436.84856594371	a8	a131	a123	-1
13	3436.85092923639	a8	a131
12	3436.85170029605	a8	a131	a91	-1
13	3436.87376621952	a8	a131
12	3436.87410077162	a8	a131	a91	-1
13	3436.8816409817	a8	a131
13	3436.88170422863	a8	a130
13	3436.88175918089	a8	a129
13	3436.8820197721	a8	a128
13	3436.88205778938	a8	a127
12	3436.88418779418	a8	a127	a90	-1
13	3437.15578604344	a8	a127
13	3437.15606875379	a8	a126
12	3437.20117868178	a8	a126	a88	-1
13	3437.20605595384	a8	a126
12	3437.25293506803	a8	a126	a85	-1
13	3437.25746534596	a8	a126
12	3437.27376957707	a8	a126	a122	-1
13	3437.27407751708	a8	a126
12	3437.2913021121	a8	a126	a85	-1
13	3437.29487642812	a8	a126
12	3437.30217090828	a8	a126	a122	-1
13	3437.3023786209	a8	a126
12	3437.37797772027	a8	a126	a123	-1
13	3437.38073846639	a8	a126
12	3437.38142001263	a8	a126	a89	-1
13	3437.38566654337	a8	a126
12	3437.39293890438	a8	a126	a88	-1
13	3437.3960279816	a8	a126
12	3437.46949673056	a8	a126	a84	-1
13	3437.47275792239	a8	a126
12	3437.4777461358	a8	a126	a85	-1
13	3437.48080445358	a8	a126
12	3437.48754284455	a8	a126	a122	-1
13	3437.48766761037	a8	a126
12	3437.50847585292	a8	a126	a108	-1
12	3437.50883010489	a8	a127	a109	-1
12	3437.50916569384	a8	a128	a109	-1
12	3437.50940209223	a8	a129	a108	-1
12	3437.50995368847	a8	a130	a123	-1
13	3437.51394273851	a8	a130
12	3437.51472243846	a8	a130	a107	-1
13	3437.53207041685	a8	a130
12	3437.53247340007	a8	a130	a107	-1
13	3437.54167012694	a8	a130
13	3437.54186401509	a8	a129
12	3437.54241595695	a8	a129	a106	-1
13	3437.55082226989	a8	a129
13	3437.55088344316	a8	a128
12	3437.55097433903	a8	a128	a109	-1
12	3437.55188468021	a8	a129	a105	-1
12	3438.2448547661	a8	a130	a104	-1
12	3438.26451730593	a8	a131	a101	-1
13	3438.67997780036	a8	a131
12	3438.68031753664	a8	a131	a103	-1
13	3448.52324942431	a8	a131
12	3448.52361542708	a8	a131	a100	-1
13	3448.54263858529	a8	a131
12	3448.55422798183	a8	a131	a102	-1
13	3454.72754419541	a8	a131
13	3454.72960473226	a8	a130
12	3455.12323984896	a8	a130	a99	-1
12	3455.54684606513	a8	a131	a98	-1
13	3456.27498213969	a8	a131
12	3456.27509204421	a8	a131	a97	-1
13	3456.54380167102	a8	a131
12	3536.1679327102	a8	a131	a96	-1
13	3544.77321879545	a8	a131
13	3544.77350461631	a8	a130
12	3544.7751873996	a8	a130	a95	-1
13	3590.49626951101	a8	a130
13	3590.95214790923	a8	a129
12	3590.95408091537	a8	a129	a87	-1
12	3590.95539216609	a8	a130	a123	-1
13	3590.96175937011	a8	a130
12	3590.96220140745	a8	a130	a93	-1
13	3590.98305907248	a8	a130
12	3590.98341263323	a8	a130	a86	-1
12	3590.98425143278	a8	a131	a123	-1
13	3590.98633408878	a8	a131
12	3590.98710722211	a8	a131	a91	-1
13	3591.01594022231	a8	a131
12	3591.0162239695	a8	a131	a91	-1
13	3591.02363008224	a8	a131
13	3591.0236850345	a8	a130
13	3591.02373894992	a8	a129
13	3591.02378422505	a8	a128
13	3591.02388134194	a8	a127
12	3591.02598508024	a8	a127	a90	-1
13	3591.31186089371	a8	a127
13	3591.31207413611	a8	a126
12	3591.36848210999	a8	a126	a88	-1
13	3591.38001033327	a8	a126
12	3591.42674774666	a8	a126	a85	-1
13	3591.43083495042	a8	a126
12	3591.4478601275	a8	a126	a122	-1
13	3591.4480878856	a8	a126
12	3591.46528172117	a8	a126	a85	-1
13	3591.46847932046	a8	a126
12	3591.47609867561	a8	a126	a122	-1
13	3591.47617367334	a8	a126
12	3591.53903110682	a8	a126	a123	-1
13	3591.54144693248	a8	a126
12	3591.54216131183	a8	a126	a89	-1
13	3591.54596995257	a8	a126
12	3591.55309231811	a8	a126	a88	-1
13	3591.55605801196	a8	a126
12	3591.62938333207	a8	a126	a84	-1
13	3591.63256537883	a8	a126
12	3591.63781107294	a8	a126	a85	-1
13	3591.64621738589	a8	a126
12	3591.65354988334	a8	a126	a122	-1
13	3591.65366255275	a8	a126
12	3591.67361333272	a8	a126	a108	-1
12	3591.67433911725	a8	a127	a109	-1
12	3591.6745596175	a8	a128	a109	-1
12	3591.67469371484	a8	a129	a108	-1
12	3591.67526328289	a8	a130	a123	-1
13	3591.68003203288	a8	a130
12	3591.68089191474	a8	a130	a107	-1
13	3591.69865220787	a8	a130
12	3591.69907938391	a8	a130	a107	-1
13	3591.70860616993	a8	a130
13	3591.70880247737	a8	a129
12	3591.7093005038	a8	a129	a106	-1
13	3591.71719427462	a8	a129
13	3591.71724162342	a8	a128
12	3591.71733977714	a8	a128	a109	-1
12	3591.71840011378	a8	a129	a105	-1
12	3592.47825677415	a8	a130	a104	-1
12	3592.49791482103	a8	a131	a101	-1
13	3592.90729635158	a8	a131
12	3592.90779956219	a8	a131	a103	-1
13	3602.66918748394	a8	a131
12	3602.66972352766	a8	a131	a100	-1
13	3602.68753980988	a8	a131
12	3602.70035923839	a8	a131	a102	-1
13	3609.50759156095	a8	a131
13	3609.51026486731	a8	a130
12	3609.88101426963	a8	a130	a99	-1
12	3610.29584298591	a8	a131	a98	-1
13	3611.05094541198	a8	a131
12	3611.05129897273	a8	a131	a97	-1
13	3611.31497822151	a8	a131
12	3686.48797502282	a8	a131	a96	-1
13	3696.02223938903	a8	a131
13	3696.02228155366	a8	a130
12	3696.02382816593	a8	a130	a95	-1
13	3741.75088694017	a8	a130
13	3742.20964981349	a8	a129
12	3742.21174422028	a8	a129	a87	-1
12	3742.21321687166	a8	a130	a123	-1
13	3742.21909019659	a8	a130
12	3742.21975273418	a8	a130	a93	-1
13	3742.24045660201	a8	a130
12	3742.24095670211	a8	a130	a86	-1
12	3742.24161923971	a8	a131	a123	-1
13	3742.24378933546	a8	a131
12	3742.24429807586	a8	a131	a91	-1
13	3742.26539732344	a8	a131
12	3742.26568348992	a8	a131	a91	-1
13	3742.2737151598	a8	a131
13	3742.27378497336	a8	a130
13	3742.27384510979	a8	a129
13	3742.27389245859	a8	a128
13	3742.27398335447	a8	a127
12	3742.2761914675	a8	a127	a90	-1
13	3742.54931006255	a8	a127
13	3742.54969403713	a8	a126
12	3742.59477838985	a8	a126	a88	-1
13	3742.5996020921	a8	a126
12	3742.64635540364	a8	a126	a85	-1
13	3742.65049548598	a8	a126
12	3742.66712044473	a8	a126	a122	-1
13	3742.66734820283	a8	a126
12	3742.70526076753	a8	a126	a85	-1
13	3742.70855237319	a8	a126
12	3742.7161644705	a8	a126	a122	-1
13	3742.71623497528	a8	a126
12	3742.78152309572	a8	a126	a123	-1
13	3742.7842440965	a8	a126
12	3742.78489592013	a8	a126	a89	-1
13	3742.78967642092	a8	a126
12	3742.79637264726	a8	a126	a88	-1
13	3742.80880499069	a8	a126
12	3742.87928903717	a8	a126	a84	-1
13	3742.88288270744	a8	a126
12	3742.88768809227	a8	a126	a85	-1
13	3742.89074157148	a8	a126
12	3742.8974578433	a8	a126	a122	-1
13	3742.89757154955	a8	a126
12	3742.91833659064	a8	a126	a108	-1
12	3742.91881664526	a8	a127	a109	-1
12	3742.91917539019	a8	a128	a109	-1
12	3742.91940660441	a8	a129	a108	-1
12	3742.91995923749	a8	a130	a123	-1
13	3742.93089369989	a8	a130
12	3742.93166268588	a8	a130	a107	-1
13	3742.94878048689	a8	a130
12	3742.94915305628	a8	a130	a107	-1
13	3742.9586767318	a8	a130
13	3742.95871993326	a8	a129
12	3742.95920309839	a8	a129	a106	-1
13	3742.96730147133	a8	a129
13	3742.96733637811	a8	a128
12	3742.96742692837	a8	a128	a109	-1
12	3742.96859716953	a8	a129	a105	-1
12	3743.73622076123	a8	a130	a104	-1
12	3743.75703004062	a8	a131	a101	-1
13	3744.16830103024	a8	a131
12	3744.16854779698	a8	a131	a103	-1
13	3754.12484964793	a8	a131
12	3754.12544548247	a8	a131	a100	-1
13	3754.14498774943	a8	a131
12	3754.15748575908	a8	a131	a102	-1
13	3760.81615551759	a8	a131
13	3760.81852503128	a8	a130
12	3761.22902046828	a8	a130	a99	-1
12	3761.65770579373	a8	a131	a98	-1
13	3762.39122373342	a8	a131
12	3762.39145771252	a8	a131	a97	-1
13	3762.65528280944	a8	a131
12	3841.84974318426	a8	a131	a96	-1
13	3850.37520195682	a8	a131
13	3850.37538651346	a8	a130
12	3850.37692690472	a8	a130	a95	-1
13	3896.28978824738	a8	a130
13	3896.760062409	a8	a129
12	3896.76257466032	a8	a129	a87	-1
12	3896.76422149999	a8	a130	a123	-1
13	3896.77037960894	a8	a130
12	3896.77113200557	a8	a130	a93	-1
13	3896.79202043004	a8	a130
12	3896.79221535502	a8	a130	a86	-1
12	3896.79320622372	a8	a131	a123	-1
13	3896.79531307253	a8	a131
12	3896.79630359561	a8	a131	a91	-1
13	3896.82199152951	a8	a131
12	3896.82231122031	a8	a131	a91	-1
13	3896.83045279471	a8	a131
13	3896.83050774697	a8	a130
13	3896.83056235361	a8	a129
13	3896.83061937954	a8	a128
13	3896.83071234908	a8	a127
12	3896.83314096238	a8	a127	a90	-1
13	3897.10492273144	a8	a127
13	3897.10537859324	a8	a126
12	3897.15017919878	a8	a126	a88	-1
13	3897.15492686646	a8	a126
12	3897.20335570343	a8	a126	a85	-1
13	3897.20746191582	a8	a126
12	3897.22385911648	a8	a126	a122	-1
13	3897.22446462814	a8	a126
12	3897.24248965982	a8	a126	a85	-1
13	3897.24575499899	a8	a126
12	3897.25322885162	a8	a126	a122	-1
13	3897.2534324169	a8	a126
12	3897.31567362475	a8	a126	a123	-1
13	3897.31821421623	a8	a126
12	3897.31886292936	a8	a126	a89	-1
13	3897.32288688617	a8	a126
12	3897.34261889395	a8	a126	a88	-1
13	3897.3456499084	a8	a126
12	3897.41945528314	a8	a126	a84	-1
13	3897.42278386925	a8	a126
12	3897.42779005447	a8	a126	a85	-1
13	3897.43093615761	a8	a126
12	3897.43793721346	a8	a126	a122	-1
13	3897.43805541265	a8	a126
12	3897.45921825279	a8	a126	a108	-1
12	3897.45997030381	a8	a127	a109	-1
12	3897.47792690437	a8	a128	a109	-1
12	3897.47811906447	a8	a129	a108	-1
12	3897.47876881443	a8	a130	a123	-1
13	3897.48281385356	a8	a130
12	3897.48356486775	a8	a130	a107	-1
13	3897.50290253259	a8	a130
12	3897.50320010425	a8	a130	a107	-1
13	3897.51249809534	a8	a130
13	3897.5125412968	a8	a129
12	3897.51308148786	a8	a129	a106	-1
13	3897.52173594999	a8	a129
13	3897.52177500411	a8	a128
12	3897.52185622286	a8	a128	a109	-1
12	3897.52284881961	a8	a129	a105	-1
12	3898.23238269099	a8	a130	a104	-1
12	3898.2520358993	a8	a131	a101	-1
13	3898.67532760884	a8	a131
12	3898.6757053624	a8	a131	a103	-1
13	3908.5696149732	a8	a131
12	3908.57073440944	a8	a131	a100	-1
13	3908.58868478899	a8	a131
12	3908.60230811028	a8	a131	a102	-1
13	3915.15924188594	a8	a131
13	3915.16135080843	a8	a130
12	3915.54477966654	a8	a130	a99	-1
12	3916.20620128125	a8	a131	a98	-1
13	3916.94126687004	a8	a131
12	3916.94150119476	a8	a131	a97	-1
13	3917.20479232162	a8	a131
12	3992.68091994524	a8	a131	a96	-1
13	4001.76600525008	a8	a131
13	4001.76623300818	a8	a130
12	4001.76792754225	a8	a130	a95	-1
13	4047.22840773131	a8	a130
13	4047.69140987752	a8	a129
12	4047.69359690825	a8	a129	a87	-1
12	4047.69481968238	a8	a130	a123	-1
13	4047.70065291635	a8	a130
12	4047.7012964453	a8	a130	a93	-1
13	4047.72215964011	a8	a130
12	4047.72269119088	a8	a130	a86	-1
12	4047.72329566571	a8	a131	a123	-1
13	4047.72575400161	a8	a131
12	4047.7261708093	a8	a131	a91	-1
13	4047.74774907468	a8	a131
12	4047.74804664633	a8	a131	a91	-1
13	4047.75573477821	a8	a131
13	4047.75579042169	a8	a130
13	4047.75583707926	a8	a129
13	4047.7558854649	a8	a128
13	4047.75598361862	a8	a127
12	4047.75797019457	a8	a127	a90	-1
13	4048.02515740192	a8	a127
13	4048.02531672891	a8	a126
12	4048.0707166251	a8	a126	a88	-1
13	4048.07512559333	a8	a126
12	4048.12275883221	a8	a126	a85	-1
13	4048.12686919194	a8	a126
12	4048.1434765245	a8	a126	a122	-1
13	4048.14375716118	a8	a126
12	4048.1602124246	a8	a126	a85	-1
13	4048.16330875966	a8	a126
12	4048.17063054315	a8	a126	a122	-1
13	4048.17072247585	a8	a126
12	4048.23569608967	a8	a126	a123	-1
13	4048.23770063742	a8	a126
12	4048.23837699949	a8	a126	a89	-1
13	4048.26349916705	a8	a126
12	4048.27046358806	a8	a126	a88	-1
13	4048.27325613046	a8	a126
12	4048.35676973735	a8	a126	a84	-1
13	4048.35991376682	a8	a126
12	4048.36519298527	a8	a126	a85	-1
13	4048.3678949774	a8	a126
12	4048.37457979856	a8	a126	a122	-1
13	4048.37466931198	a8	a126
12	4048.39597247046	a8	a126	a108	-1
12	4048.39639860967	a8	a127	a109	-1
12	4048.39674145646	a8	a128	a109	-1
12	4048.39696091988	a8	a129	a108	-1
12	4048.3975709245	a8	a130	a123	-1
13	4048.40211571812	a8	a130
12	4048.40340830581	a8	a130	a107	-1
13	4048.42172883547	a8	a130
12	4048.42211695739	a8	a130	a107	-1
13	4048.43140872747	a8	a130
13	4048.4314422518	a8	a129
12	4048.43189915044	a8	a129	a106	-1
13	4048.44029716871	a8	a129
13	4048.44051352162	a8	a128
12	4048.44074335339	a8	a128	a109	-1
12	4048.44188594561	a8	a129	a105	-1
12	4049.17952046604	a8	a130	a104	-1
12	4049.19960085039	a8	a131	a101	-1
13	4049.62291295102	a8	a131
12	4049.6233000361	a8	a131	a103	-1
13	4059.54409374282	a8	a131
12	4059.54462978654	a8	a131	a100	-1
13	4059.56328694198	a8	a131
12	4059.57768166855	a8	a131	a102	-1
13	4066.18566609141	a8	a131
13	4066.18762294475	a8	a130
12	4066.58584743898	a8	a130	a99	-1
12	4067.00256043014	a8	a131	a98	-1
13	4067.74183003944	a8	a131
12	4067.74218463703	a8	a131	a97	-1
13	4068.00684404054	a8	a131
12	4143.17911505731	a8	a131	a96	-1
13	4152.44535756395	a8	a131
13	4152.44588946033	a8	a130
12	4152.44756256649	a8	a130	a95	-1
13	4197.95725025563	a8	a130
13	4198.42179279311	a8	a129
12	4198.42403892344	a8	a129	a87	-1
12	4198.42544625421	a8	a130	a123	-1
13	4198.43155805119	a8	a130
12	4198.43228694623	a8	a130	a93	-1
13	4198.45354690325	a8	a130
12	4198.45393502517	a8	a130	a86	-1
12	4198.45511459784	a8	a131	a123	-1
13	4198.45701788138	a8	a131
12	4198.45774470275	a8	a131	a91	-1
13	4198.47894452333	a8	a131
12	4198.47935372756	a8	a131	a91	-1
13	4198.48744380582	a8	a131
13	4198.48750394225	a8	a130
13	4198.48754818055	a8	a129
13	4198.48759034518	a8	a128
13	4198.48770854437	a8	a127
12	4198.49025017268	a8	a127	a90	-1
13	4198.75934481091	a8	a127
13	4198.75967072273	a8	a126
12	4198.80433515726	a8	a126	a88	-1
13	4198.82970547402	a8	a126
12	4198.87728929042	a8	a126	a85	-1
13	4198.88160114177	a8	a126
12	4198.89858277178	a8	a126	a122	-1
13	4198.89889520474	a8	a126
12	4198.91536705751	a8	a126	a85	-1
13	4198.91880658498	a8	a126
12	4198.92622237484	a8	a126	a122	-1
13	4198.92630670409	a8	a126
12	4198.98816704787	a8	a126	a123	-1
13	4198.99027804403	a8	a126
12	4198.9909281396	a8	a126	a89	-1
13	4198.99536441115	a8	a126
12	4199.00233712684	a8	a126	a88	-1
13	4199.00537021497	a8	a126
12	4199.07756987783	a8	a126	a84	-1
13	4199.08947274417	a8	a126
12	4199.09451452739	a8	a126	a85	-1
13	4199.09723241765	a8	a126
12	4199.10378314148	a8	a126	a122	-1
13	4199.10389166355	a8	a126
12	4199.12484333495	a8	a126	a108	-1
12	4199.12534896484	a8	a127	a109	-1
12	4199.12556289847	a8	a128	a109	-1
12	4199.12576542692	a8	a129	a108	-1
12	4199.1262382237	a8	a130	a123	-1
13	4199.13040249886	a8	a130
12	4199.13118219881	a8	a130	a107	-1
13	4199.14944017276	a8	a130
12	4199.14969557979	a8	a130	a107	-1
13	4199.15827193369	a8	a130
13	4199.15831098781	a8	a129
12	4199.15926141993	a8	a129	a106	-1
13	4199.16710680512	a8	a129
13	4199.16722396748	a8	a128
12	4199.16731244407	a8	a128	a109	-1
12	4199.16835066157	a8	a129	a105	-1
12	4199.94576577784	a8	a130	a104	-1
12	4199.9660445433	a8	a131	a101	-1
13	4200.38212126336	a8	a131
12	4200.38255777091	a8	a131	a103	-1
13	4210.41998470642	a8	a131
12	4210.42060300572	a8	a131	a100	-1
13	4210.43892457222	a8	a131
12	4210.45049599695	a8	a131	a102	-1
13	4216.9039550174	a8	a131
13	4216.90661380807	a8	a130
12	4217.28307202416	a8	a130	a99	-1
12	4217.70708226039	a8	a131	a98	-1
13	4218.44343283342	a8	a131
12	4218.44390044602	a8	a131	a97	-1
13	4218.70614056776	a8	a131
12	4292.96705569765	a8	a131	a96	-1
13	4301.84273522983	a8	a131
13	4301.84328820853	a8	a130
12	4301.84533388407	a8	a130	a95	-1
13	4347.12380632097	a8	a130
13	4347.57696717453	a8	a129
12	4347.57902114476	a8	a129	a87	-1
12	4347.58057432366	a8	a130	a123	-1
13	4347.58654234619	a8	a130
12	4347.58698680281	a8	a130	a93	-1
13	4347.62815261028	a8	a130
12	4347.62843635748	a8	a130	a86	-1
12	4347.62901352898	a8	a131	a123	-1
13	4347.63138407951	a8	a131
12	4347.6318157485	a8	a131	a91	-1
13	4347.65587757943	a8	a131
12	4347.65621524205	a8	a131	a91	-1
13	4347.66439068639	a8	a131
13	4347.66446361045	a8	a130
13	4347.66451303292	a8	a129
13	4347.66456902202	a8	a128
13	4347.66465335127	a8	a127
12	4347.66662852203	a8	a127	a90	-1
13	4347.9404518193	a8	a127
13	4347.94106562565	a8	a126
12	4347.98721791847	a8	a126	a88	-1
13	4347.99225348068	a8	a126
12	4348.03841614185	a8	a126	a85	-1
13	4348.04202847515	a8	a126
12	4348.05855216968	a8	a126	a122	-1
13	4348.0587864944	a8	a126
12	4348.07513841992	a8	a126	a85	-1
13	4348.0784099801	a8	a126
12	4348.08609050852	a8	a126	a122	-1
13	4348.08615479229	a8	a126
12	4348.148646223	a8	a126	a123	-1
13	4348.1513502888	a8	a126
12	4348.15199589143	a8	a126	a89	-1
13	4348.1559268787	a8	a126
12	4348.16330672495	a8	a126	a88	-1
13	4348.16670305095	a8	a126
12	4348.23879384614	a8	a126	a84	-1
13	4348.24186598838	a8	a126
12	4348.24703461109	a8	a126	a85	-1
13	4348.2498662076	a8	a126
12	4348.2566173862	a8	a126	a122	-1
13	4348.25671139258	a8	a126
12	4348.27763990799	a8	a126	a108	-1
12	4348.27810199081	a8	a127	a109	-1
12	4348.29437788177	a8	a128	a109	-1
12	4348.29458352072	a8	a129	a108	-1
12	4348.29508051032	a8	a130	a123	-1
13	4348.29927934664	a8	a130
12	4348.30019936494	a8	a130	a107	-1
13	4348.32124711639	a8	a130
12	4348.32143512914	a8	a130	a107	-1
13	4348.33089970506	a8	a130
13	4348.33093461184	a8	a129
12	4348.33140913668	a8	a129	a106	-1
13	4348.35017066685	a8	a129
13	4348.35026156272	a8	a128
12	4348.3503880566	a8	a128	a109	-1
12	4348.35151371385	a8	a129	a105	-1
12	4349.08538625111	a8	a130	a104	-1
12	4349.10334803585	a8	a131	a101	-1
13	4349.5244095132	a8	a131
12	4349.52468911306	a8	a131	a103	-1
13	4359.47425222743	a8	a131
12	4359.47520196833	a8	a131	a100	-1
13	4359.49411003785	a8	a131
12	4359.50704662873	a8	a131	a102	-1
13	4366.05650897105	a8	a131
13	4366.05926453299	a8	a130
12	4366.44074172193	a8	a130	a99	-1
12	4366.85634011542	a8	a131	a98	-1
13	4367.59497932901	a8	a131
12	4367.5953812754	a8	a131	a97	-1
13	4367.85918390755	a8	a131
12	4442.30529160124	a8	a131	a96	-1
13	4450.89782357859	a8	a131
13	4450.89809177325	a8	a130
12	4450.90022385172	a8	a130	a95	-1
13	4496.43087703673	a8	a130
13	4496.90601188105	a8	a129
12	4496.90804062163	a8	a129	a87	-1
12	4496.90940889828	a8	a130	a123	-1
13	4496.91467049053	a8	a130
12	4496.91513672069	a8	a130	a93	-1
13	4496.93591765991	a8	a130
12	4496.93622145258	a8	a130	a86	-1
12	4496.93690610932	a8	a131	a123	-1
13	4496.95380341008	a8	a131
12	4496.95432355566	a8	a131	a91	-1
13	4496.97524343079	a8	a131
12	4496.97553892878	a8	a131	a91	-1
13	4496.98335977553	a8	a131
13	4496.98341680146	a8	a130
13	4496.98347590106	a8	a129
13	4496.98352670598	a8	a128
13	4496.9836162194	a8	a127
12	4496.98642569677	a8	a127	a90	-1
13	4497.25706072626	a8	a127
13	4497.25757776134	a8	a126
12	4497.30266971752	a8	a126	a88	-1
13	4497.30799317426	a8	a126
12	4497.36672331304	a8	a126	a85	-1
13	4497.37088655136	a8	a126
12	4497.38724573473	a8	a126	a122	-1
13	4497.38743651237	a8	a126
12	4497.40438150754	a8	a126	a85	-1
13	4497.4080308213	a8	a126
12	4497.41529557885	a8	a126	a122	-1
13	4497.4153619363	a8	a126
12	4497.47925758727	a8	a126	a123	-1
13	4497.48178850162	a8	a126
12	4497.4824299569	a8	a126	a89	-1
13	4497.49848638444	a8	a126
12	4497.50568063721	a8	a126	a88	-1
13	4497.50857133333	a8	a126
12	4497.58024566643	a8	a126	a84	-1
13	4497.58369970958	a8	a126
12	4497.58876706807	a8	a126	a85	-1
13	4497.59185821896	a8	a126
12	4497.5986135449	a8	a126	a122	-1
13	4497.59873589143	a8	a126
12	4497.61915393839	a8	a126	a108	-1
12	4497.61957904076	a8	a127	a109	-1
12	4497.61992949101	a8	a128	a109	-1
12	4497.62008328821	a8	a129	a108	-1
12	4497.62053085534	a8	a130	a123	-1
13	4497.62493636745	a8	a130
12	4497.62577724067	a8	a130	a107	-1
13	4497.6427623268	a8	a130
12	4497.64300390936	a8	a130	a107	-1
13	4497.65256007238	a8	a130
13	4497.65260984046	a8	a129
12	4497.65306984961	a8	a129	a106	-1
13	4497.66095498014	a8	a129
13	4497.66100785872	a8	a128
12	4497.66111119662	a8	a128	a109	-1
12	4497.662116581	a8	a129	a105	-1
12	4498.3993923565	a8	a130	a104	-1
12	4498.41897782492	a8	a131	a101	-1
13	4498.82778114713	a8	a131
12	4498.8282211108	a8	a131	a103	-1
13	4508.78183479409	a8	a131
12	4508.78251945083	a8	a131	a100	-1
13	4508.80048330924	a8	a131
12	4508.81313304242	a8	a131	a102	-1
13	4515.59473964119	a8	a131
13	4515.59671584878	a8	a130
12	4515.98169546651	a8	a130	a99	-1
12	4516.41008944131	a8	a131	a98	-1
13	4517.13781216431	a8	a131
12	4517.13801054541	a8	a131	a97	-1
13	4517.40629368741	a8	a131
12	4593.08954431852	a8	a131	a96	-1
13	4602.01105092293	a8	a131
13	4602.01129872651	a8	a130
12	4602.01303127787	a8	a130	a95	-1
13	4647.44059160858	a8	a130
13	4647.892422894	a8	a129
12	4647.89457190744	a8	a129	a87	-1
12	4647.89605734645	a8	a130	a123	-1
13	4647.90175786554	a8	a130
12	4647.90233158093	a8	a130	a93	-1
13	4647.92361987811	a8	a130
12	4647.92395028288	a8	a130	a86	-1
12	4647.92465187459	a8	a131	a123	-1
13	4647.92712887352	a8	a131
12	4647.92764487176	a8	a131	a91	-1
13	4647.94770521063	a8	a131
12	4647.94815450582	a8	a131	a91	-1
13	4647.95635206931	a8	a131
13	4647.95640598473	a8	a130
13	4647.97946865229	a8	a129
13	4647.97977486424	a8	a128
13	4647.97981599203	a8	a127
12	4647.98162941653	a8	a127	a90	-1
13	4648.25634957611	a8	a127
13	4648.25638551972	a8	a126
12	4648.30196893572	a8	a126	a88	-1
13	4648.32327416787	a8	a126
12	4648.38357096439	a8	a126	a85	-1
13	4648.38782475298	a8	a126
12	4648.40491386822	a8	a126	a122	-1
13	4648.40511121249	a8	a126
12	4648.42196842229	a8	a126	a85	-1
13	4648.42519470734	a8	a126
12	4648.43266130213	a8	a126	a122	-1
13	4648.43274252087	a8	a126
12	4648.49465643446	a8	a126	a123	-1
13	4648.4971220282	a8	a126
12	4648.49777108694	a8	a126	a89	-1
13	4648.50169136025	a8	a126
12	4648.50880854163	a8	a126	a88	-1
13	4648.5120738808	a8	a126
12	4648.58301482592	a8	a126	a84	-1
13	4648.58602164755	a8	a126
12	4648.59100778729	a8	a126	a85	-1
13	4648.59411898365	a8	a126
12	4648.60073606492	a8	a126	a122	-1
13	4648.60083629231	a8	a126
12	4648.62156642662	a8	a126	a108	-1
12	4648.6221131843	a8	a127	a109	-1
12	4648.62232815477	a8	a128	a109	-1
12	4648.62260879146	a8	a129	a108	-1
12	4648.62302352548	a8	a130	a123	-1
13	4648.62745253918	a8	a130
12	4648.62802556335	a8	a130	a107	-1
13	4648.64555256859	a8	a130
12	4648.64601154091	a8	a130	a107	-1
13	4648.6551173719	a8	a130
13	4648.65515538918	a8	a129
12	4648.6556765716	a8	a129	a106	-1
13	4648.66426018334	a8	a129
13	4648.66430995142	a8	a128
12	4648.66441225248	a8	a128	a109	-1
12	4648.66537858274	a8	a129	a105	-1
12	4649.36806450425	a8	a130	a104	-1
12	4649.38901617565	a8	a131	a101	-1
13	4649.79748494575	a8	a131
12	4649.79784369068	a8	a131	a103	-1
13	4659.67317114377	a8	a131
12	4659.67383679187	a8	a131	a100	-1
13	4659.69140077756	a8	a131
12	4659.70342184309	a8	a131	a102	-1
13	4668.1613232089	a8	a131
13	4668.1641810719	a8	a130
12	4668.56378870408	a8	a130	a99	-1
12	4668.98540627063	a8	a131	a98	-1
13	4669.72105317827	a8	a131
12	4669.72142263716	a8	a131	a97	-1
13	4669.98582144947	a8	a131
12	4747.18970265472	a8	a131	a96	-1
13	4756.58705744597	a8	a131
13	4756.58735052467	a8	a130
12	4756.589265559	a8	a130	a95	-1
13	4811.73830533929	a8	a130
13	4812.15271724788	a8	a129
12	4812.15491672062	a8	a129	a87	-1
12	4812.15645814872	a8	a130	a123	-1
13	4812.16180821756	a8	a130
12	4812.16224921807	a8	a130	a93	-1
13	4812.18285700585	a8	a130
12	4812.18353440474	a8	a130	a86	-1
12	4812.18452942078	a8	a131	a123	-1
13	4812.18630068065	a8	a131
12	4812.18685780668	a8	a131	a91	-1
13	4812.21745861064	a8	a131
12	4812.21764766023	a8	a131	a91	-1
13	4812.22556147653	a8	a131
13	4812.22558152201	a8	a130
13	4812.22562679714	a8	a129
13	4812.22565410046	a8	a128
13	4812.2259779386	a8	a127
12	4812.22780207706	a8	a127	a90	-1
13	4812.51950282982	a8	a127
13	4812.51979418046	a8	a126
12	4812.56409675956	a8	a126	a88	-1
13	4812.58802483877	a8	a126
12	4812.63741585867	a8	a126	a85	-1
13	4812.64189947902	a8	a126
12	4812.65849195027	a8	a126	a122	-1
13	4812.65872731183	a8	a126
12	4812.67536298454	a8	a126	a85	-1
13	4812.6785215297	a8	a126
12	4812.68596151239	a8	a126	a122	-1
13	4812.68604273113	a8	a126
12	4812.74908368442	a8	a126	a123	-1
13	4812.75186689529	a8	a126
12	4812.75276479444	a8	a126	a89	-1
13	4812.75676974262	a8	a126
12	4812.76387102585	a8	a126	a88	-1
13	4812.77539924912	a8	a126
12	4812.84959170895	a8	a126	a84	-1
13	4812.85279794852	a8	a126
12	4812.85803638479	a8	a126	a85	-1
13	4812.86090807226	a8	a126
12	4812.86747020127	a8	a126	a122	-1
13	4812.86759151097	a8	a126
12	4812.88814780261	a8	a126	a108	-1
12	4812.88877750709	a8	a127	a109	-1
12	4812.88913106784	a8	a128	a109	-1
12	4812.88928832116	a8	a129	a108	-1
12	4812.88991698881	a8	a130	a123	-1
13	4812.893898781	a8	a130
12	4812.89456961327	a8	a130	a107	-1
13	4812.91448444963	a8	a130
12	4812.91479550014	a8	a130	a107	-1
13	4812.92373681997	a8	a130
13	4812.9237820951	a8	a129
12	4812.92461156314	a8	a129	a106	-1
13	4812.93275313754	a8	a129
13	4812.93289864006	a8	a128
12	4812.93312881744	a8	a128	a109	-1
12	4812.9340211868	a8	a129	a105	-1
12	4813.90766182861	a8	a130	a104	-1
12	4813.92956289531	a8	a131	a101	-1
13	4814.35884440091	a8	a131
12	4814.35910188161	a8	a131	a103	-1
13	4824.4714595035	a8	a131
12	4824.47201766636	a8	a131	a100	-1
13	4824.49037206597	a8	a131
12	4824.50293850674	a8	a131	a102	-1
13	4830.9042315911	a8	a131
13	4830.90620365136	a8	a130
12	4831.27444218481	a8	a130	a99	-1
12	4831.69701778694	a8	a131	a98	-1
13	4832.42852772275	a8	a131
12	4832.42876412114	a8	a131	a97	-1
13	4832.69196124162	a8	a131
12	4908.41101171322	a8	a131	a96	-1
13	4917.69440381715	a8	a131
13	4917.69502522695	a8	a130
12	4917.69665409481	a8	a130	a95	-1
13	4962.4127033097	a8	a130
13	4962.87730805729	a8	a129
12	4962.87959427856	a8	a129	a87	-1
12	4962.88106485627	a8	a130	a123	-1
13	4962.88642010929	a8	a130
12	4962.88686110979	a8	a130	a93	-1
13	4962.90870964351	a8	a130
12	4962.90920766994	a8	a130	a86	-1
12	4962.90997458227	a8	a131	a123	-1
13	4962.92628434316	a8	a131
12	4962.92673260151	a8	a131	a91	-1
13	4962.95147839796	a8	a131
12	4962.95182539209	a8	a131	a91	-1
13	4962.9593815003	a8	a131
13	4962.9594437104	a8	a130
13	4962.95966006332	a8	a129
13	4962.95970222794	a8	a128
13	4962.95982042714	a8	a127
12	4962.96193142329	a8	a127	a90	-1
13	4963.22775242767	a8	a127
13	4963.22829054506	a8	a126
12	4963.27337282411	a8	a126	a88	-1
13	4963.27842635813	a8	a126
12	4963.32399698649	a8	a126	a85	-1
13	4963.32838694607	a8	a126
12	4963.35764504865	a8	a126	a122	-1
13	4963.35788559438	a8	a126
12	4963.37471757452	a8	a126	a85	-1
13	4963.37785918472	a8	a126
12	4963.38521276448	a8	a126	a122	-1
13	4963.38528050437	a8	a126
12	4963.50854533012	a8	a126	a123	-1
13	4963.5111512422	a8	a126
12	4963.51165548964	a8	a126	a89	-1
13	4963.51596630416	a8	a126
12	4963.55183077403	a8	a126	a88	-1
13	4963.55512134286	a8	a126
12	4963.64282791068	a8	a126	a84	-1
13	4963.64638840223	a8	a126
12	4963.65146440101	a8	a126	a85	-1
13	4963.65431085882	a8	a126
12	4963.66136997743	a8	a126	a122	-1
13	4963.66149958182	a8	a126
12	4963.70788274324	a8	a126	a108	-1
12	4963.70840496249	a8	a127	a109	-1
12	4963.70875748641	a8	a128	a109	-1
12	4963.70900010581	a8	a129	a108	-1
12	4963.70956345285	a8	a130	a123	-1
13	4963.71380998359	a8	a130
12	4963.71444072491	a8	a130	a107	-1
13	4963.73255043145	a8	a130
12	4963.73286044513	a8	a130	a107	-1
13	4963.74182492094	a8	a130
13	4963.7418650119	a8	a129
12	4963.74255934577	a8	a129	a106	-1
13	4963.76540911652	a8	a129
13	4963.76547547397	a8	a128
12	4963.76559263633	a8	a128	a109	-1
12	4963.76667509212	a8	a129	a105	-1
12	4964.65163661483	a8	a130	a104	-1
12	4964.67335830906	a8	a131	a101	-1
13	4965.09311821282	a8	a131
12	4965.09340507051	a8	a131	a103	-1
13	4975.09740859146	a8	a131
12	4975.09773277522	a8	a131	a100	-1
13	4975.11608786605	a8	a131
12	4975.12775537083	a8	a131	a102	-1
13	4981.49899198963	a8	a131
13	4981.50095229909	a8	a130
12	4981.86796080057	a8	a130	a99	-1
12	4982.28433923963	a8	a131	a98	-1
13	4982.98706490648	a8	a131
12	4982.98750694382	a8	a131	a97	-1
13	4983.2507009538	a8	a131
12	5058.0882252828	a8	a131	a96	-1
13	5066.58716699905	a8	a131
13	5066.58766398865	a8	a130
12	5066.60858075327	a8	a130	a95	-1
13	5111.00353321377	a8	a130
13	5111.46346943876	a8	a129
12	5111.46613756094	a8	a129	a87	-1
12	5111.4675238094	a8	a130	a123	-1
13	5111.47300140895	a8	a130
12	5111.47367880785	a8	a130	a93	-1
13	5111.49397312583	a8	a130
12	5111.49424235733	a8	a130	a86	-1
12	5111.49496503136	a8	a131	a123	-1
13	5111.49738189385	a8	a131
12	5111.49790203943	a8	a131	a91	-1
13	5111.51826306047	a8	a131
12	5111.51854784449	a8	a131	a91	-1
13	5111.52632134245	a8	a131
13	5111.52638044205	a8	a130
13	5111.5264322838	a8	a129
13	5111.5264913834	a8	a128
13	5111.52657571265	a8	a127
12	5111.52873302077	a8	a127	a90	-1
13	5111.79837960086	a8	a127
13	5111.798703439	a8	a126
12	5111.84398617283	a8	a126	a88	-1
13	5111.84881298559	a8	a126
12	5111.89566894379	a8	a126	a85	-1
13	5111.90035958554	a8	a126
12	5111.91628917359	a8	a126	a122	-1
13	5111.91649619499	a8	a126
12	5111.93283948022	a8	a126	a85	-1
13	5111.93685272307	a8	a126
12	5111.94424846746	a8	a126	a122	-1
13	5111.94432864937	a8	a126
12	5112.00612056203	a8	a126	a123	-1
13	5112.00900814764	a8	a126
12	5112.00964856609	a8	a126	a89	-1
13	5112.03123097881	a8	a126
12	5112.03816878771	a8	a126	a88	-1
13	5112.04093195311	a8	a126
12	5112.11480161163	a8	a126	a84	-1
13	5112.11875610049	a8	a126
12	5112.12364166723	a8	a126	a85	-1
13	5112.12680263168	a8	a126
12	5112.13330151375	a8	a126	a122	-1
13	5112.13340830776	a8	a126
12	5112.153757578	a8	a126	a108	-1
12	5112.15442841028	a8	a127	a109	-1
12	5112.15464476319	a8	a128	a109	-1
12	5112.15499728711	a8	a129	a108	-1
12	5112.15547284878	a8	a130	a123	-1
13	5112.16021947962	a8	a130
12	5112.16099295857	a8	a130	a107	-1
13	5112.17826351994	a8	a130
12	5112.17859910888	a8	a130	a107	-1
13	5112.18821782761	a8	a130
13	5112.18826102907	a8	a129
12	5112.18890766853	a8	a129	a106	-1
13	5112.19675616422	a8	a129
13	5112.19680247619	a8	a128
12	5112.19689855624	a8	a128	a109	-1
12	5112.19816556866	a8	a129	a105	-1
12	5112.96069968274	a8	a130	a104	-1
12	5112.98047834809	a8	a131	a101	-1
13	5113.39626993851	a8	a131
12	5113.39666773755	a8	a131	a103	-1
13	5123.34960402195	a8	a131
12	5123.35005573641	a8	a131	a100	-1
13	5123.36783814869	a8	a131
12	5123.38072946443	a8	a131	a102	-1
13	5129.74263214854	a8	a131
13	5129.74506732845	a8	a130
12	5130.10673198209	a8	a130	a99	-1
12	5130.53480004508	a8	a131	a98	-1
13	5131.26032294972	a8	a131
12	5131.26051891154	a8	a131	a97	-1
13	5131.53002517328	a8	a131
12	5208.01352064595	a8	a131	a96	-1
13	5216.82002945605	a8	a131
13	5216.82013625006	a8	a130
12	5216.82182110701	a8	a130	a95	-1
13	5261.0754453472	a8	a130
13	5261.55938534035	a8	a129
12	5261.56148596815	a8	a129	a87	-1
12	5261.56283316249	a8	a130	a123	-1
13	5261.5682444046	a8	a130
12	5261.56884369526	a8	a130	a93	-1
13	5261.58956242438	a8	a130
12	5261.58990630801	a8	a130	a86	-1
12	5261.59080178787	a8	a131	a123	-1
13	5261.59289101049	a8	a131
12	5261.5936188687	a8	a131	a91	-1
13	5261.61408011712	a8	a131
12	5261.61442400074	a8	a131	a91	-1
13	5261.62260048192	a8	a131
13	5261.62265094123	a8	a130
13	5261.63649925572	a8	a129
13	5261.63653934668	a8	a128
13	5261.63664475824	a8	a127
12	5261.63856082941	a8	a127	a90	-1
13	5261.91059696866	a8	a127
13	5261.91124775546	a8	a126
12	5261.95755177181	a8	a126	a88	-1
13	5261.9619683435	a8	a126
12	5262.00912463826	a8	a126	a85	-1
13	5262.02687974721	a8	a126
12	5262.04384340541	a8	a126	a122	-1
13	5262.04417899435	a8	a126
12	5262.06080187943	a8	a126	a85	-1
13	5262.06430569066	a8	a126
12	5262.07210545511	a8	a126	a122	-1
13	5262.07218460018	a8	a126
12	5262.13387939597	a8	a126	a123	-1
13	5262.136087509	a8	a126
12	5262.13671099248	a8	a126	a89	-1
13	5262.14091950593	a8	a126
12	5262.14810615525	a8	a126	a88	-1
13	5262.15085031201	a8	a126
12	5262.22244446321	a8	a126	a84	-1
13	5262.2255387246	a8	a126
12	5262.23072635595	a8	a126	a85	-1
13	5262.23341556045	a8	a126
12	5262.24031984502	a8	a126	a122	-1
13	5262.24041557946	a8	a126
12	5262.26036946993	a8	a126	a108	-1
12	5262.26095286245	a8	a127	a109	-1
12	5262.2611671417	a8	a128	a109	-1
12	5262.26131368105	a8	a129	a108	-1
12	5262.26203842875	a8	a130	a123	-1
13	5262.26640212185	a8	a130
12	5262.26720394095	a8	a130	a107	-1
13	5262.28458959101	a8	a130
12	5262.28481009127	a8	a130	a107	-1
13	5262.30905578761	a8	a130
13	5262.30909795223	a8	a129
12	5262.30948503732	a8	a129	a106	-1
13	5262.31790102739	a8	a129
13	5262.31794941303	a8	a128
12	5262.31806035438	a8	a128	a109	-1
12	5262.31903394249	a8	a129	a105	-1
12	5263.08117475047	a8	a130	a104	-1
12	5263.10179636271	a8	a131	a101	-1
13	5263.52320068685	a8	a131
12	5263.52349514801	a8	a131	a103	-1
13	5273.49895805623	a8	a131
12	5273.49968729688	a8	a131	a100	-1
13	5273.51736844493	a8	a131
12	5273.53201201191	a8	a131	a102	-1
13	5279.92809154404	a8	a131
13	5279.93043790175	a8	a130
12	5280.34775294847	a8	a130	a99	-1
12	5280.78700016693	a8	a131	a98	-1
13	5281.48652305032	a8	a131
12	5281.48663883024	a8	a131	a97	-1
13	5281.74920728307	a8	a131
12	5357.63957919361	a8	a131	a96	-1
13	5367.15424219326	a8	a131
13	5367.15453008779	a8	a130
12	5367.15624674101	a8	a130	a95	-1
13	5411.21181647864	a8	a130
13	5411.67897529656	a8	a129
12	5411.68090588342	a8	a129	a87	-1
12	5411.6822427094	a8	a130	a123	-1
13	5411.68866555691	a8	a130
12	5411.68923858108	a8	a130	a93	-1
13	5411.72418925366	a8	a130
12	5411.72470110456	a8	a130	a86	-1
12	5411.72547873085	a8	a131	a123	-1
13	5411.72755689389	a8	a131
12	5411.72793775797	a8	a131	a91	-1
13	5411.7499552958	a8	a131
12	5411.75023904299	a8	a131	a91	-1
13	5411.75798592885	a8	a131
13	5411.75804502844	a8	a130
13	5411.7580999807	a8	a129
13	5411.75814629267	a8	a128
13	5411.75823407803	a8	a127
12	5411.7602890851	a8	a127	a90	-1
13	5412.03510739839	a8	a127
13	5412.03531614785	a8	a126
12	5412.08073297901	a8	a126	a88	-1
13	5412.08556290227	a8	a126
12	5412.13199030199	a8	a126	a85	-1
13	5412.13648256264	a8	a126
12	5412.16876960599	a8	a126	a122	-1
13	5412.16916740504	a8	a126
12	5412.18655927611	a8	a126	a85	-1
13	5412.18999465623	a8	a126
12	5412.19741770394	a8	a126	a122	-1
13	5412.19749166484	a8	a126
12	5412.2591176839	a8	a126	a123	-1
13	5412.26158638815	a8	a126
12	5412.26236816177	a8	a126	a89	-1
13	5412.26683208226	a8	a126
12	5412.27397034595	a8	a126	a88	-1
13	5412.27687279285	a8	a126
12	5412.35966476255	a8	a126	a84	-1
13	5412.36283609535	a8	a126
12	5412.3679794884	a8	a126	a85	-1
13	5412.37087640553	a8	a126
12	5412.37752113573	a8	a126	a122	-1
13	5412.37762136312	a8	a126
12	5412.39784068336	a8	a126	a108	-1
12	5412.39827131552	a8	a127	a109	-1
12	5412.39848006497	a8	a128	a109	-1
12	5412.39881565392	a8	a129	a108	-1
12	5412.39923246161	a8	a130	a123	-1
13	5412.40338913331	a8	a130
12	5412.40396423115	a8	a130	a107	-1
13	5412.42288612514	a8	a130
12	5412.42316157765	a8	a130	a107	-1
13	5412.43212916397	a8	a130
13	5412.43217547593	a8	a129
12	5412.43251106488	a8	a129	a106	-1
13	5412.44080781892	a8	a129
13	5412.4408752132	a8	a128
12	5412.4409965229	a8	a128	a109	-1
12	5412.44194937431	a8	a129	a105	-1
12	5413.17078600375	a8	a130	a104	-1
12	5413.1902449783	a8	a131	a101	-1
13	5413.61215251305	a8	a131
12	5413.61244075319	a8	a131	a103	-1
13	5423.50329066376	a8	a131
12	5423.50370954512	a8	a131	a100	-1
13	5423.52121443121	a8	a131
12	5423.53379365961	a8	a131	a102	-1
13	5429.89855869966	a8	a131
13	5429.90127002331	a8	a130
12	5430.29553933745	a8	a130	a99	-1
12	5430.71210129631	a8	a131	a98	-1
13	5431.43852935794	a8	a131
12	5431.43893130433	a8	a131	a97	-1
13	5431.70236793371	a8	a131
12	5506.01038682538	a8	a131	a96	-1
13	5515.08940457152	a8	a131
13	5515.08959949651	a8	a130
12	5515.0914512839	a8	a130	a95	-1
13	5559.30180252219	a8	a130
13	5559.76607686501	a8	a129
12	5559.76849199944	a8	a129	a87	-1
12	5559.76980325017	a8	a130	a123	-1
13	5559.77548787112	a8	a130
12	5559.77607955832	a8	a130	a93	-1
13	5559.7972140583	a8	a130
12	5559.79780367183	a8	a130	a86	-1
12	5559.79852323535	a8	a131	a123	-1
13	5559.80076210782	a8	a131
12	5559.80113744211	a8	a131	a91	-1
13	5559.82262619407	a8	a131
12	5559.82303470707	a8	a131	a91	-1
13	5559.83101177031	a8	a131
13	5559.8311593465	a8	a130
13	5559.83121429876	a8	a129
13	5559.83126164756	a8	a128
13	5559.8313694784	a8	a127
12	5559.83317668189	a8	a127	a90	-1
13	5560.10225438515	a8	a127
13	5560.10269434882	a8	a126
12	5560.14829988396	a8	a126	a88	-1
13	5560.15267843836	a8	a126
12	5560.19948773899	a8	a126	a85	-1
13	5560.20435671637	a8	a126
12	5560.22096474015	a8	a126	a122	-1
13	5560.22118938774	a8	a126
12	5560.23815857573	a8	a126	a85	-1
13	5560.24154833511	a8	a126
12	5560.24864858151	a8	a126	a122	-1
13	5560.24870871794	a8	a126
12	5560.31083068976	a8	a126	a123	-1
13	5560.31335019892	a8	a126
12	5560.31383025355	a8	a126	a89	-1
13	5560.31812102258	a8	a126
12	5560.32465688511	a8	a126	a88	-1
13	5560.35485816196	a8	a126
12	5560.42835628791	a8	a126	a84	-1
13	5560.43161125874	a8	a126
12	5560.43679128663	a8	a126	a85	-1
13	5560.44007667128	a8	a126
12	5560.44707254295	a8	a126	a122	-1
13	5560.44720007366	a8	a126
12	5560.46828065822	a8	a126	a108	-1
12	5560.4689781026	a8	a127	a109	-1
12	5560.46932613356	a8	a128	a109	-1
12	5560.46955181799	a8	a129	a108	-1
12	5560.47010168618	a8	a130	a123	-1
13	5560.4743447608	a8	a130
12	5560.47495372858	a8	a130	a107	-1
13	5560.49418770992	a8	a130
12	5560.49464875591	a8	a130	a107	-1
13	5560.50340759277	a8	a130
13	5560.50344457322	a8	a129
12	5560.5038434091	a8	a129	a106	-1
13	5560.51218232777	a8	a129
13	5560.51242805767	a8	a128
12	5560.51253692535	a8	a128	a109	-1
12	5560.51352019059	a8	a129	a105	-1
12	5561.25829712204	a8	a130	a104	-1
12	5561.27842278152	a8	a131	a101	-1
13	5561.69957515475	a8	a131
12	5561.69980083918	a8	a131	a103	-1
13	5571.62162965288	a8	a131
12	5571.62222790671	a8	a131	a100	-1
13	5571.64081524859	a8	a131
12	5571.65316015226	a8	a131	a102	-1
13	5578.09429431452	a8	a131
13	5578.0969593262	a8	a130
12	5578.47528384537	a8	a130	a99	-1
12	5578.89268978796	a8	a131	a98	-1
13	5579.62669504012	a8	a131
12	5579.62713293012	a8	a131	a97	-1
13	5579.87345175849	a8	a131
12	5656.11014420081	a8	a131	a96	-1
13	5664.78248551904	a8	a131
13	5664.78259542356	a8	a130
12	5664.78396888438	a8	a130	a95	-1
13	5708.94740437365	a8	a130
13	5709.42238300149	a8	a129
12	5709.42441727185	a8	a129	a87	-1
12	5709.42564523015	a8	a130	a123	-1
13	5709.43146152915	a8	a130
12	5709.43189319815	a8	a130	a93	-1
13	5709.45395151815	a8	a130
12	5709.45436728901	a8	a130	a86	-1
12	5709.45538546102	a8	a131	a123	-1
13	5709.4574173121	a8	a131
12	5709.45794367869	a8	a131	a91	-1
13	5709.47866862883	a8	a131
12	5709.47884178028	a8	a131	a91	-1
13	5709.4865254192	a8	a131
13	5709.48657829779	a8	a130
13	5709.48662875709	a8	a129
13	5709.48682195402	a8	a128
13	5709.48686308182	a8	a127
12	5709.48893295018	a8	a127	a90	-1
13	5709.77141589376	a8	a127
13	5709.77151612114	a8	a126
12	5709.81638342973	a8	a126	a88	-1
13	5709.8209800651	a8	a126
12	5709.86819545946	a8	a126	a85	-1
13	5709.87249072145	a8	a126
12	5709.88880428407	a8	a126	a122	-1
13	5709.88903653512	a8	a126
12	5709.90499791944	a8	a126	a85	-1
13	5709.90807144413	a8	a126
12	5709.91557156325	a8	a126	a122	-1
13	5709.91563584702	a8	a126
12	5709.97642963315	a8	a126	a123	-1
13	5709.97881815548	a8	a126
12	5709.97951352619	a8	a126	a89	-1
13	5709.98328933382	a8	a126
12	5709.9901110172	a8	a126	a88	-1
13	5709.99311887567	a8	a126
12	5710.06452294044	a8	a126	a84	-1
13	5710.06768908906	a8	a126
12	5710.07278513332	a8	a126	a85	-1
13	5710.07582444245	a8	a126
12	5710.08232885431	a8	a126	a122	-1
13	5710.08244359739	a8	a126
12	5710.1023542864	a8	a126	a108	-1
12	5710.10286786536	a8	a127	a109	-1
12	5710.10306313596	a8	a128	a109	-1
12	5710.10320241747	a8	a129	a108	-1
12	5710.10373189457	a8	a130	a123	-1
13	5710.10791621521	a8	a130
12	5710.10879406888	a8	a130	a107	-1
13	5710.12590564888	a8	a130
12	5710.12617764527	a8	a130	a107	-1
13	5710.14884493306	a8	a130
13	5710.14888709769	a8	a129
12	5710.14933881216	a8	a129	a106	-1
13	5710.15726610731	a8	a129
13	5710.1573220964	a8	a128
12	5710.1574402956	a8	a128	a109	-1
12	5710.15864302425	a8	a129	a105	-1
12	5710.90195870951	a8	a130	a104	-1
12	5710.92309528316	a8	a131	a101	-1
13	5711.33079575849	a8	a131
12	5711.33106395316	a8	a131	a103	-1
13	5721.34780602949	a8	a131
12	5721.34821419688	a8	a131	a100	-1
13	5721.36601043362	a8	a131
12	5721.37792574198	a8	a131	a102	-1
13	5727.77127908917	a8	a131
13	5727.77376680205	a8	a130
12	5728.18338438538	a8	a130	a99	-1
12	5728.60810900096	a8	a131	a98	-1
13	5729.32062031698	a8	a131
12	5729.32088194502	a8	a131	a97	-1
13	5729.56635678967	a8	a131
12	5808.09372060596	a8	a131	a96	-1
13	5817.18568980428	a8	a131
13	5817.18572056372	a8	a130
12	5817.18721326057	a8	a130	a95	-1
13	5861.33050200804	a8	a130
13	5861.79140456329	a8	a129
12	5861.79361924295	a8	a129	a87	-1
12	5861.79531757876	a8	a130	a123	-1
13	5861.80148018066	a8	a130
12	5861.8019782071	a8	a130	a93	-1
13	5861.82270834141	a8	a130
12	5861.82296685895	a8	a130	a86	-1
12	5861.82367985585	a8	a131	a123	-1
13	5861.82607390797	a8	a131
12	5861.82681559064	a8	a131	a91	-1
13	5861.84725230063	a8	a131
12	5861.84759618426	a8	a131	a91	-1
13	5861.85535171041	a8	a131
13	5861.85540977317	a8	a130
13	5861.85545401146	a8	a129
13	5861.85550170588	a8	a128
13	5861.87232815624	a8	a127
12	5861.87441703324	a8	a127	a90	-1
13	5862.14701548271	a8	a127
13	5862.14752007576	a8	a126
12	5862.19329841675	a8	a126	a88	-1
13	5862.19773399708	a8	a126
12	5862.24558877304	a8	a126	a85	-1
13	5862.2500547672	a8	a126
12	5862.26688018073	a8	a126	a122	-1
13	5862.26709964414	a8	a126
12	5862.28445488038	a8	a126	a85	-1
13	5862.28740882343	a8	a126
12	5862.2951443041	a8	a126	a122	-1
13	5862.29522241234	a8	a126
12	5862.37321521822	a8	a126	a123	-1
13	5862.37622100302	a8	a126
12	5862.37671661017	a8	a126	a89	-1
13	5862.38097592855	a8	a126
12	5862.38806995393	a8	a126	a88	-1
13	5862.39130038633	a8	a126
12	5862.46523329178	a8	a126	a84	-1
13	5862.4688815687	a8	a126
12	5862.47426758115	a8	a126	a85	-1
13	5862.47713512128	a8	a126
12	5862.48410472646	a8	a126	a122	-1
13	5862.48423018351	a8	a126
12	5862.50464581119	a8	a126	a108	-1
12	5862.50519982671	a8	a127	a109	-1
12	5862.5054065025	a8	a128	a109	-1
12	5862.50556582948	a8	a129	a108	-1
12	5862.50615475179	a8	a130	a123	-1
13	5862.51001074133	a8	a130
12	5862.51073963637	a8	a130	a107	-1
13	5862.52841871075	a8	a130
12	5862.52868794225	a8	a130	a107	-1
13	5862.53795102656	a8	a130
13	5862.53813143585	a8	a129
12	5862.53861771149	a8	a129	a106	-1
13	5862.54698635276	a8	a129
13	5862.54703681207	a8	a128
12	5862.54713600262	a8	a128	a109	-1
12	5862.54823850389	a8	a129	a105	-1
12	5863.37292223872	a8	a130	a104	-1
12	5863.39232833468	a8	a131	a101	-1
13	5863.80590870156	a8	a131
12	5863.80626952015	a8	a131	a103	-1
13	5873.62047312795	a8	a131
12	5873.62085295519	a8	a131	a100	-1
13	5873.63908673633	a8	a131
12	5873.65116586462	a8	a131	a102	-1
13	5880.12052613296	a8	a131
13	5880.12246121277	a8	a130
12	5880.49888244841	a8	a130	a99	-1
12	5880.91477115571	a8	a131	a98	-1
13	5881.65644242059	a8	a131
12	5881.65680220235	a8	a131	a97	-1
13	5881.91947814042	a8	a131
12	5956.4631872644	a8	a131	a96	-1
13	5965.36853514022	a8	a131
13	5965.368570047	a8	a130
12	5965.37016435369	a8	a130	a95	-1
13	6009.75808361646	a8	a130
13	6010.22161869589	a8	a129
12	6010.22374455335	a8	a129	a87	-1
12	6010.22521202055	a8	a130	a123	-1
13	6010.23123292167	a8	a130
12	6010.2318491473	a8	a130	a93	-1
13	6010.25309009568	a8	a130
12	6010.25365655322	a8	a130	a86	-1
12	6010.25422923178	a8	a131	a123	-1
13	6010.25668134667	a8	a131
12	6010.25706739492	a8	a131	a91	-1
13	6010.28028627895	a8	a131
12	6010.28058696111	a8	a131	a91	-1
13	6010.28814099565	a8	a131
13	6010.28822325123	a8	a130
13	6010.28827405615	a8	a129
13	6010.28832658913	a8	a128
13	6010.288417485	a8	a127
12	6010.29040302411	a8	a127	a90	-1
13	6010.56480452972	a8	a127
13	6010.56527179672	a8	a126
12	6010.61013357552	a8	a126	a88	-1
13	6010.61497836008	a8	a126
12	6010.66197429102	a8	a126	a85	-1
13	6010.66624950753	a8	a126
12	6010.6822983316	a8	a126	a122	-1
13	6010.68251572135	a8	a126
12	6010.71667632563	a8	a126	a85	-1
13	6010.72058312009	a8	a126
12	6010.72830373946	a8	a126	a122	-1
13	6010.72839774584	a8	a126
12	6010.79166542038	a8	a126	a123	-1
13	6010.79406880402	a8	a126
12	6010.79472512061	a8	a126	a89	-1
13	6010.79824794048	a8	a126
12	6010.80515810046	a8	a126	a88	-1
13	6010.80818393074	a8	a126
12	6010.88228687714	a8	a126	a84	-1
13	6010.88599425365	a8	a126
12	6010.89084733289	a8	a126	a85	-1
13	6010.89380369522	a8	a126
12	6010.90054415986	a8	a126	a122	-1
13	6010.90064542408	a8	a126
12	6010.92100195217	a8	a126	a108	-1
12	6010.92141564935	a8	a127	a109	-1
12	6010.92174812779	a8	a128	a109	-1
12	6010.92190849161	a8	a129	a108	-1
12	6010.92252333479	a8	a130	a123	-1
13	6010.92715591378	a8	a130
12	6010.9280676374	a8	a130	a107	-1
13	6010.94521688907	a8	a130
12	6010.94549648892	a8	a130	a107	-1
13	6010.95413401608	a8	a130
13	6010.9541730702	a8	a129
12	6010.95470600342	a8	a129	a106	-1
13	6010.96381805542	a8	a129
13	6010.963864713	a8	a128
12	6010.96397012456	a8	a128	a109	-1
12	6010.96517492688	a8	a129	a105	-1
12	6011.74048112068	a8	a130	a104	-1
12	6011.75975035441	a8	a131	a101	-1
13	6012.1497465257	a8	a131
12	6012.15015918605	a8	a131	a103	-1
13	6022.1597512479	a8	a131
12	6022.16016045213	a8	a131	a100	-1
13	6022.17798088169	a8	a131
12	6022.18959274299	a8	a131	a102	-1
13	6028.56311454623	a8	a131
13	6028.56555041737	a8	a130
12	6028.97479474008	a8	a130	a99	-1
12	6029.40135213441	a8	a131	a98	-1
13	6030.12882359771	a8	a131
12	6030.1290185227	a8	a131	a97	-1
13	6030.39768909539	a8	a131
12	6107.93327353195	a8	a131	a96	-1
13	6116.6953923232	a8	a131
13	6116.69592836692	a8	a130
12	6116.69745493372	a8	a130	a95	-1
13	6160.78338216468	a8	a130
13	6161.2376748965	a8	a129
12	6161.24044220924	a8	a129	a87	-1
12	6161.24199400569	a8	a130	a123	-1
13	6161.24782205549	a8	a130
12	6161.24823575267	a8	a130	a93	-1
13	6161.26914422261	a8	a130
12	6161.2695904073	a8	a130	a86	-1
12	6161.2704426857	a8	a131	a123	-1
13	6161.27307728356	a8	a131
12	6161.27348026678	a8	a131	a91	-1
13	6161.2933823155	a8	a131
12	6161.29377043742	a8	a131	a91	-1
13	6161.30171052021	a8	a131
13	6161.30176339879	a8	a130
13	6161.30181731422	a8	a129
13	6161.30186569985	a8	a128
13	6161.30194588176	a8	a127
12	6161.30390930173	a8	a127	a90	-1
13	6161.58708657917	a8	a127
13	6161.58771524682	a8	a126
12	6161.63308334674	a8	a126	a88	-1
13	6161.6504838581	a8	a126
12	6161.6977891115	a8	a126	a85	-1
13	6161.70158081726	a8	a126
12	6161.71743471635	a8	a126	a122	-1
13	6161.7178504872	a8	a126
12	6161.73436070288	a8	a126	a85	-1
13	6161.73770276784	a8	a126
12	6161.74522742539	a8	a126	a122	-1
13	6161.74532004932	a8	a126
12	6161.80796665968	a8	a126	a123	-1
13	6161.81106817891	a8	a126
12	6161.81151885655	a8	a126	a89	-1
13	6161.81556389567	a8	a126
12	6161.82219894875	a8	a126	a88	-1
13	6161.83415953224	a8	a126
12	6161.90701965902	a8	a126	a84	-1
13	6161.91773984218	a8	a126
12	6161.92306226209	a8	a126	a85	-1
13	6161.92585618693	a8	a126
12	6161.93252476434	a8	a126	a122	-1
13	6161.93263570569	a8	a126
12	6161.95314533975	a8	a126	a108	-1
12	6161.95347781819	a8	a127	a109	-1
12	6161.95367170634	a8	a128	a109	-1
12	6161.95400729528	a8	a129	a108	-1
12	6161.95448942358	a8	a130	a123	-1
13	6161.95893122492	a8	a130
12	6161.9596822391	a8	a130	a107	-1
13	6161.9773499083	a8	a130
12	6161.97771280057	a8	a130	a107	-1
13	6161.98666345191	a8	a130
13	6161.98669524819	a8	a129
12	6161.98725237422	a8	a129	a106	-1
13	6161.99562792773	a8	a129
13	6161.99568184315	a8	a128
12	6161.99578414421	a8	a128	a109	-1
12	6161.9968845718	a8	a129	a105	-1
12	6162.77111591326	a8	a130	a104	-1
12	6162.79262471069	a8	a131	a101	-1
13	6163.20164853316	a8	a131
12	6163.20189218939	a8	a131	a103	-1
13	6173.05877780311	a8	a131
12	6173.05918286001	a8	a131	a100	-1
13	6173.07659926951	a8	a131
12	6173.08767923443	a8	a131	a102	-1
13	6179.71695160885	a8	a131
13	6179.72007351918	a8	a130
12	6180.11219278304	a8	a130	a99	-1
12	6180.53753880842	a8	a131	a98	-1
13	6181.26641552882	a8	a131
12	6181.26670549702	a8	a131	a97	-1
13	6181.53471042161	a8	a131
12	6258.24001739826	a8	a131	a96	-1
13	6267.57735499283	a8	a131
13	6267.57771373776	a8	a130
12	6267.57981332873	a8	a130	a95	-1
13	6312.40269629877	a8	a130
13	6312.8664622468	a8	a129
12	6312.86852796783	a8	a129	a87	-1
12	6312.87003759965	a8	a130	a123	-1
13	6312.87580966036	a8	a130
12	6312.87660214795	a8	a130	a93	-1
13	6312.8976561204	a8	a130
12	6312.89813617503	a8	a130	a86	-1
12	6312.89891483815	a8	a131	a123	-1
13	6312.90108700757	a8	a131
12	6312.90167040009	a8	a131	a91	-1
13	6312.92187416781	a8	a131
12	6312.92224881088	a8	a131	a91	-1
13	6312.9298142506	a8	a131
13	6312.92986712919	a8	a130
13	6312.92992208145	a8	a129
13	6312.92996424607	a8	a128
13	6312.93005272266	a8	a127
12	6312.93178734769	a8	a127	a90	-1
13	6313.19592764246	a8	a127
13	6313.19637071664	a8	a126
12	6313.24103826167	a8	a126	a88	-1
13	6313.24612151829	a8	a126
12	6313.29266815404	a8	a126	a85	-1
13	6313.29762871852	a8	a126
12	6313.31458511887	a8	a126	a122	-1
13	6313.31479214027	a8	a126
12	6313.33102344731	a8	a126	a85	-1
13	6313.33457357051	a8	a126
12	6313.34195998339	a8	a126	a122	-1
13	6313.34204223897	a8	a126
12	6313.41678767748	a8	a126	a123	-1
13	6313.41907908294	a8	a126
12	6313.41974162053	a8	a126	a89	-1
13	6313.42409045233	a8	a126
12	6313.43137974832	a8	a126	a88	-1
13	6313.43436963498	a8	a126
12	6313.50632011182	a8	a126	a84	-1
13	6313.50945031683	a8	a126
12	6313.5142657244	a8	a126	a85	-1
13	6313.51739385573	a8	a126
12	6313.5239991862	a8	a126	a122	-1
13	6313.52409941359	a8	a126
12	6313.54391298572	a8	a126	a108	-1
12	6313.54448255377	a8	a127	a109	-1
12	6313.54484233554	a8	a128	a109	-1
12	6313.54507458659	a8	a129	a108	-1
12	6313.54559023922	a8	a130	a123	-1
13	6313.56326101892	a8	a130
12	6313.56394049148	a8	a130	a107	-1
13	6313.58487833842	a8	a130
12	6313.58518109425	a8	a130	a107	-1
13	6313.59442205941	a8	a130
13	6313.59445903986	a8	a129
12	6313.5950223869	a8	a129	a106	-1
13	6313.60353342019	a8	a129
13	6313.60358076899	a8	a128
12	6313.60367373853	a8	a128	a109	-1
12	6313.60500503473	a8	a129	a105	-1
12	6314.37021487445	a8	a130	a104	-1
12	6314.39145893333	a8	a131	a101	-1
13	6314.79798743945	a8	a131
12	6314.79828501111	a8	a131	a103	-1
13	6324.72680901432	a8	a131
12	6324.72717501709	a8	a131	a100	-1
13	6324.74490697006	a8	a131
12	6324.75845563923	a8	a131	a102	-1
13	6331.11864927356	a8	a131
13	6331.120934458	a8	a130
12	6331.52219204035	a8	a130	a99	-1
12	6331.93508360315	a8	a131	a98	-1
13	6332.67243437639	a8	a131
12	6332.6725619071	a8	a131	a97	-1
13	6332.93593840004	a8	a131
12	6408.5330408264	a8	a131	a96	-1
13	6417.03764469884	a8	a131
13	6417.03767545828	a8	a130
12	6417.03942563584	a8	a130	a95	-1
13	6461.01991365478	a8	a130
13	6461.48842796172	a8	a129
12	6461.49082927168	a8	a129	a87	-1
12	6461.49211321908	a8	a130	a123	-1
13	6461.49776293325	a8	a130
12	6461.49844344266	a8	a130	a93	-1
13	6461.51988795631	a8	a130
12	6461.52036455482	a8	a130	a86	-1
12	6461.52093239482	a8	a131	a123	-1
13	6461.52335236782	a8	a131
12	6461.52391260435	a8	a131	a91	-1
13	6461.56145467333	a8	a131
12	6461.56174291348	a8	a131	a91	-1
13	6461.57027157296	a8	a131
13	6461.57032341471	a8	a130
13	6461.57037076351	a8	a129
13	6461.57041914915	a8	a128
13	6461.57055117281	a8	a127
12	6461.57227508388	a8	a127	a90	-1
13	6461.84569021375	a8	a127
13	6461.84571855391	a8	a126
12	6461.89194757253	a8	a126	a88	-1
13	6461.89695375774	a8	a126
12	6461.94341917475	a8	a126	a85	-1
13	6461.9476719265	a8	a126
12	6461.96400588021	a8	a126	a122	-1
13	6461.96441301077	a8	a126
12	6461.98092011594	a8	a126	a85	-1
13	6461.98451240376	a8	a126
12	6461.99181967156	a8	a126	a122	-1
13	6461.99190607448	a8	a126
12	6462.05343393982	a8	a126	a123	-1
13	6462.05590402652	a8	a126
12	6462.05642175282	a8	a126	a89	-1
13	6462.06043534128	a8	a126
12	6462.06712949395	a8	a126	a88	-1
13	6462.07016361891	a8	a126
12	6462.14231040319	a8	a126	a84	-1
13	6462.14569083105	a8	a126
12	6462.15056913995	a8	a126	a85	-1
13	6462.15347262369	a8	a126
12	6462.1600613648	a8	a126	a122	-1
13	6462.16013394325	a8	a126
12	6462.18057721987	a8	a126	a108	-1
12	6462.18123768379	a8	a127	a109	-1
12	6462.18145818405	a8	a128	a109	-1
12	6462.18182003948	a8	a129	a108	-1
12	6462.1822821223	a8	a130	a123	-1
13	6462.1864654061	a8	a130
12	6462.18733461948	a8	a130	a107	-1
13	6462.20445138365	a8	a130
12	6462.20488512632	a8	a130	a107	-1
13	6462.21402897459	a8	a130
13	6462.21407217605	a8	a129
12	6462.21460718294	a8	a129	a106	-1
13	6462.22333318669	a8	a129
13	6462.22340507392	a8	a128
12	6462.22350530131	a8	a128	a109	-1
12	6462.22443465112	a8	a129	a105	-1
12	6462.93837749073	a8	a130	a104	-1
12	6462.95904956228	a8	a131	a101	-1
13	6463.37636288094	a8	a131
12	6463.37671402241	a8	a131	a103	-1
13	6473.38545276901	a8	a131
12	6473.38605724384	a8	a131	a100	-1
13	6473.40377848285	a8	a131
12	6473.41622465075	a8	a131	a102	-1
13	6479.81820170063	a8	a131
13	6479.82034760357	a8	a130
12	6480.23439938478	a8	a130	a99	-1
12	6480.65661520515	a8	a131	a98	-1
13	6481.40009056301	a8	a131
12	6481.40043237296	a8	a131	a97	-1
13	6481.66349850662	a8	a131
12	6556.06222525796	a8	a131	a96	-1
13	6564.54603471231	a8	a131
13	6564.54621408477	a8	a130
12	6564.54786610861	a8	a130	a95	-1
13	6608.47784159775	a8	a130
13	6608.93692934605	a8	a129
12	6608.93882640858	a8	a129	a87	-1
12	6608.94086897362	a8	a130	a123	-1
13	6608.94640152543	a8	a130
12	6608.94721060238	a8	a130	a93	-1
13	6608.96836065488	a8	a130
12	6608.96887665313	a8	a130	a86	-1
12	6608.96960140082	a8	a131	a123	-1
13	6608.97178843155	a8	a131
12	6608.97269151487	a8	a131	a91	-1
13	6608.99445882984	a8	a131
12	6608.99501906638	a8	a131	a91	-1
13	6609.00322285088	a8	a131
13	6609.00330199596	a8	a130
13	6609.00337388319	a8	a129
13	6609.00341501098	a8	a128
13	6609.00351731204	a8	a127
12	6609.00580560698	a8	a127	a90	-1
13	6609.28129371572	a8	a127
13	6609.2816745798	a8	a126
12	6609.32706721814	a8	a126	a88	-1
13	6609.36007589869	a8	a126
12	6609.40811108395	a8	a126	a85	-1
13	6609.41257707811	a8	a126
12	6609.42920203686	a8	a126	a122	-1
13	6609.42940974948	a8	a126
12	6609.44657939224	a8	a126	a85	-1
13	6609.44996293061	a8	a126
12	6609.45741017114	a8	a126	a122	-1
13	6609.45750314068	a8	a126
12	6609.51914505788	a8	a126	a123	-1
13	6609.52163691811	a8	a126
12	6609.52227526289	a8	a126	a89	-1
13	6609.52664310333	a8	a126
12	6609.53360510505	a8	a126	a88	-1
13	6609.53680823412	a8	a126
13	6609.62292153209	a8	a125
12	0.464846330150581	a7	a14	a19	0
13	0.464955889053848	a7	a14
12	0.46507097774403	a7	a14	a19	2
13	0.465097244231879	a7	a14
12	9.77865122527552	a7	a14	a21	0
13	9.78974501466337	a7	a14
12	15.484948939279	a7	a14	a21	0
13	15.498608204184	a7	a14
12	21.8327776244569	a7	a14	a23	0
13	21.8336271379718	a7	a14
12	21.8355124496984	a7	a14	a25	0
13	21.8368679387161	a7	a14
12	21.8521374084486	a7	a14	a23	0
13	21.8529098505584	a7	a14
12	21.8538509511691	a7	a14	a25	0
13	21.859303321068	a7	a14
12	25.3573867330908	a7	a14	a27	0
13	25.3876806338731	a7	a14
12	25.4062112954392	a7	a14	a29	0
13	25.4210985186512	a7	a14
12	25.4211662585409	a7	a14	a29	4
13	25.4375085069351	a7	a14
12	25.4375496347252	a7	a14	a29	8
13	25.453452956283	a7	a14
12	25.45349754019	a7	a14	a29	12
13	25.4699980787346	a7	a14
12	25.4700264188926	a7	a14	a29	17
13	25.485398189683	a7	a14
12	25.4854254930059	a7	a14	a29	21
13	25.5028049220585	a7	a14
12	25.5028398288384	a7	a14	a29	25
13	25.5205548468344	a7	a14
12	25.5205970114596	a7	a14	a29	29
13	25.5373107924122	a7	a14
12	25.5373380957351	a7	a14	a29	33
13	25.5639045745246	a7	a14
12	25.5833531807187	a7	a14	a23	0
13	25.584139101684	a7	a14
12	25.584204422292	a7	a14	a23	3
13	25.5847183468635	a7	a14
12	25.5854724715541	a7	a14	a25	0
13	25.5915991298449	a7	a14
12	25.5916274700029	a7	a14	a25	3
13	25.5951343917425	a7	a14
12	25.6124402055067	a7	a14	a29	0
13	25.6463350344062	a7	a14
12	25.6463854937118	a7	a14	a29	3
13	25.6677729814432	a7	a14
12	25.6678300073707	a7	a14	a29	6
13	25.6957471366144	a7	a14
12	25.6958273185247	a7	a14	a29	9
13	25.7131538689898	a7	a14
12	25.7132098580824	a7	a14	a29	12
13	25.7332352901741	a7	a14
12	25.7332888599848	a7	a14	a29	15
13	25.7499964199271	a7	a14
12	25.7500555195247	a7	a14	a29	18
13	25.7676786048133	a7	a14
12	25.7677228431086	a7	a14	a29	21
13	25.7879687754535	a7	a14
12	25.788023727711	a7	a14	a29	24
13	25.809648650668	a7	a14
12	25.8097623569115	a7	a14	a29	27
13	25.8259919358973	a7	a14
12	25.8260627862921	a7	a14	a29	30
13	25.8420124198153	a7	a14
12	25.842072556248	a7	a14	a29	33
13	25.8590818351889	a7	a14
12	25.8591250366491	a7	a14	a29	36
13	25.8783413917927	a7	a14
12	25.8783738792909	a7	a14	a29	39
13	25.894226741543	a7	a14
12	25.8965772465938	a7	a14	a31	0
13	25.8975605118298	a7	a14
12	25.8975923081045	a7	a14	a31	2
13	25.8984922809251	a7	a14
12	25.8994247412437	a7	a14	a33	0
13	26.1136003007207	a7	a14
12	26.1136718423389	a7	a14	a33	4
13	28.3552228103523	a7	a14
12	28.3554063301556	a7	a14	a33	35
13	28.564765445229	a7	a14
12	28.5648096835244	a7	a14	a33	39
13	28.7836071080278	a7	a14
12	28.7836641339554	a7	a14	a33	43
13	29.0105875803313	a7	a14
12	29.0106487535991	a7	a14	a33	47
13	29.2246985104238	a7	a14
12	29.224778692334	a7	a14	a33	51
13	29.4442725243772	a7	a14
12	29.4443260941879	a7	a14	a33	55
13	29.666247502687	a7	a14
12	29.6662951970991	a7	a14	a33	58
13	29.8797024618065	a7	a14
12	29.8797646719093	a7	a14	a33	62
13	30.0988921555693	a7	a14
12	30.0989332833595	a7	a14	a33	66
13	30.3056730074933	a7	a14
12	30.3057310702559	a7	a14	a33	70
13	30.5346683959043	a7	a14
12	30.5347188552099	a7	a14	a33	74
13	33.1798063690049	a7	a14
12	33.2085968589696	a7	a14	a35	0
13	33.2093195329972	a7	a14
12	33.2093606607873	a7	a14	a35	2
13	33.2099399059668	a7	a14
12	33.2099779232518	a7	a14	a35	3
13	33.2105844717541	a7	a14
12	33.2113821435167	a7	a14	a37	0
13	33.2158184150698	a7	a14
12	33.2158647270352	a7	a14	a37	2
13	33.224380944497	a7	a14
12	33.2591104256091	a7	a14	a39	0
13	33.2689157746456	a7	a14
12	33.2689748742432	a7	a14	a39	3
13	33.279629391183	a7	a14
12	33.2803164672073	a7	a14	a41	0
13	33.281258604653	a7	a14
12	33.2813007692782	a7	a14	a41	3
13	33.2820476361235	a7	a14
12	33.2845564313248	a7	a14	a43	0
13	33.5631125349674	a7	a14
12	33.5632836127501	a7	a14	a43	7
13	33.7217410392649	a7	a14
12	33.7243172287442	a7	a14	a33	0
13	33.900666972048	a7	a14
12	33.9007163945186	a7	a14	a33	4
13	34.0752060557487	a7	a14
12	34.0752620448412	a7	a14	a33	9
13	34.2439405912463	a7	a14
12	34.2439772260846	a7	a14	a33	13
13	34.4294075707272	a7	a14
12	34.4294497353525	a7	a14	a33	16
13	34.5980280543697	a7	a14
12	34.5980733295001	a7	a14	a33	18
13	34.7716830633872	a7	a14
12	34.7717483839951	a7	a14	a33	21
13	34.9330501946547	a7	a14
12	34.9331293397299	a7	a14	a33	24
13	35.1006988182467	a7	a14
12	35.1007537705042	a7	a14	a33	27
13	35.2787354921715	a7	a14
12	35.2788640597173	a7	a14	a33	30
13	35.4573344763033	a7	a14
12	35.457387009279	a7	a14	a33	33
13	35.6318704494987	a7	a14
12	35.6319177982992	a7	a14	a33	37
13	35.7992764536898	a7	a14
12	35.7993314059473	a7	a14	a33	40
13	35.9747417766988	a7	a14
12	35.9747998394614	a7	a14	a33	43
13	36.1609189881868	a7	a14
12	36.1609697931041	a7	a14	a33	46
13	40.3476713487232	a7	a14
12	40.4321291667328	a7	a14	a45	0
13	40.7604899874545	a7	a14
12	40.7605995463578	a7	a14	a45	4
13	41.0718615747129	a7	a14
12	41.072041984011	a7	a14	a45	7
13	41.4331750868884	a7	a14
12	41.8659652422889	a7	a14	a23	0
13	41.8661964565043	a7	a14
12	41.8663630413352	a7	a14	a23	1
13	41.8664643055581	a7	a14
12	41.8677261338099	a7	a14	a25	0
13	41.8679296990907	a7	a14
12	41.8679708268809	a7	a14	a25	1
13	41.8680859155711	a7	a14
12	41.8681311907015	a7	a14	a25	3
13	41.8682334917594	a7	a14
12	41.9456301174893	a7	a14	a47	0
13	863.244683296299	a7	a14
12	866.800602404061	a7	a14	a49	0
13	866.802288297847	a7	a14
12	866.802355692125	a7	a14	a49	2
13	866.804400330837	a7	a14
12	866.815031000571	a7	a14	a51	0
13	866.816942578785	a7	a14
12	866.817021723861	a7	a14	a51	2
13	866.819240550861	a7	a14
12	866.823840296739	a7	a14	a53	0
13	866.852806011827	a7	a14
12	866.852873406105	a7	a14	a53	2
13	866.856377217339	a7	a14
12	866.856433206432	a7	a14	a53	4
13	866.860106713002	a7	a14
12	866.860149914462	a7	a14	a53	5
13	866.863517554694	a7	a14
12	866.863569396446	a7	a14	a53	7
13	866.867094289993	a7	a14
12	866.868346441118	a7	a14	a53	0
13	866.872402194209	a7	a14
12	866.87245576402	a7	a14	a53	2
13	866.875618802136	a7	a14
12	866.875671680723	a7	a14	a53	4
13	866.878959139044	a7	a14
12	866.879000266835	a7	a14	a53	6
13	866.882203395905	a7	a14
12	866.891698385651	a7	a14	a55	0
13	866.896950300775	a7	a14
12	866.897007326702	a7	a14	a55	3
13	866.901613639203	a7	a14
12	866.927302264319	a7	a14	a57	0
13	873.738664992091	a7	a14
12	874.54691661949	a7	a14	a59	0
13	881.739440647124	a7	a14
12	881.73976655894	a7	a14	a59	7
13	884.064647614044	a7	a14
12	884.064972489025	a7	a14	a59	9
13	890.980811900276	a7	a14
12	894.355033615175	a7	a14	a61	0
13	897.436446546268	a7	a14
12	897.436774531754	a7	a14	a61	8
13	898.229220991314	a7	a14
12	898.22942974077	a7	a14	a61	11
13	898.997010131017	a7	a14
12	898.99734364629	a7	a14	a61	14
13	900.27801844875	a7	a14
12	900.280922969327	a7	a14	a61	0
13	900.58479029013	a7	a14
12	900.584871508875	a7	a14	a61	2
13	900.822319522198	a7	a14
12	900.82240627073	a7	a14	a61	3
13	901.082109948331	a7	a14
12	901.08221466867	a7	a14	a61	4
13	902.657784712662	a7	a14
12	904.409692057936	a7	a14	a63	0
13	905.082001477472	a7	a14
12	910.942624139106	a7	a14	a65	0
13	941.152205348142	a7	a14
12	941.152698881624	a7	a14	a65	5
13	968.011257905543	a7	a14
12	968.01167022028	a7	a14	a65	7
13	985.957014900877	a7	a14
12	985.957513964146	a7	a14	a65	10
13	1008.87174821397	a7	a14
12	1009.18578377607	a7	a14	a67	0
13	1056.70554036877	a7	a14
12	1066.85980686324	a7	a14	a51	0
13	1066.87235636903	a7	a14
12	1066.87252537315	a7	a14	a51	2
13	1066.88355349631	a7	a14
12	1066.89440639436	a7	a14	a69	0
13	1066.91384532343	a7	a14
12	1066.91394036664	a7	a14	a69	2
13	1066.93274198776	a7	a14
12	1066.93974096994	a7	a14	a71	0
13	1066.96466060907	a7	a14
12	1066.97150994138	a7	a14	a71	0
13	1066.97864267528	a7	a14
12	1066.97869866437	a7	a14	a71	2
13	1066.98495077971	a7	a14
12	1067.00818141454	a7	a14	a73	0
13	1067.10227177574	a7	a14
12	1067.1023889381	a7	a14	a73	4
13	1067.2183834765	a7	a14
12	1067.21866411319	a7	a14	a73	7
13	1067.30991320076	a7	a14
12	1067.4644576118	a7	a14	a51	0
13	1067.46547993116	a7	a14
12	1067.46557393754	a7	a14	a51	3
13	1067.46648946288	a7	a14
12	1067.4727944568	a7	a14	a75	0
13	1067.47487814964	a7	a14
12	1067.47492653527	a7	a14	a75	3
13	1067.47711702211	a7	a14
12	1067.50148368254	a7	a14	a49	0
13	1067.50289205015	a7	a14
12	1067.50293006743	a7	a14	a49	3
13	1067.50407818944	a7	a14
12	1067.52540761441	a7	a14	a77	0
13	1067.52600241212	a7	a14
12	1067.52603213472	a7	a14	a77	2
13	1067.52633800106	a7	a14
12	1067.52637601835	a7	a14	a77	4
13	1067.52703544544	a7	a14
12	1067.52705963825	a7	a14	a77	6
13	1067.52736654143	a7	a14
12	1067.52739419036	a7	a14	a77	9
13	1067.52774222133	a7	a14
12	1067.52776745098	a7	a14	a77	12
13	1067.52813276253	a7	a14
12	1067.52815591851	a7	a14	a77	15
13	1067.52852917913	a7	a14
12	1067.65992624776	a7	a14	a51	0
13	1067.66157205059	a7	a14
12	1067.66164601149	a7	a14	a51	2
13	1067.66369479754	a7	a14
12	1067.66608781283	a7	a14	a53	0
13	1067.6765598468	a7	a14
12	1067.67661583589	a7	a14	a53	2
13	1067.68262844233	a7	a14
12	1067.68266438594	a7	a14	a53	4
13	1067.68648339503	a7	a14
12	1067.68653419995	a7	a14	a53	7
13	1067.69053050783	a7	a14
12	1067.69146849794	a7	a14	a53	0
13	1067.69591340978	a7	a14
12	1067.69595004462	a7	a14	a53	2
13	1067.69954164122	a7	a14
12	1067.69957412872	a7	a14	a53	4
13	1067.70268221458	a7	a14
12	1067.70271919503	a7	a14	a53	6
13	1067.70637265612	a7	a14
12	1067.70920978242	a7	a14	a55	0
13	1067.71362186115	a7	a14
12	1067.71370100623	a7	a14	a55	2
13	1067.71934208011	a7	a14
12	1067.72928256331	a7	a14	a57	0
13	1068.78898258767	a7	a14
12	1069.8926886563	a7	a14	a59	0
13	1072.63833776444	a7	a14
12	1072.63866056575	a7	a14	a59	5
13	1076.01781657864	a7	a14
12	1076.01799387743	a7	a14	a59	11
13	1078.30577040794	a7	a14
12	1078.30587374584	a7	a14	a59	14
13	1080.72735914152	a7	a14
12	1081.44188848416	a7	a14	a61	0
13	1082.63567892899	a7	a14
12	1082.6357770827	a7	a14	a61	6
13	1083.5966781323	a7	a14
12	1083.59683020144	a7	a14	a61	10
13	1084.46459892541	a7	a14
12	1084.46480249069	a7	a14	a61	13
13	1085.25805249741	a7	a14
12	1086.88475578979	a7	a14	a61	0
13	1087.34836033717	a7	a14
12	1087.34878232903	a7	a14	a61	3
13	1087.65230438376	a7	a14
12	1087.65248168256	a7	a14	a61	8
13	1088.2227281706	a7	a14
12	1088.22298357763	a7	a14	a61	14
13	1088.52125268041	a7	a14
12	1090.08735434675	a7	a14	a63	0
13	1090.45256186575	a7	a14
12	1093.42840874534	a7	a14	a65	0
13	1114.16071937385	a7	a14
12	1114.16129965587	a7	a14	a65	4
13	1164.53341883899	a7	a14
12	1164.53382078537	a7	a14	a65	12
13	1173.01239629641	a7	a14
12	1173.01337437747	a7	a14	a65	14
13	1177.15284464059	a7	a14
12	1181.21665566791	a7	a14	a79	0
13	1181.23956142777	a7	a14
12	1181.23961430635	a7	a14	a79	4
13	1181.23966165515	a7	a14
12	1181.23970070927	a7	a14	a79	5
13	1181.23973250555	a7	a14
12	1181.23976499305	a7	a14	a79	6
13	1181.23979989983	a7	a14
12	1181.23983584344	a7	a14	a79	7
13	1181.2398672941	a7	a14
12	1181.23990323772	a7	a14	a79	8
13	1181.23993607083	a7	a14
12	1181.23997305128	a7	a14	a79	9
13	1181.24000346511	a7	a14
12	1181.2400445929	a7	a14	a79	10
13	1181.24007846284	a7	a14
12	1181.24011544329	a7	a14	a79	11
13	1181.24014689396	a7	a14
12	1181.24018180074	a7	a14	a79	12
13	1181.24021463385	a7	a14
12	1181.24024712134	a7	a14	a79	13
13	1181.24027788078	a7	a14
12	1181.24030414727	a7	a14	a79	14
13	1181.24034009089	a7	a14
12	1181.24036635737	a7	a14	a79	15
13	1181.46144170847	a7	a14
12	1181.49489761054	a7	a14	a79	0
13	1181.49493562782	a7	a14
12	1181.49496811532	a7	a14	a79	1
13	1181.49500613261	a7	a14
12	1181.49520140321	a7	a14	a79	3
13	1181.49523527315	a7	a14
12	1181.49537351782	a7	a14	a79	7
13	1183.0312113516	a7	a14
12	1183.16370158999	a7	a14	a79	0
13	1183.16374375461	a7	a14
12	1183.16379006658	a7	a14	a79	1
13	1183.16382186285	a7	a14
12	1183.16385780647	a7	a14	a79	2
13	1183.16389029396	a7	a14
12	1183.16406551909	a7	a14	a79	3
13	1183.16410249954	a7	a14
12	1183.16413844315	a7	a14	a79	4
13	1183.16416678331	a7	a14
12	1183.16420065325	a7	a14	a79	6
13	1183.16423003025	a7	a14
12	1183.16426493703	a7	a14	a79	7
13	1191.52377653231	a7	a14
12	1191.63008530332	a7	a14	a67	0
13	1243.09374606069	a7	a14
12	1243.67529681564	a7	a14	a51	0
13	1243.67841872596	a7	a14
12	1243.68109099549	a7	a14	a69	0
13	1243.70028212098	a7	a14
12	1243.70353674619	a7	a14	a51	0
13	1243.70454973403	a7	a14
12	1243.70687811993	a7	a14	a71	0
13	1243.73493971486	a7	a14
12	1243.73580270723	a7	a14	a71	0
13	1243.74266448157	a7	a14
12	1243.74745431387	a7	a14	a73	0
13	1243.8729462613	a7	a14
12	1243.87321964014	a7	a14	a73	7
13	1243.99606143719	a7	a14
12	1244.05049458592	a7	a14	a77	0
13	1244.0511360412	a7	a14
12	1244.05116438136	a7	a14	a77	3
13	1244.05163614131	a7	a14
12	1244.05168349011	a7	a14	a77	7
13	1244.07402901342	a7	a14
12	1244.12914025227	a7	a14	a81	0
13	1244.1309664644	a7	a14
12	1244.16639200744	a7	a14	a81	0
13	1244.16816983393	a7	a14
12	1244.24856394978	a7	a14	a51	0
13	1244.24943834734	a7	a14
12	1244.24948915226	a7	a14	a51	2
13	1244.24997957523	a7	a14
12	1244.25229344545	a7	a14	a75	0
13	1244.25425997592	a7	a14
12	1244.26344287831	a7	a14	a77	0
13	1244.26371936766	a7	a14
12	1244.26374459731	a7	a14	a77	2
13	1244.26399240089	a7	a14
12	1244.26405150049	a7	a14	a77	6
13	1244.26459480205	a7	a14
12	1244.26466772612	a7	a14	a77	10
13	1244.26510457928	a7	a14
12	1244.26518061385	a7	a14	a77	15
13	1244.26542012275	a7	a14
12	1244.3615146861	a7	a14	a83	0
13	1244.36274713736	a7	a14
12	1244.36950661064	a7	a14	a81	0
13	1244.37072005326	a7	a14
12	1244.40217140756	a7	a14	a51	0
13	1244.40548409554	a7	a14
12	1244.4072671062	a7	a14	a53	0
13	1244.41865604797	a7	a14
12	1244.41870996339	a7	a14	a53	6
13	1244.42311443867	a7	a14
12	1244.4238816966	a7	a14	a53	0
13	1244.4279139481	a7	a14
12	1244.42798134238	a7	a14	a53	4
13	1244.43174574482	a7	a14
12	1244.4341532758	a7	a14	a55	0
13	1244.4402090837	a7	a14
12	1244.44990280016	a7	a14	a57	0
13	1245.07054880299	a7	a14
12	1245.5876163671	a7	a14	a59	0
13	1247.8544498665	a7	a14
12	1247.85453212208	a7	a14	a59	5
13	1250.44470539569	a7	a14
12	1250.44486368584	a7	a14	a59	9
13	1252.44348316558	a7	a14
12	1252.4435844298	a7	a14	a59	12
13	1254.98973368733	a7	a14
12	1254.98996766644	a7	a14	a59	14
13	1258.40073954479	a7	a14
12	1258.43505429188	a7	a14	a61	0
13	1259.489599518	a7	a14
12	1259.48999489776	a7	a14	a61	5
13	1260.82304023843	a7	a14
12	1260.82327041581	a7	a14	a61	8
13	1261.76216464154	a7	a14
12	1261.76237995762	a7	a14	a61	12
13	1262.72055171176	a7	a14
12	1264.7294724933	a7	a14	a61	0
13	1265.02918383362	a7	a14
12	1265.02936873587	a7	a14	a61	3
13	1265.32280895222	a7	a14
12	1265.32293993905	a7	a14	a61	6
13	1265.59194713752	a7	a14
12	1265.59209056637	a7	a14	a61	10
13	1265.86537574625	a7	a14
12	1265.86545800183	a7	a14	a61	14
13	1266.12373257512	a7	a14
12	1267.38262209081	a7	a14	a63	0
13	1267.72480495954	a7	a14
12	1269.93743825248	a7	a14	a65	0
13	1295.0028543101	a7	a14
12	1295.003265588	a7	a14	a65	4
13	1336.86993691496	a7	a14
12	1336.87037998913	a7	a14	a65	11
13	1344.50378839777	a7	a14
12	1344.50422836144	a7	a14	a65	13
13	1350.36048318263	a7	a14
12	1350.39378494188	a7	a14	a79	0
13	1350.39406868907	a7	a14
12	1350.39409944851	a7	a14	a79	1
13	1350.3941405763	a7	a14
12	1350.39416891646	a7	a14	a79	2
13	1350.39420693375	a7	a14
12	1350.39423769319	a7	a14	a79	3
13	1350.39426395967	a7	a14
12	1350.394291263	a7	a14	a79	4
13	1350.39432409611	a7	a14
12	1350.39436937124	a7	a14	a79	5
13	1350.39439805701	a7	a14
12	1350.39443711113	a7	a14	a79	8
13	1350.39460888013	a7	a14
12	1350.39465311843	a7	a14	a79	9
13	1350.39468387787	a7	a14
12	1350.39472085832	a7	a14	a79	11
13	1350.39475023531	a7	a14
12	1350.39478928943	a7	a14	a79	14
13	1350.39481451908	a7	a14
12	1350.3948504627	a7	a14	a79	15
13	1350.61679502718	a7	a14
12	1350.64949127477	a7	a14	a79	0
13	1350.64953032889	a7	a14
12	1350.64955901466	a7	a14	a79	1
13	1350.64958839165	a7	a14
12	1350.64961707742	a7	a14	a79	2
13	1350.64964645441	a7	a14
12	1350.64967825069	a7	a14	a79	3
13	1350.64970451717	a7	a14
12	1350.64988181597	a7	a14	a79	4
13	1350.64991879642	a7	a14
12	1350.64994506291	a7	a14	a79	5
13	1350.64997789602	a7	a14
12	1350.65000312567	a7	a14	a79	7
13	1352.13053997979	a7	a14
12	1352.28608424543	a7	a14	a79	0
13	1352.28613297668	a7	a14
12	1352.28617099396	a7	a14	a79	1
13	1352.28620140779	a7	a14
12	1352.28623838824	a7	a14	a79	2
13	1352.28627225819	a7	a14
12	1352.28630370885	a7	a14	a79	3
13	1352.28633135778	a7	a14
12	1352.28652524594	a7	a14	a79	4
13	1352.28655600538	a7	a14
12	1352.28663203995	a7	a14	a79	6
13	1352.28666141694	a7	a14
12	1352.28671325869	a7	a14	a79	9
13	1352.28674574619	a7	a14
12	1352.2867903301	a7	a14	a79	10
13	1352.28681763342	a7	a14
12	1352.28685046653	a7	a14	a79	11
13	1352.28687880669	a7	a14
12	1352.28691371347	a7	a14	a79	12
13	1352.28694101679	a7	a14
12	1352.28697281307	a7	a14	a79	13
13	1352.28700219006	a7	a14
12	1352.28707304045	a7	a14	a79	15
13	1359.53531831155	a7	a14
12	1359.60346325816	a7	a14	a67	0
13	1404.46419139864	a7	a14
12	1404.97770365537	a7	a14	a51	0
13	1404.98073259616	a7	a14
12	1404.98080863073	a7	a14	a51	3
13	1404.98241848994	a7	a14
12	1404.98428168252	a7	a14	a69	0
13	1405.00373236238	a7	a14
12	1405.00384088445	a7	a14	a69	3
13	1405.02477354721	a7	a14
12	1405.02643732185	a7	a14	a51	0
13	1405.02737427512	a7	a14
12	1405.02741851341	a7	a14	a51	3
13	1405.02845258357	a7	a14
12	1405.03998806468	a7	a14	a71	0
13	1405.05898599325	a7	a14
12	1405.06445633495	a7	a14	a71	0
13	1405.0708390915	a7	a14
12	1405.07089404376	a7	a14	a71	3
13	1405.07762310321	a7	a14
12	1405.08144867892	a7	a14	a73	0
13	1405.19830517286	a7	a14
12	1405.19843719652	a7	a14	a73	5
13	1405.31297290801	a7	a14
12	1405.44772793975	a7	a14	a77	0
13	1405.44845165061	a7	a14
12	1405.44849174156	a7	a14	a77	3
13	1405.44882629367	a7	a14
12	1405.44885048649	a7	a14	a77	5
13	1405.44911315137	a7	a14
12	1405.44913734419	a7	a14	a77	8
13	1405.44939378805	a7	a14
12	1405.44942973167	a7	a14	a77	9
13	1405.44968306503	a7	a14
12	1405.44970933152	a7	a14	a77	11
13	1405.45000897685	a7	a14
12	1405.45003316967	a7	a14	a77	13
13	1405.45027267856	a7	a14
12	1405.45029687138	a7	a14	a77	15
13	1405.45055849942	a7	a14
12	1405.52275090444	a7	a14	a81	0
13	1405.52438391964	a7	a14
12	1405.52442815794	a7	a14	a81	3
13	1405.52574908579	a7	a14
12	1405.56075401941	a7	a14	a81	0
13	1405.56242505189	a7	a14
12	1405.56246099551	a7	a14	a81	3
13	1405.56388940859	a7	a14
12	1405.64340152343	a7	a14	a51	0
13	1405.64423997737	a7	a14
12	1405.64433398375	a7	a14	a51	3
13	1405.64491633943	a7	a14
12	1405.64662435236	a7	a14	a75	0
13	1405.64863546674	a7	a14
12	1405.64867763137	a7	a14	a75	3
13	1405.65059439376	a7	a14
12	1405.65886177081	a7	a14	a77	0
13	1405.65912339885	a7	a14
12	1405.6591603793	a7	a14	a77	1
13	1405.65954953806	a7	a14
12	1405.65957269404	a7	a14	a77	3
13	1405.6598229169	a7	a14
12	1405.65986611836	a7	a14	a77	5
13	1405.66012256222	a7	a14
12	1405.66016161634	a7	a14	a77	8
13	1405.66044536354	a7	a14
12	1405.66048649133	a7	a14	a77	11
13	1405.66081655048	a7	a14
12	1405.66087461324	a7	a14	a77	14
13	1405.6611248361	a7	a14
12	1405.73500486297	a7	a14	a83	0
13	1405.73627429467	a7	a14
12	1405.74383766073	a7	a14	a81	0
13	1405.74499926159	a7	a14
12	1405.74503520521	a7	a14	a81	3
13	1405.74630947548	a7	a14
12	1405.77699080696	a7	a14	a51	0
13	1405.77951238979	a7	a14
12	1405.78266886129	a7	a14	a53	0
13	1405.7943491537	a7	a14
12	1405.79440721646	a7	a14	a53	5
13	1405.79812807183	a7	a14
12	1405.8023103188	a7	a14	a53	0
13	1405.80654820925	a7	a14
12	1405.80659590366	a7	a14	a53	3
13	1405.81036963762	a7	a14
12	1405.81042044253	a7	a14	a53	7
13	1405.81429129337	a7	a14
12	1405.81582822853	a7	a14	a55	0
13	1405.82131757887	a7	a14
12	1405.83306008139	a7	a14	a57	0
13	1406.46227068732	a7	a14
12	1407.29192673742	a7	a14	a59	0
13	1409.69326608254	a7	a14
12	1409.69342437269	a7	a14	a59	5
13	1411.92087472968	a7	a14
12	1411.92098014124	a7	a14	a59	8
13	1413.7903045626	a7	a14
12	1413.79046700009	a7	a14	a59	10
13	1416.64901638524	a7	a14
12	1421.06987434852	a7	a14	a61	0
13	1422.1176524979	a7	a14
12	1422.11790064709	a7	a14	a61	5
13	1423.09620117121	a7	a14
12	1423.09650703755	a7	a14	a61	8
13	1424.06728117607	a7	a14
12	1424.06747299055	a7	a14	a61	11
13	1425.00210409618	a7	a14
12	1425.00224130402	a7	a14	a61	15
13	1425.95688159799	a7	a14
12	1425.97108554691	a7	a14	a61	0
13	1426.29043523424	a7	a14
12	1426.29052509328	a7	a14	a61	5
13	1426.59634512008	a7	a14
12	1426.5964135512	a7	a14	a61	10
13	1426.86467284599	a7	a14
12	1426.86474680689	a7	a14	a61	14
13	1427.13674043591	a7	a14
12	1429.97941518527	a7	a14	a63	0
13	1430.32938261153	a7	a14
12	1432.28957076343	a7	a14	a65	0
13	1450.91731637907	a7	a14
12	1450.91792396441	a7	a14	a65	4
13	1494.1390647546	a7	a14
12	1494.13940449089	a7	a14	a65	9
13	1499.69051219122	a7	a14
12	1499.69084225037	a7	a14	a65	11
13	1508.00799464105	a7	a14
12	1508.00837446829	a7	a14	a65	13
13	1513.70233246279	a7	a14
12	1522.09749874166	a7	a14	a79	0
13	1522.09792937381	a7	a14
12	1522.09797775945	a7	a14	a79	1
13	1522.09803167487	a7	a14
12	1522.09805690452	a7	a14	a79	2
13	1522.09808662713	a7	a14
12	1522.09811704096	a7	a14	a79	4
13	1522.09814883723	a7	a14
12	1522.09817510372	a7	a14	a79	5
13	1522.09820586316	a7	a14
12	1522.09823109281	a7	a14	a79	6
13	1522.0982573593	a7	a14
12	1522.09828500823	a7	a14	a79	7
13	1522.09830920105	a7	a14
12	1522.0983344307	a7	a14	a79	8
13	1522.09836069719	a7	a14
12	1522.09838834613	a7	a14	a79	9
13	1522.09842636341	a7	a14
12	1522.09845055623	a7	a14	a79	10
13	1522.09847682272	a7	a14
12	1522.09850550849	a7	a14	a79	12
13	1522.09853695915	a7	a14
12	1522.0985621888	a7	a14	a79	13
13	1522.09859502191	a7	a14
12	1522.0986212884	a7	a14	a79	15
13	1522.33133995146	a7	a14
12	1522.36606805013	a7	a14	a79	0
13	1522.36610917792	a7	a14
12	1522.36614201103	a7	a14	a79	1
13	1522.36616724068	a7	a14
12	1522.36620111063	a7	a14	a79	2
13	1522.36624534892	a7	a14
12	1522.3662771452	a7	a14	a79	3
13	1522.36630341168	a7	a14
12	1522.3663393553	a7	a14	a79	4
13	1522.36636458495	a7	a14
12	1522.3663984549	a7	a14	a79	5
13	1522.36642990556	a7	a14
12	1522.36646688601	a7	a14	a79	6
13	1522.36649557178	a7	a14
12	1522.36652702244	a7	a14	a79	7
13	1523.93889013564	a7	a14
12	1524.09016056722	a7	a14	a79	0
13	1524.09029673822	a7	a14
12	1524.09033475551	a7	a14	a79	1
13	1524.09036758862	a7	a14
12	1524.09054143129	a7	a14	a79	2
13	1524.09057737491	a7	a14
12	1524.09061331852	a7	a14	a79	3
13	1524.09064062184	a7	a14
12	1524.09067552862	a7	a14	a79	5
13	1524.09070628806	a7	a14
12	1524.09073877556	a7	a14	a79	6
13	1524.0907664245	a7	a14
12	1524.09079683833	a7	a14	a79	7
13	1530.68022536997	a7	a14
12	1530.74203732811	a7	a14	a67	0
13	1576.06350109338	a7	a14
12	1603.90936382575	a7	a14	a51	0
13	1603.91137252085	a7	a14
12	1603.91156675461	a7	a14	a51	2
13	1603.91368224372	a7	a14
12	1603.91702119818	a7	a14	a69	0
13	1603.93635367885	a7	a14
12	1603.93640102765	a7	a14	a69	3
13	1603.95722516834	a7	a14
12	1603.95932994348	a7	a14	a51	0
13	1603.96013279942	a7	a14
12	1603.96018325873	a7	a14	a51	3
13	1603.96131029842	a7	a14
12	1603.96277672879	a7	a14	a71	0
13	1603.98714338922	a7	a14
12	1604.00009829752	a7	a14	a71	0
13	1604.00706652026	a7	a14
12	1604.00712976719	a7	a14	a71	3
13	1604.0139728785	a7	a14
12	1604.0180822014	a7	a14	a73	0
13	1604.15657433226	a7	a14
12	1604.15671257693	a7	a14	a73	4
13	1604.29088628982	a7	a14
12	1604.29110886374	a7	a14	a73	7
13	1604.39049226786	a7	a14
12	1604.43423564726	a7	a14	a77	0
13	1604.4348580939	a7	a14
12	1604.43489611118	a7	a14	a77	3
13	1604.43519471967	a7	a14
12	1604.43523377379	a7	a14	a77	5
13	1604.43558940822	a7	a14
12	1604.43563260968	a7	a14	a77	9
13	1604.44951790462	a7	a14
12	1604.49754997938	a7	a14	a81	0
13	1604.49926110282	a7	a14
12	1604.54215738798	a7	a14	a81	0
13	1604.54373787021	a7	a14
12	1604.54379593297	a7	a14	a81	3
13	1604.5454268745	a7	a14
12	1604.62798486509	a7	a14	a51	0
13	1604.62880361917	a7	a14
12	1604.62887308711	a7	a14	a51	3
13	1604.62938804852	a7	a14
12	1604.63110435613	a7	a14	a75	0
13	1604.63299934499	a7	a14
12	1604.63305533408	a7	a14	a75	3
13	1604.63487290592	a7	a14
12	1604.64751434442	a7	a14	a77	0
13	1604.64783196155	a7	a14
12	1604.64786790517	a7	a14	a77	1
13	1604.64828989703	a7	a14
12	1604.648336209	a7	a14	a77	4
13	1604.64863274382	a7	a14
12	1604.6486558998	a7	a14	a77	5
13	1604.64895658197	a7	a14
12	1604.64897870112	a7	a14	a77	7
13	1604.649377537	a7	a14
12	1604.64940276665	a7	a14	a77	9
13	1604.64968029283	a7	a14
12	1604.64970448565	a7	a14	a77	11
13	1604.64995263484	a7	a14
12	1604.64997579082	a7	a14	a77	13
13	1604.65022255756	a7	a14
12	1604.65024571354	a7	a14	a77	15
13	1604.65054639571	a7	a14
12	1604.72821328977	a7	a14	a83	0
13	1604.72947719169	a7	a14
12	1604.72951831948	a7	a14	a83	3
13	1604.73040654151	a7	a14
12	1604.73852392309	a7	a14	a81	0
13	1604.73974773405	a7	a14
12	1604.73981858445	a7	a14	a81	3
13	1604.74087131763	a7	a14
12	1604.7755638183	a7	a14	a51	0
13	1604.77773495088	a7	a14
12	1604.77780372761	a7	a14	a51	3
13	1604.78007094024	a7	a14
12	1604.7817620182	a7	a14	a53	0
13	1604.79369218786	a7	a14
12	1604.79374610329	a7	a14	a53	3
13	1604.79879756363	a7	a14
12	1604.79885147906	a7	a14	a53	6
13	1604.80247003337	a7	a14
12	1604.80362541322	a7	a14	a53	0
13	1604.80783185301	a7	a14
12	1604.80789717361	a7	a14	a53	3
13	1604.81132702395	a7	a14
12	1604.8113671149	a7	a14	a53	6
13	1604.8144319993	a7	a14
12	1604.81753179048	a7	a14	a55	0
13	1604.82512557036	a7	a14
12	1604.83665621292	a7	a14	a57	0
13	1605.73572629573	a7	a14
12	1608.81210781195	a7	a14	a59	0
13	1610.90262232749	a7	a14
12	1610.90278787548	a7	a14	a59	4
13	1616.14054259678	a7	a14
12	1616.14102990926	a7	a14	a59	12
13	1621.30011649945	a7	a14
12	1622.90922193619	a7	a14	a61	0
13	1623.92378887658	a7	a14
12	1623.92397447005	a7	a14	a61	3
13	1624.7623060646	a7	a14
12	1624.76253278586	a7	a14	a61	6
13	1628.18318501099	a7	a14
12	1628.70206945571	a7	a14	a61	0
13	1629.03291176831	a7	a14
12	1629.03298330993	a7	a14	a61	4
13	1629.30998554345	a7	a14
12	1629.31005846752	a7	a14	a61	8
13	1629.58299976377	a7	a14
12	1629.58308616669	a7	a14	a61	12
13	1629.83982760656	a7	a14
12	1631.0628063404	a7	a14	a63	0
13	1631.45216865987	a7	a14
12	1632.97749333189	a7	a14	a65	0
13	1651.91284820602	a7	a14
12	1651.91353389959	a7	a14	a65	4
13	1694.28050958724	a7	a14
12	1694.28085554453	a7	a14	a65	11
13	1702.81785221749	a7	a14
12	1702.81816119434	a7	a14	a65	14
13	1705.08938154282	a7	a14
12	1707.2438114092	a7	a14	a79	0
13	1707.2440834056	a7	a14
12	1707.24427245519	a7	a14	a79	1
13	1707.24431773032	a7	a14
12	1707.24436196861	a7	a14	a79	2
13	1707.24439169122	a7	a14
12	1707.24444007685	a7	a14	a79	5
13	1707.24446979946	a7	a14
12	1707.24449502911	a7	a14	a79	6
13	1707.24453097273	a7	a14
12	1707.24455620238	a7	a14	a79	8
13	1707.24458557937	a7	a14
12	1707.24463845796	a7	a14	a79	9
13	1707.24466576128	a7	a14
12	1707.24471760304	a7	a14	a79	11
13	1707.24475147298	a7	a14
12	1707.2447787763	a7	a14	a79	13
13	1707.24481264625	a7	a14
12	1707.2448821142	a7	a14	a79	15
13	1707.46871302724	a7	a14
12	1707.50311002991	a7	a14	a79	0
13	1707.50313664201	a7	a14
12	1707.50317880664	a7	a14	a79	1
13	1707.50320922047	a7	a14
12	1707.50324205358	a7	a14	a79	2
13	1707.50327143057	a7	a14
12	1707.5032990795	a7	a14	a79	3
13	1707.503467738	a7	a14
12	1707.50349849744	a7	a14	a79	4
13	1707.5035268376	a7	a14
12	1707.50355310409	a7	a14	a79	6
13	1707.5035859372	a7	a14
12	1707.50363224917	a7	a14	a79	7
13	1709.34568307023	a7	a14
12	1709.48533576512	a7	a14	a79	0
13	1709.48539693839	a7	a14
12	1709.48543495567	a7	a14	a79	1
13	1709.48548437814	a7	a14
12	1709.48551617442	a7	a14	a79	2
13	1709.48554762508	a7	a14
12	1709.48558253186	a7	a14	a79	3
13	1709.48561087202	a7	a14
12	1709.48564474196	a7	a14	a79	4
13	1709.48581789342	a7	a14
12	1709.48584934408	a7	a14	a79	5
13	1709.48587906668	a7	a14
12	1709.48591155418	a7	a14	a79	7
13	1716.69772589786	a7	a14
12	1716.76424301344	a7	a14	a67	0
13	1762.33604023239	a7	a14
12	1762.79906104163	a7	a14	a51	0
13	1762.80252890925	a7	a14
12	1762.80510751801	a7	a14	a69	0
13	1762.82433838885	a7	a14
12	1762.82685789801	a7	a14	a51	0
13	1762.82759232284	a7	a14
12	1762.8276237735	a7	a14	a51	2
13	1762.82839725245	a7	a14
12	1762.83026148186	a7	a14	a71	0
13	1762.85206785095	a7	a14
12	1762.85312162097	a7	a14	a71	0
13	1762.85942557805	a7	a14
12	1762.86522597892	a7	a14	a73	0
13	1762.99772036464	a7	a14
12	1762.99792807726	a7	a14	a73	5
13	1763.12777542311	a7	a14
12	1763.18137046351	a7	a14	a77	0
13	1763.18213322849	a7	a14
12	1763.1821660616	a7	a14	a77	3
13	1763.18249854004	a7	a14
12	1763.18252688019	a7	a14	a77	7
13	1763.18296269653	a7	a14
12	1763.18299864014	a7	a14	a77	12
13	1763.18326130502	a7	a14
12	1763.23162896872	a7	a14	a81	0
13	1763.23363006036	a7	a14
12	1763.26807786795	a7	a14	a81	0
13	1763.26954222465	a7	a14
12	1763.38729143356	a7	a14	a51	0
13	1763.38814820492	a7	a14
12	1763.38821041503	a7	a14	a51	3
13	1763.38868943282	a7	a14
12	1763.3906030847	a7	a14	a75	0
13	1763.39246316678	a7	a14
12	1763.40238775184	a7	a14	a77	0
13	1763.40268843401	a7	a14
12	1763.40272334079	a7	a14	a77	1
13	1763.40295420939	a7	a14
12	1763.40314222215	a7	a14	a77	3
13	1763.40338898889	a7	a14
12	1763.4034691708	a7	a14	a77	6
13	1763.4037266515	a7	a14
12	1763.40376052145	a7	a14	a77	10
13	1763.40429414588	a7	a14
12	1763.4044071609	a7	a14	a77	15
13	1763.4049632501	a7	a14
12	1763.48064425944	a7	a14	a83	0
13	1763.48184180392	a7	a14
12	1763.48839252774	a7	a14	a81	0
13	1763.48959629323	a7	a14
12	1763.52116239062	a7	a14	a51	0
13	1763.52319251364	a7	a14
12	1763.53321525242	a7	a14	a53	0
13	1763.5452287145	a7	a14
12	1763.54528470359	a7	a14	a53	6
13	1763.5489181192	a7	a14
12	1763.54988652314	a7	a14	a53	0
13	1763.55399584604	a7	a14
12	1763.5540656596	a7	a14	a53	4
13	1763.55835642863	a7	a14
12	1763.56102144032	a7	a14	a55	0
13	1763.56635457418	a7	a14
12	1763.5771653076	a7	a14	a57	0
13	1764.23167434306	a7	a14
12	1764.78232153822	a7	a14	a59	0
13	1767.0515774299	a7	a14
12	1767.05165000835	a7	a14	a59	5
13	1769.27395386178	a7	a14
12	1769.27406065579	a7	a14	a59	8
13	1771.14592635985	a7	a14
12	1771.14640952498	a7	a14	a59	11
13	1773.61634242067	a7	a14
12	1773.61642052891	a7	a14	a59	15
13	1775.71159285309	a7	a14
12	1775.74377863222	a7	a14	a61	0
13	1776.66352942687	a7	a14
12	1776.66365281025	a7	a14	a61	4
13	1777.51272221415	a7	a14
12	1777.51301149113	a7	a14	a61	8
13	1778.35421235387	a7	a14
12	1778.35440658763	a7	a14	a61	12
13	1779.26792323876	a7	a14
12	1779.26817657212	a7	a14	a61	15
13	1780.08912424467	a7	a14
12	1781.61862908998	a7	a14	a61	0
13	1781.90975681856	a7	a14
12	1781.90984875127	a7	a14	a61	3
13	1782.18447905182	a7	a14
12	1782.18455923373	a7	a14	a61	6
13	1782.44788077442	a7	a14
12	1782.44799171577	a7	a14	a61	9
13	1782.9892154628	a7	a14
12	1782.98951718179	a7	a14	a61	13
13	1783.25605118307	a7	a14
12	1786.41720502393	a7	a14	a63	0
13	1787.79308132916	a7	a14
12	1790.26749508031	a7	a14	a65	0
13	1810.17332755813	a7	a14
12	1810.17377270598	a7	a14	a65	4
13	1853.44413240145	a7	a14
12	1853.44454195129	a7	a14	a65	11
13	1862.51828566316	a7	a14
12	1862.51861364865	a7	a14	a65	15
13	1863.68894362688	a7	a14
12	1866.32401877024	a7	a14	a79	0
13	1866.32437958883	a7	a14
12	1866.32442382713	a7	a14	a79	4
13	1866.32447117593	a7	a14
12	1866.32451023005	a7	a14	a79	6
13	1866.32454306316	a7	a14
12	1866.32457900678	a7	a14	a79	7
13	1866.3246063101	a7	a14
12	1866.58237732717	a7	a14	a79	0
13	1866.58258745907	a7	a14
12	1866.58262340269	a7	a14	a79	2
13	1866.58265277968	a7	a14
12	1866.58268457596	a7	a14	a79	3
13	1866.58271291612	a7	a14
12	1866.5827391826	a7	a14	a79	5
13	1866.58277512622	a7	a14
12	1866.58280484882	a7	a14	a79	7
13	1868.63306044195	a7	a14
12	1868.78423479348	a7	a14	a79	0
13	1868.78431497539	a7	a14
12	1868.78436681714	a7	a14	a79	1
13	1868.78441520278	a7	a14
12	1868.78445218323	a7	a14	a79	2
13	1868.78448294267	a7	a14
12	1868.78452303362	a7	a14	a79	3
13	1868.78455241062	a7	a14
12	1868.78458939107	a7	a14	a79	4
13	1868.78462326101	a7	a14
12	1868.78480781765	a7	a14	a79	5
13	1868.7848416876	a7	a14
12	1868.78487521193	a7	a14	a79	6
13	1868.78490597137	a7	a14
12	1868.78495539384	a7	a14	a79	8
13	1868.78498407961	a7	a14
12	1868.78505251072	a7	a14	a79	10
13	1868.78508638067	a7	a14
12	1868.78512025061	a7	a14	a79	11
13	1868.78514859077	a7	a14
12	1868.78517278359	a7	a14	a79	12
13	1868.78520457986	a7	a14
12	1868.78524674449	a7	a14	a79	13
13	1868.78527715832	a7	a14
12	1868.78531413876	a7	a14	a79	15
13	1875.813266178	a7	a14
12	1875.88358122036	a7	a14	a67	0
13	1922.33760306311	a7	a14
12	1922.82699231565	a7	a14	a51	0
13	1922.82977863704	a7	a14
12	1922.83290262103	a7	a14	a69	0
13	1922.85234880794	a7	a14
12	1922.8547763844	a7	a14	a51	0
13	1922.85547693928	a7	a14
12	1922.85552221441	a7	a14	a51	2
13	1922.85658047738	a7	a14
12	1922.85777249207	a7	a14	a71	0
13	1922.87911470468	a7	a14
12	1922.87995143056	a7	a14	a71	0
13	1922.88636287287	a7	a14
12	1922.8916621368	a7	a14	a73	0
13	1923.02827310327	a7	a14
12	1923.02859694141	a7	a14	a73	7
13	1923.15511051698	a7	a14
12	1923.20504587527	a7	a14	a77	0
13	1923.20577891765	a7	a14
12	1923.20582108227	a7	a14	a77	3
13	1923.20621680765	a7	a14
12	1923.20625171443	a7	a14	a77	5
13	1923.2064964075	a7	a14
12	1923.20653546162	a7	a14	a77	9
13	1923.206801237	a7	a14
12	1923.20684443847	a7	a14	a77	12
13	1923.207102956	a7	a14
12	1923.20719177821	a7	a14	a77	15
13	1923.20745651675	a7	a14
12	1923.25645595861	a7	a14	a81	0
13	1923.25820440811	a7	a14
12	1923.29331751819	a7	a14	a81	0
13	1923.294980256	a7	a14
12	1923.3845531269	a7	a14	a51	0
13	1923.38537291781	a7	a14
12	1923.38542856129	a7	a14	a51	2
13	1923.38600988014	a7	a14
12	1923.38787860251	a7	a14	a75	0
13	1923.3899166746	a7	a14
12	1923.39934565251	a7	a14	a77	0
13	1923.39961557524	a7	a14
12	1923.39965359252	a7	a14	a77	1
13	1923.39988895408	a7	a14
12	1923.3999131469	a7	a14	a77	2
13	1923.4002919373	a7	a14
12	1923.40032131429	a7	a14	a77	6
13	1923.40059884047	a7	a14
12	1923.40063374725	a7	a14	a77	7
13	1923.40086357902	a7	a14
12	1923.40092820841	a7	a14	a77	11
13	1923.40125619389	a7	a14
12	1923.40127934988	a7	a14	a77	15
13	1923.42053268547	a7	a14
12	1923.49698164397	a7	a14	a83	0
13	1923.49820891105	a7	a14
12	1923.50525627886	a7	a14	a81	0
13	1923.50647386882	a7	a14
12	1923.53781324494	a7	a14	a51	0
13	1923.54092789742	a7	a14
12	1923.54410130389	a7	a14	a53	0
13	1923.55552204193	a7	a14
12	1923.555601187	a7	a14	a53	4
13	1923.55947307468	a7	a14
12	1923.56059147408	a7	a14	a53	0
13	1923.5644823704	a7	a14
12	1923.5645297192	a7	a14	a53	4
13	1923.56793122938	a7	a14
12	1923.57062043388	a7	a14	a55	0
13	1923.57707404082	a7	a14
12	1923.58681406925	a7	a14	a57	0
13	1924.20113814319	a7	a14
12	1924.69356912414	a7	a14	a59	0
13	1926.81960837327	a7	a14
12	1926.81971378484	a7	a14	a59	5
13	1929.10533300723	a7	a14
12	1929.10539003315	a7	a14	a59	8
13	1931.02334547432	a7	a14
12	1931.02344362804	a7	a14	a59	12
13	1933.72260727369	a7	a14
12	1934.6328955661	a7	a14	a61	0
13	1935.72312035984	a7	a14
12	1935.72327657632	a7	a14	a61	5
13	1936.67144874766	a7	a14
12	1936.67161118515	a7	a14	a61	9
13	1937.62559239764	a7	a14
12	1937.62579181558	a7	a14	a61	15
13	1938.57236034872	a7	a14
12	1938.57424566044	a7	a14	a61	0
13	1938.88985029959	a7	a14
12	1938.88991665703	a7	a14	a61	4
13	1939.16544796723	a7	a14
12	1939.1655091405	a7	a14	a61	8
13	1939.43488890836	a7	a14
12	1939.43494144134	a7	a14	a61	12
13	1939.69203229462	a7	a14
12	1940.86919881754	a7	a14	a63	0
13	1941.20978288662	a7	a14
12	1943.16293714957	a7	a14	a65	0
13	1961.90339502946	a7	a14
12	1961.90370953609	a7	a14	a65	4
13	2004.43437348306	a7	a14
12	2004.43466034076	a7	a14	a65	12
13	2012.40193378176	a7	a14
12	2012.40221441845	a7	a14	a65	15
13	2013.57611352852	a7	a14
12	2019.33226399963	a7	a14	a79	0
13	2019.33261756038	a7	a14
12	2019.3327157141	a7	a14	a79	2
13	2019.3327779242	a7	a14
12	2019.33281075731	a7	a14	a79	4
13	2019.33283598696	a7	a14
12	2019.33286121661	a7	a14	a79	5
13	2019.33288644627	a7	a14
12	2019.33291513204	a7	a14	a79	6
13	2019.33294243536	a7	a14
12	2019.33304473642	a7	a14	a79	7
13	2019.33307549586	a7	a14
12	2019.33310383601	a7	a14	a79	8
13	2019.33313666912	a7	a14
12	2019.33320613707	a7	a14	a79	9
13	2019.33324519119	a7	a14
12	2019.33327906114	a7	a14	a79	12
13	2019.3333074013	a7	a14
12	2019.3333813622	a7	a14	a79	13
13	2019.33341523214	a7	a14
12	2019.54566400649	a7	a14	a79	0
13	2019.54570202377	a7	a14
12	2019.54576423388	a7	a14	a79	3
13	2019.54578946353	a7	a14
12	2019.54582229664	a7	a14	a79	6
13	2019.54585512975	a7	a14
12	2019.54588658041	a7	a14	a79	7
13	2021.06229447103	a7	a14
12	2021.19503769716	a7	a14	a79	0
13	2021.19509023014	a7	a14
12	2021.19513032109	a7	a14	a79	1
13	2021.19516211737	a7	a14
12	2021.19519806098	a7	a14	a79	2
13	2021.19524126244	a7	a14
12	2021.19527720606	a7	a14	a79	3
13	2021.19530969356	a7	a14
12	2028.48970518381	a7	a14	a67	0
13	2073.84269288184	a7	a14
12	2074.30208165792	a7	a14	a51	0
13	2074.30534354097	a7	a14
12	2074.3075423225	a7	a14	a69	0
13	2074.33191140221	a7	a14
12	2074.33387378534	a7	a14	a51	0
13	2074.33468286229	a7	a14
12	2074.33478308968	a7	a14	a51	3
13	2074.33559873325	a7	a14
12	2074.33699638689	a7	a14	a71	0
13	2074.35801683502	a7	a14
12	2074.35892199201	a7	a14	a71	0
13	2074.36536073765	a7	a14
12	2074.37019169775	a7	a14	a73	0
13	2074.50366312769	a7	a14
12	2074.50379065841	a7	a14	a73	6
13	2074.63496930045	a7	a14
12	2074.68710551394	a7	a14	a77	0
13	2074.68772277641	a7	a14
12	2074.68775007973	a7	a14	a77	3
13	2074.68816585058	a7	a14
12	2074.6881900434	a7	a14	a77	7
13	2074.68861756505	a7	a14
12	2074.68864072103	a7	a14	a77	11
13	2074.68892239455	a7	a14
12	2074.68898667833	a7	a14	a77	13
13	2074.68926005717	a7	a14
12	2074.7581363181	a7	a14	a81	0
13	2074.76006586812	a7	a14
12	2074.79405124728	a7	a14	a81	0
13	2074.79564866447	a7	a14
12	2074.86767102854	a7	a14	a51	0
13	2074.86854577171	a7	a14
12	2074.87130755466	a7	a14	a75	0
13	2074.87361727754	a7	a14
12	2074.88177025712	a7	a14	a77	0
13	2074.88202670099	a7	a14
12	2074.88225342225	a7	a14	a77	2
13	2074.88251954325	a7	a14
12	2074.88256274471	a7	a14	a77	5
13	2074.88296469109	a7	a14
12	2074.88303312221	a7	a14	a77	9
13	2074.88360303587	a7	a14
12	2074.88370430009	a7	a14	a77	15
13	2074.88396281763	a7	a14
12	2074.9552189606	a7	a14	a83	0
13	2074.95644726452	a7	a14
12	2074.96331111253	a7	a14	a81	0
13	2074.96449690621	a7	a14
12	2074.99548928821	a7	a14	a51	0
13	2074.99830533219	a7	a14
12	2075.00065376357	a7	a14	a53	0
13	2075.01185503819	a7	a14
12	2075.01195733925	a7	a14	a53	5
13	2075.01680834482	a7	a14
12	2075.01902717182	a7	a14	a53	0
13	2075.02332830921	a7	a14
12	2075.02338326147	a7	a14	a53	5
13	2075.02697243879	a7	a14
12	2075.02918677284	a7	a14	a55	0
13	2075.03466886534	a7	a14
12	2075.04552280022	a7	a14	a57	0
13	2075.62579410072	a7	a14
12	2076.23259075222	a7	a14	a59	0
13	2078.38435145958	a7	a14
12	2078.38444235545	a7	a14	a59	5
13	2080.65127758291	a7	a14
12	2080.65137158929	a7	a14	a59	9
13	2082.88779920972	a7	a14
12	2082.88791291597	a7	a14	a59	13
13	2085.22936397756	a7	a14
12	2086.17185187356	a7	a14	a61	0
13	2087.2656354308	a7	a14
12	2087.26588427121	a7	a14	a61	5
13	2088.24895043482	a7	a14
12	2088.24917715609	a7	a14	a61	9
13	2089.215750039	a7	a14
12	2089.216051758	a7	a14	a61	15
13	2090.07672887586	a7	a14
12	2090.31566647554	a7	a14	a61	0
13	2090.63494980542	a7	a14
12	2090.63506282044	a7	a14	a61	5
13	2090.92902456482	a7	a14
12	2090.92909921695	a7	a14	a61	9
13	2091.20249430134	a7	a14
12	2091.20256515173	a7	a14	a61	13
13	2091.48701980996	a7	a14
12	2092.93385814261	a7	a14	a63	0
13	2093.31021094714	a7	a14
12	2094.82862960652	a7	a14	a65	0
13	2113.13520934544	a7	a14
12	2113.13561025499	a7	a14	a65	4
13	2157.59166962581	a7	a14
12	2157.59200521475	a7	a14	a65	12
13	2165.04845871403	a7	a14
12	2165.0487804785	a7	a14	a65	14
13	2167.69377467714	a7	a14
12	2170.80921653447	a7	a14	a79	0
13	2170.80950995879	a7	a14
12	2170.80961122301	a7	a14	a79	3
13	2170.80964578418	a7	a14
12	2170.80967861729	a7	a14	a79	4
13	2170.80971248723	a7	a14
12	2170.80974186423	a7	a14	a79	5
13	2170.8097736605	a7	a14
12	2170.80980200066	a7	a14	a79	7
13	2170.80983794427	a7	a14
12	2170.80989289653	a7	a14	a79	9
13	2170.80992331036	a7	a14
12	2170.8099540698	a7	a14	a79	11
13	2170.80998448363	a7	a14
12	2170.81001731674	a7	a14	a79	13
13	2170.81004669373	a7	a14
12	2170.81008056367	a7	a14	a79	15
13	2171.02938880224	a7	a14
12	2171.06697822003	a7	a14	a79	0
13	2171.06701312681	a7	a14
12	2171.06704872481	a7	a14	a79	1
13	2171.06708259475	a7	a14
12	2171.06710989808	a7	a14	a79	2
13	2171.06714791536	a7	a14
12	2171.06722498677	a7	a14	a79	3
13	2171.06725885671	a7	a14
12	2171.06730205817	a7	a14	a79	6
13	2171.06733385445	a7	a14
12	2171.06736115777	a7	a14	a79	7
13	2172.61829980278	a7	a14
12	2172.76514018382	a7	a14	a79	0
13	2172.76525423568	a7	a14
12	2172.76543568181	a7	a14	a79	1
13	2172.76546955175	a7	a14
12	2172.76551379005	a7	a14	a79	3
13	2172.76554316704	a7	a14
12	2172.76557807382	a7	a14	a79	5
13	2172.7656098701	a7	a14
12	2172.76564339443	a7	a14	a79	6
13	2172.76567415387	a7	a14
12	2172.76572150267	a7	a14	a79	7
13	2180.19268188343	a7	a14
12	2180.26217540682	a7	a14	a67	0
13	2225.43745787253	a7	a14
12	2225.89454245552	a7	a14	a51	0
13	2225.89809672606	a7	a14
12	2225.90036082819	a7	a14	a69	0
13	2225.91936186726	a7	a14
12	2225.92223355473	a7	a14	a51	0
13	2225.92296590588	a7	a14
12	2225.92300599684	a7	a14	a51	3
13	2225.92396368681	a7	a14
12	2225.93890620789	a7	a14	a71	0
13	2225.96745926263	a7	a14
12	2225.96837202308	a7	a14	a71	0
13	2225.97519681697	a7	a14
12	2225.97923874559	a7	a14	a73	0
13	2226.10784085255	a7	a14
12	2226.12461995411	a7	a14	a73	7
13	2226.25132327049	a7	a14
12	2226.30068387655	a7	a14	a77	0
13	2226.3012354728	a7	a14
12	2226.30125966562	a7	a14	a77	1
13	2226.30174628687	a7	a14
12	2226.30178637782	a7	a14	a77	5
13	2226.30218279442	a7	a14
12	2226.30222634149	a7	a14	a77	8
13	2226.30258819692	a7	a14
12	2226.30263865623	a7	a14	a77	13
13	2226.30293000688	a7	a14
12	2226.36364119181	a7	a14	a81	0
13	2226.36556141032	a7	a14
12	2226.40096483421	a7	a14	a81	0
13	2226.4026064897	a7	a14
12	2226.48453028286	a7	a14	a51	0
13	2226.48592413477	a7	a14
12	2226.4878599058	a7	a14	a75	0
13	2226.48998472643	a7	a14
12	2226.4994302937	a7	a14	a77	0
13	2226.49969745153	a7	a14
12	2226.49972268118	a7	a14	a77	1
13	2226.49996737426	a7	a14
12	2226.49999053024	a7	a14	a77	2
13	2226.5003800346	a7	a14
12	2226.50044846572	a7	a14	a77	5
13	2226.50070490959	a7	a14
12	2226.5007408532	a7	a14	a77	9
13	2226.50106987552	a7	a14
12	2226.50112482778	a7	a14	a77	11
13	2226.50150154451	a7	a14
12	2226.50159520528	a7	a14	a77	15
13	2226.50195187654	a7	a14
12	2226.58321520577	a7	a14	a83	0
13	2226.58446009905	a7	a14
12	2226.59074401065	a7	a14	a81	0
13	2226.59197507946	a7	a14
12	2226.6221373022	a7	a14	a51	0
13	2226.62481164539	a7	a14
12	2226.62748737104	a7	a14	a53	0
13	2226.63874981892	a7	a14
12	2226.63878023275	a7	a14	a53	4
13	2226.64263967841	a7	a14
12	2226.64378849164	a7	a14	a53	0
13	2226.64809515881	a7	a14
12	2226.64815944258	a7	a14	a53	4
13	2226.65153226699	a7	a14
12	2226.6541212441	a7	a14	a55	0
13	2226.66046321847	a7	a14
12	2226.66965441555	a7	a14	a57	0
13	2227.27500157165	a7	a14
12	2227.7727781285	a7	a14	a59	0
13	2230.01552629538	a7	a14
12	2230.01558746865	a7	a14	a59	5
13	2232.52710539878	a7	a14
12	2232.52717521234	a7	a14	a59	9
13	2234.5026338708	a7	a14
12	2234.50271301588	a7	a14	a59	13
13	2236.84433688332	a7	a14
12	2237.69752321358	a7	a14	a61	0
13	2238.78921582014	a7	a14
12	2238.78935924899	a7	a14	a61	4
13	2239.76696336557	a7	a14
12	2239.76706566663	a7	a14	a61	10
13	2240.6391210123	a7	a14
12	2240.63938160351	a7	a14	a61	12
13	2241.7011062211	a7	a14
12	2241.8008884611	a7	a14	a61	0
13	2242.10940391342	a7	a14
12	2242.10947891115	a7	a14	a61	4
13	2242.40370435724	a7	a14
12	2242.4038184091	a7	a14	a61	8
13	2242.67967252061	a7	a14
12	2242.679743371	a7	a14	a61	12
13	2242.94190434766	a7	a14
12	2244.10424240135	a7	a14	a63	0
13	2245.02517587918	a7	a14
12	2246.51638971499	a7	a14	a65	0
13	2265.2406149054	a7	a14
12	2265.24112779314	a7	a14	a65	4
13	2307.76883123044	a7	a14
12	2307.76916854744	a7	a14	a65	11
13	2316.28359608633	a7	a14
12	2316.28391992447	a7	a14	a65	15
13	2317.46243156806	a7	a14
12	2321.71419970703	a7	a14	a79	0
13	2321.7145774606	a7	a14
12	2321.71463552336	a7	a14	a79	3
13	2321.714683909	a7	a14
12	2321.71472711046	a7	a14	a79	5
13	2321.7147609804	a7	a14
12	2321.71478724689	a7	a14	a79	7
13	2321.71482215367	a7	a14
12	2321.71485291311	a7	a14	a79	8
13	2321.71488021643	a7	a14
12	2321.7149265284	a7	a14	a79	10
13	2321.714956251	a7	a14
12	2321.71502675578	a7	a14	a79	12
13	2321.71505336788	a7	a14
12	2321.71509864301	a7	a14	a79	15
13	2321.93707915111	a7	a14
12	2321.97268821395	a7	a14	a79	0
13	2321.97272726808	a7	a14
12	2321.97281056049	a7	a14	a79	2
13	2321.9728402831	a7	a14
12	2321.97288037405	a7	a14	a79	4
13	2321.97291631767	a7	a14
12	2321.97295744546	a7	a14	a79	6
13	2321.97298578561	a7	a14
12	2321.97303106074	a7	a14	a79	7
13	2323.53304201241	a7	a14
12	2323.67975382591	a7	a14	a79	0
13	2323.67980117471	a7	a14
12	2323.67986131114	a7	a14	a79	1
13	2323.68003135209	a7	a14
12	2323.68007040621	a7	a14	a79	3
13	2323.6800997832	a7	a14
12	2323.68013468998	a7	a14	a79	5
13	2323.68016303014	a7	a14
12	2323.68023180686	a7	a14	a79	6
13	2323.68027189782	a7	a14
12	2323.68035622707	a7	a14	a79	9
13	2323.68038456723	a7	a14
12	2323.68042362135	a7	a14	a79	11
13	2323.68045852813	a7	a14
12	2323.68051348038	a7	a14	a79	13
13	2323.68053974687	a7	a14
12	2331.08508479076	a7	a14	a67	0
13	2376.10361300432	a7	a14
12	2376.57279226813	a7	a14	a51	0
13	2376.57575485147	a7	a14
12	2376.57828680266	a7	a14	a69	0
13	2376.59823931069	a7	a14
12	2376.59973442682	a7	a14	a51	0
13	2376.60075467251	a7	a14
12	2376.6027305345	a7	a14	a71	0
13	2376.62455694906	a7	a14
12	2376.62544309742	a7	a14	a71	0
13	2376.6321078731	a7	a14
12	2376.6364007158	a7	a14	a73	0
13	2376.77068848054	a7	a14
12	2376.77090275979	a7	a14	a73	5
13	2376.8994502601	a7	a14
12	2376.95267515038	a7	a14	a77	0
13	2376.9533618808	a7	a14
12	2376.95339264024	a7	a14	a77	3
13	2376.95373548703	a7	a14
12	2376.95377661482	a7	a14	a77	5
13	2376.95410252663	a7	a14
12	2376.95414469126	a7	a14	a77	9
13	2376.95441910693	a7	a14
12	2376.95445712422	a7	a14	a77	13
13	2376.9547197891	a7	a14
12	2377.02938055275	a7	a14	a81	0
13	2377.0311836089	a7	a14
12	2377.06639729197	a7	a14	a81	0
13	2377.06804724215	a7	a14
12	2377.14058249395	a7	a14	a51	0
13	2377.14165008844	a7	a14
12	2377.1432938176	a7	a14	a75	0
13	2377.14531944767	a7	a14
12	2377.1732628434	a7	a14	a77	0
13	2377.17365442144	a7	a14
12	2377.1736827616	a7	a14	a77	2
13	2377.17394542647	a7	a14
12	2377.17400763658	a7	a14	a77	5
13	2377.17428619959	a7	a14
12	2377.17434115185	a7	a14	a77	7
13	2377.17463008322	a7	a14
12	2377.17467017417	a7	a14	a77	10
13	2377.17502788226	a7	a14
12	2377.17508387136	a7	a14	a77	14
13	2377.17545955125	a7	a14
12	2377.2499454354	a7	a14	a83	0
13	2377.25109424863	a7	a14
12	2377.25804484517	a7	a14	a81	0
13	2377.25927072981	a7	a14
12	2377.29024410316	a7	a14	a51	0
13	2377.2926537078	a7	a14
12	2377.29494200275	a7	a14	a53	0
13	2377.3063333638	a7	a14
12	2377.30640697909	a7	a14	a53	4
13	2377.31165785737	a7	a14
12	2377.31297360105	a7	a14	a53	0
13	2377.3167884628	a7	a14
12	2377.31683062742	a7	a14	a53	4
13	2377.32012465237	a7	a14
12	2377.33467006562	a7	a14	a55	0
13	2377.34045180346	a7	a14
12	2377.35042270049	a7	a14	a57	0
13	2378.0172493363	a7	a14
12	2378.56331648544	a7	a14	a59	0
13	2381.09283214392	a7	a14
12	2381.09293859232	a7	a14	a59	5
13	2383.31417692493	a7	a14
12	2383.31427404182	a7	a14	a59	9
13	2385.2949697541	a7	a14
12	2385.29506687099	a7	a14	a59	13
13	2387.60137821041	a7	a14
12	2388.56861363091	a7	a14	a61	0
13	2389.65620209874	a7	a14
12	2389.65625808784	a7	a14	a61	4
13	2390.80845520355	a7	a14
12	2390.80863457601	a7	a14	a61	11
13	2391.67466660128	a7	a14
12	2391.67492511882	a7	a14	a61	12
13	2392.59544731874	a7	a14
12	2392.67265524049	a7	a14	a61	0
13	2392.98160028813	a7	a14
12	2392.98166871924	a7	a14	a61	4
13	2393.26589561937	a7	a14
12	2393.26602245885	a7	a14	a61	8
13	2393.54638369231	a7	a14
12	2393.54653334217	a7	a14	a61	12
13	2393.80657191749	a7	a14
12	2394.97904883549	a7	a14	a63	0
13	2395.34373413524	a7	a14
12	2396.83636255967	a7	a14	a65	0
13	2415.52838745525	a7	a14
12	2415.52867431295	a7	a14	a65	4
13	2459.31453526039	a7	a14
12	2459.31481589707	a7	a14	a65	12
13	2466.94236169474	a7	a14
12	2466.94268553289	a7	a14	a65	14
13	2469.23033142218	a7	a14
12	2473.66436790452	a7	a14	a79	0
13	2473.66473805463	a7	a14
12	2473.66479611739	a7	a14	a79	1
13	2473.66483620835	a7	a14
12	2473.66487111513	a7	a14	a79	3
13	2473.66490394824	a7	a14
12	2473.66493125156	a7	a14	a79	4
13	2473.66496512151	a7	a14
12	2473.66499242483	a7	a14	a79	6
13	2473.66502836844	a7	a14
12	2473.6650567086	a7	a14	a79	8
13	2473.66509161538	a7	a14
12	2473.6651189187	a7	a14	a79	10
13	2473.66515175181	a7	a14
12	2473.66517905514	a7	a14	a79	12
13	2473.66521396192	a7	a14
12	2473.66526476683	a7	a14	a79	14
13	2473.66529207016	a7	a14
12	2473.92406432427	a7	a14	a79	0
13	2473.92409819422	a7	a14
12	2473.92412549754	a7	a14	a79	1
13	2473.92416144116	a7	a14
12	2473.92421224607	a7	a14	a79	2
13	2473.92424784408	a7	a14
12	2475.57095341256	a7	a14	a79	0
13	2475.57100076136	a7	a14
12	2475.57103981548	a7	a14	a79	1
13	2475.57120985643	a7	a14
12	2475.57124338076	a7	a14	a79	2
13	2475.57127621387	a7	a14
12	2475.57131112065	a7	a14	a79	4
13	2475.57134049765	a7	a14
12	2475.57137540443	a7	a14	a79	5
13	2475.57140823754	a7	a14
12	2475.5714396882	a7	a14	a79	7
13	2483.5276839692	a7	a14
12	2483.60797440155	a7	a14	a67	0
13	2528.97048404704	a7	a14
12	2529.70289948545	a7	a14	a51	0
13	2529.70611505654	a7	a14
12	2529.70924318788	a7	a14	a69	0
13	2529.72824526378	a7	a14
12	2529.73124793808	a7	a14	a51	0
13	2529.73211507779	a7	a14
12	2529.73214894773	a7	a14	a51	2
13	2529.73339073051	a7	a14
12	2529.73487098534	a7	a14	a71	0
13	2529.75530458483	a7	a14
12	2529.75615478957	a7	a14	a71	0
13	2529.7626021755	a7	a14
12	2529.76755133479	a7	a14	a73	0
13	2529.90210591175	a7	a14
12	2529.90239415189	a7	a14	a73	6
13	2530.02854448957	a7	a14
12	2530.08230334991	a7	a14	a77	0
13	2530.08292890706	a7	a14
12	2530.08296692434	a7	a14	a77	2
13	2530.08338684253	a7	a14
12	2530.08342589665	a7	a14	a77	5
13	2530.08375388214	a7	a14
12	2530.08379500993	a7	a14	a77	9
13	2530.08405767481	a7	a14
12	2530.08408532374	a7	a14	a77	11
13	2530.08436907094	a7	a14
12	2530.08439430059	a7	a14	a77	15
13	2530.08463795682	a7	a14
12	2530.13284318304	a7	a14	a81	0
13	2530.13542801281	a7	a14
12	2530.16979978583	a7	a14	a81	0
13	2530.17161217349	a7	a14
12	2530.2436473252	a7	a14	a51	0
13	2530.24468865319	a7	a14
12	2530.24702326011	a7	a14	a75	0
13	2530.2492863254	a7	a14
12	2530.25753020086	a7	a14	a77	0
13	2530.25780461653	a7	a14
12	2530.25783191986	a7	a14	a77	1
13	2530.25822246106	a7	a14
12	2530.25826669935	a7	a14	a77	4
13	2530.25858224282	a7	a14
12	2530.25867071941	a7	a14	a77	6
13	2530.25916770901	a7	a14
12	2530.25932392549	a7	a14	a77	13
13	2530.25987137439	a7	a14
12	2530.34621139363	a7	a14	a83	0
13	2530.34740271709	a7	a14
12	2530.35453890711	a7	a14	a81	0
13	2530.3556393347	a7	a14
12	2530.38716015696	a7	a14	a51	0
13	2530.3900518899	a7	a14
12	2530.39219260866	a7	a14	a53	0
13	2530.40369456545	a7	a14
12	2530.40373776691	a7	a14	a53	4
13	2530.40934739012	a7	a14
12	2530.41031475722	a7	a14	a53	0
13	2530.4146836345	a7	a14
12	2530.41476692691	a7	a14	a53	4
13	2530.43771174088	a7	a14
12	2530.4403186898	a7	a14	a55	0
13	2530.44632611206	a7	a14
12	2530.46429619148	a7	a14	a57	0
13	2531.10507303796	a7	a14
12	2531.63124574184	a7	a14	a59	0
13	2533.91580877493	a7	a14
12	2533.91590070764	a7	a14	a59	5
13	2536.20974583368	a7	a14
12	2536.20986714338	a7	a14	a59	9
13	2538.20380358483	a7	a14
12	2538.20395116102	a7	a14	a59	13
13	2540.80453840583	a7	a14
12	2541.56365027303	a7	a14	a61	0
13	2542.55119279915	a7	a14
12	2542.55141537307	a7	a14	a61	4
13	2543.39888528611	a7	a14
12	2543.39902145711	a7	a14	a61	8
13	2544.2321146154	a7	a14
12	2544.23222763042	a7	a14	a61	12
13	2545.0890978356	a7	a14
12	2545.52451844152	a7	a14	a61	0
13	2545.83491955117	a7	a14
12	2545.83505019239	a7	a14	a61	4
13	2546.12368709758	a7	a14
12	2546.12378214079	a7	a14	a61	8
13	2546.40351159609	a7	a14
12	2546.40364223731	a7	a14	a61	12
13	2546.66836938071	a7	a14
12	2547.83201453778	a7	a14	a63	0
13	2548.19294061926	a7	a14
12	2549.6831404304	a7	a14	a65	0
13	2568.09302108186	a7	a14
12	2568.09335010418	a7	a14	a65	4
13	2610.62160652017	a7	a14
12	2610.62188300952	a7	a14	a65	11
13	2619.12991880596	a7	a14
12	2619.13012375368	a7	a14	a65	14
13	2621.43243636594	a7	a14
12	2625.13455543629	a7	a14	a79	0
13	2625.13479287152	a7	a14
12	2625.13483503614	a7	a14	a79	2
13	2625.13489620941	a7	a14
12	2625.1349224759	a7	a14	a79	3
13	2625.13495634584	a7	a14
12	2625.13498261233	a7	a14	a79	4
13	2625.13501337177	a7	a14
12	2625.13506072057	a7	a14	a79	5
13	2625.13522765101	a7	a14
12	2625.13527188931	a7	a14	a79	9
13	2625.13529919263	a7	a14
12	2625.13535518173	a7	a14	a79	11
13	2625.13538905167	a7	a14
12	2625.13543225313	a7	a14	a79	14
13	2625.13545955645	a7	a14
12	2625.13549446323	a7	a14	a79	15
13	2625.62848118777	a7	a14
12	2625.66722080124	a7	a14	a79	0
13	2625.66727990083	a7	a14
12	2625.66732724963	a7	a14	a79	1
13	2625.66737390721	a7	a14
12	2625.66741607184	a7	a14	a79	3
13	2625.66744648566	a7	a14
12	2625.66748450295	a7	a14	a79	4
13	2625.66751837289	a7	a14
12	2625.66755086039	a7	a14	a79	5
13	2625.66758161983	a7	a14
12	2625.66763657209	a7	a14	a79	6
13	2625.66766802275	a7	a14
12	2625.66771018738	a7	a14	a79	8
13	2625.66774094682	a7	a14
12	2625.66793932792	a7	a14	a79	9
13	2625.66797181542	a7	a14
12	2625.66806167446	a7	a14	a79	13
13	2625.66809001462	a7	a14
12	2627.34865446839	a7	a14	a79	0
13	2627.34877474125	a7	a14
12	2627.34882001638	a7	a14	a79	1
13	2627.3489952415	a7	a14
12	2627.34903429563	a7	a14	a79	3
13	2627.34906920241	a7	a14
12	2627.34910376357	a7	a14	a79	5
13	2627.34913659668	a7	a14
12	2627.3491756508	a7	a14	a79	6
13	2627.34919984362	a7	a14
12	2627.34923993458	a7	a14	a79	8
13	2627.34926965718	a7	a14
12	2627.34932219016	a7	a14	a79	11
13	2627.34935502327	a7	a14
12	2627.34939200372	a7	a14	a79	12
13	2627.34942241754	a7	a14
12	2627.34947011196	a7	a14	a79	15
13	2633.98050856208	a7	a14
12	2634.05228623308	a7	a14	a67	0
13	2679.22336260462	a7	a14
12	2679.6959105455	a7	a14	a51	0
13	2679.69865884959	a7	a14
12	2679.71647063886	a7	a14	a69	0
13	2679.73659733517	a7	a14
12	2679.73827389744	a7	a14	a51	0
13	2679.73901558011	a7	a14
12	2679.73907882705	a7	a14	a51	2
13	2679.74002960479	a7	a14
12	2679.74131769953	a7	a14	a71	0
13	2679.76220612399	a7	a14
12	2679.76301831145	a7	a14	a71	0
13	2679.76952064963	a7	a14
12	2679.77468477939	a7	a14	a73	0
13	2679.9118825945	a7	a14
12	2679.91198282188	a7	a14	a73	6
13	2680.04042663869	a7	a14
12	2680.09441360274	a7	a14	a77	0
13	2680.09508858235	a7	a14
12	2680.09515943275	a7	a14	a77	2
13	2680.09541795029	a7	a14
12	2680.09546011491	a7	a14	a77	6
13	2680.09584616316	a7	a14
12	2680.09587035598	a7	a14	a77	8
13	2680.0961817521	a7	a14
12	2680.09620594492	a7	a14	a77	12
13	2680.0964686098	a7	a14
12	2680.14459572777	a7	a14	a81	0
13	2680.14657815638	a7	a14
12	2680.19708653885	a7	a14	a81	0
13	2680.19850423797	a7	a14
12	2680.27104778446	a7	a14	a51	0
13	2680.27205766179	a7	a14
12	2680.27369067699	a7	a14	a75	0
13	2680.27596964042	a7	a14
12	2680.28443920031	a7	a14	a77	0
13	2680.28469564417	a7	a14
12	2680.28471880016	a7	a14	a77	1
13	2680.28497213352	a7	a14
12	2680.28499632634	a7	a14	a77	2
13	2680.2853709694	a7	a14
12	2680.28541624453	a7	a14	a77	6
13	2680.28567787258	a7	a14
12	2680.28570310223	a7	a14	a77	8
13	2680.2859595461	a7	a14
12	2680.28599237921	a7	a14	a77	11
13	2680.28651148795	a7	a14
12	2680.37368166644	a7	a14	a83	0
13	2680.3748843951	a7	a14
12	2680.38201021676	a7	a14	a81	0
13	2680.38324335925	a7	a14
12	2680.41457029335	a7	a14	a51	0
13	2680.41715201261	a7	a14
12	2680.42004270872	a7	a14	a53	0
13	2680.43168809435	a7	a14
12	2680.43174719395	a7	a14	a53	6
13	2680.43567921806	a7	a14
12	2680.43731879988	a7	a14	a53	0
13	2680.44141015098	a7	a14
12	2680.44145024193	a7	a14	a53	4
13	2680.44474184759	a7	a14
12	2680.44767609077	a7	a14	a55	0
13	2680.45439028893	a7	a14
12	2680.46484124058	a7	a14	a57	0
13	2681.0185225607	a7	a14
12	2681.70182035806	a7	a14	a59	0
13	2683.87929284652	a7	a14
12	2683.87936058641	a7	a14	a59	5
13	2686.16623921777	a7	a14
12	2686.16629728053	a7	a14	a59	8
13	2688.11696797793	a7	a14
12	2688.11704090199	a7	a14	a59	12
13	2690.6265110829	a7	a14
12	2691.6033375732	a7	a14	a61	0
13	2692.74169916205	a7	a14
12	2692.74187957135	a7	a14	a61	6
13	2693.6239694066	a7	a14
12	2693.62417400871	a7	a14	a61	11
13	2694.50510742727	a7	a14
12	2694.50521387567	a7	a14	a61	14
13	2695.36971103946	a7	a14
12	2695.46491530712	a7	a14	a61	0
13	2695.77405355168	a7	a14
12	2695.77412094596	a7	a14	a61	4
13	2696.04749702171	a7	a14
12	2696.04756683527	a7	a14	a61	8
13	2696.31466418359	a7	a14
12	2696.31481625273	a7	a14	a61	12
13	2696.57998716153	a7	a14
12	2697.75239115546	a7	a14	a63	0
13	2698.16292702903	a7	a14
12	2699.64498284649	a7	a14	a65	0
13	2718.16078069092	a7	a14
12	2718.16114565686	a7	a14	a65	4
13	2760.76038725626	a7	a14
12	2760.76073632406	a7	a14	a65	11
13	2769.41536919092	a7	a14
12	2769.41579429329	a7	a14	a65	15
13	2770.7177449509	a7	a14
12	2775.12609488179	a7	a14	a79	0
13	2775.12637862898	a7	a14
12	2775.12644394959	a7	a14	a79	1
13	2775.12648922472	a7	a14
12	2775.12654106647	a7	a14	a79	4
13	2775.12656940663	a7	a14
12	2775.12661053442	a7	a14	a79	5
13	2775.1266423307	a7	a14
12	2775.12667620064	a7	a14	a79	6
13	2775.1267045408	a7	a14
12	2775.12673841074	a7	a14	a79	7
13	2775.12676778774	a7	a14
12	2775.12681962949	a7	a14	a79	8
13	2775.12684693281	a7	a14
12	2775.12688598693	a7	a14	a79	11
13	2775.12691017975	a7	a14
12	2775.1269440497	a7	a14	a79	12
13	2775.12696927935	a7	a14
12	2775.1270062598	a7	a14	a79	15
13	2775.3210326582	a7	a14
12	2775.3584154002	a7	a14	a79	0
13	2775.3584776103	a7	a14
12	2775.3585367099	a7	a14	a79	1
13	2775.35858129381	a7	a14
12	2775.35861792864	a7	a14	a79	3
13	2775.35865179859	a7	a14
12	2775.35868670537	a7	a14	a79	4
13	2775.35871297186	a7	a14
12	2775.35874580497	a7	a14	a79	5
13	2775.35877829246	a7	a14
12	2775.35883013422	a7	a14	a79	6
13	2775.3588532902	a7	a14
12	2775.35889338115	a7	a14	a79	9
13	2775.35892517743	a7	a14
12	2775.3589777104	a7	a14	a79	10
13	2775.35900743301	a7	a14
12	2775.35909383593	a7	a14	a79	13
13	2775.35912459537	a7	a14
12	2775.35918680547	a7	a14	a79	15
13	2776.75616443195	a7	a14
12	2776.98475787398	a7	a14	a79	0
13	2776.98482008408	a7	a14
12	2776.984870889	a7	a14	a79	1
13	2776.98490026599	a7	a14
12	2776.98493517277	a7	a14	a79	2
13	2776.98496662343	a7	a14
12	2776.98500256705	a7	a14	a79	3
13	2776.98503436332	a7	a14
12	2776.98506685082	a7	a14	a79	4
13	2776.98509968393	a7	a14
12	2776.98513770122	a7	a14	a79	5
13	2776.98516707821	a7	a14
12	2776.98519991132	a7	a14	a79	6
13	2776.98523585494	a7	a14
12	2776.98527387222	a7	a14	a79	7
13	2783.3657607877	a7	a14
12	2786.26924280204	a7	a14	a67	0
13	2832.53361196223	a7	a14
12	2834.14216130977	a7	a14	a51	0
13	2834.14552895	a7	a14
12	2834.1483954533	a7	a14	a69	0
13	2834.16724995301	a7	a14
12	2834.16968824343	a7	a14	a51	0
13	2834.17076620626	a7	a14
12	2834.1725156926	a7	a14	a71	0
13	2834.19475753241	a7	a14
12	2834.19561845111	a7	a14	a71	0
13	2834.20209521404	a7	a14
12	2834.22350931387	a7	a14	a73	0
13	2834.3594387341	a7	a14
12	2834.35952513702	a7	a14	a73	4
13	2834.4875155113	a7	a14
12	2834.54134487642	a7	a14	a77	0
13	2834.54194727758	a7	a14
12	2834.54198218436	a7	a14	a77	2
13	2834.54229669099	a7	a14
12	2834.54233885562	a7	a14	a77	5
13	2834.5426668411	a7	a14
12	2834.54270174788	a7	a14	a77	7
13	2834.54300554055	a7	a14
12	2834.5430307702	a7	a14	a77	11
13	2834.54329032458	a7	a14
12	2834.54333041553	a7	a14	a77	15
13	2834.54363870115	a7	a14
12	2834.59227214024	a7	a14	a81	0
13	2834.59406240875	a7	a14
12	2834.62872103947	a7	a14	a81	0
13	2834.63037755626	a7	a14
12	2834.70281223507	a7	a14	a51	0
13	2834.70343053437	a7	a14
12	2834.70347822878	a7	a14	a51	2
13	2834.70404987051	a7	a14
12	2834.7058601845	a7	a14	a75	0
13	2834.70775413652	a7	a14
12	2834.71637680238	a7	a14	a77	0
13	2834.71663324625	a7	a14
12	2834.71665743906	a7	a14	a77	1
13	2834.71691803027	a7	a14
12	2834.71696434224	a7	a14	a77	3
13	2834.71739601123	a7	a14
12	2834.7174751563	a7	a14	a77	7
13	2834.71790751652	a7	a14
12	2834.71802260521	a7	a14	a77	11
13	2834.71858698908	a7	a14
12	2834.7931668796	a7	a14	a83	0
13	2834.79441592022	a7	a14
12	2834.80072091414	a7	a14	a81	0
13	2834.80195509346	a7	a14
12	2834.83377901716	a7	a14	a51	0
13	2834.83640290105	a7	a14
12	2834.83881457937	a7	a14	a53	0
13	2834.85115637254	a7	a14
12	2834.85127664541	a7	a14	a53	7
13	2834.85667717355	a7	a14
12	2834.85719835597	a7	a14	a53	0
13	2834.86112726957	a7	a14
12	2834.86117911133	a7	a14	a53	4
13	2834.86459098985	a7	a14
12	2834.86696914384	a7	a14	a55	0
13	2834.87406939024	a7	a14
12	2834.88377658556	a7	a14	a57	0
13	2835.51069371236	a7	a14
12	2836.13946850196	a7	a14	a59	0
13	2838.37436955559	a7	a14
12	2838.3745088371	a7	a14	a59	5
13	2840.8144968998	a7	a14
12	2840.81460265698	a7	a14	a59	9
13	2842.79135252069	a7	a14
12	2842.7914295921	a7	a14	a59	13
13	2845.39583722845	a7	a14
12	2846.08245808213	a7	a14	a61	0
13	2847.16877193408	a7	a14
12	2847.16887423514	a7	a14	a61	4
13	2848.15115344095	a7	a14
12	2848.15123258602	a7	a14	a61	9
13	2849.11538411349	a7	a14
12	2849.11572488661	a7	a14	a61	14
13	2850.21929167373	a7	a14
12	2850.22649111069	a7	a14	a61	0
13	2850.54106375335	a7	a14
12	2850.54113875108	a7	a14	a61	5
13	2850.8485212883	a7	a14
12	2850.84861840518	a7	a14	a61	11
13	2851.13745576515	a7	a14
12	2851.1375369839	a7	a14	a61	15
13	2851.42722800472	a7	a14
12	2852.55265715002	a7	a14	a63	0
13	2853.01217864099	a7	a14
12	2854.47656402436	a7	a14	a65	0
13	2873.57228375587	a7	a14
12	2873.57262349216	a7	a14	a65	4
13	2916.00669450373	a7	a14
12	2916.00696442646	a7	a14	a65	12
13	2923.68732902068	a7	a14
12	2923.68840318179	a7	a14	a65	14
13	2926.24000999339	a7	a14
12	2928.65296845765	a7	a14	a79	0
13	2928.65321522439	a7	a14
12	2928.65325842585	a7	a14	a79	2
13	2928.65330923077	a7	a14
12	2928.65334517438	a7	a14	a79	3
13	2928.65337869872	a7	a14
12	2928.65340738449	a7	a14	a79	4
13	2928.65343572464	a7	a14
12	2928.65361613394	a7	a14	a79	7
13	2928.65364689338	a7	a14
12	2928.65369735269	a7	a14	a79	8
13	2928.65372811213	a7	a14
12	2928.65375541545	a7	a14	a79	10
13	2928.65378824856	a7	a14
12	2928.65383145002	a7	a14	a79	12
13	2928.65386531996	a7	a14
12	2928.65390644775	a7	a14	a79	15
13	2928.87270594593	a7	a14
12	2928.92404863499	a7	a14	a79	0
13	2928.92408561544	a7	a14
12	2928.92412259589	a7	a14	a79	2
13	2928.92415197289	a7	a14
12	2928.92418584283	a7	a14	a79	3
13	2928.92422593379	a7	a14
12	2928.92430300519	a7	a14	a79	5
13	2928.92433445585	a7	a14
12	2928.92445058138	a7	a14	a79	9
13	2928.92447926715	a7	a14
12	2928.924622696	a7	a14	a79	12
13	2928.92466278695	a7	a14
12	2928.92476094067	a7	a14	a79	15
13	2930.45323897368	a7	a14
12	2930.58726511037	a7	a14	a79	0
13	2930.58731798896	a7	a14
12	2930.58735704308	a7	a14	a79	1
13	2930.58738849374	a7	a14
12	2930.58744448284	a7	a14	a79	2
13	2930.58748042645	a7	a14
12	2930.58753537871	a7	a14	a79	5
13	2930.58756786621	a7	a14
12	2930.58761763429	a7	a14	a79	6
13	2930.58764701128	a7	a14
12	2930.58769263203	a7	a14	a79	8
13	2930.58772304585	a7	a14
12	2930.58775587896	a7	a14	a79	9
13	2930.58792453746	a7	a14
12	2930.58795944424	a7	a14	a79	10
13	2930.58799435102	a7	a14
12	2930.58802580169	a7	a14	a79	12
13	2930.5880586348	a7	a14
12	2930.58809561525	a7	a14	a79	13
13	2930.58812810274	a7	a14
12	2930.58815678851	a7	a14	a79	14
13	2930.58818927601	a7	a14
12	2930.58822003545	a7	a14	a79	15
13	2937.5729643934	a7	a14
12	2937.64296527474	a7	a14	a67	0
13	2984.81723149491	a7	a14
12	2985.35473818829	a7	a14	a51	0
13	2985.35772703812	a7	a14
12	2985.37710479392	a7	a14	a69	1
13	2985.39666918003	a7	a14
12	2985.3982275431	a7	a14	a51	0
13	2985.39905044452	a7	a14
12	2985.40146212284	a7	a14	a71	0
13	2985.42392584535	a7	a14
12	2985.42477916059	a7	a14	a71	0
13	2985.43140591899	a7	a14
12	2985.43645219516	a7	a14	a73	0
13	2985.57584187955	a7	a14
12	2985.57599394869	a7	a14	a73	4
13	2985.70540029404	a7	a14
12	2985.75654356516	a7	a14	a77	0
13	2985.75708271938	a7	a14
12	2985.75725034105	a7	a14	a77	1
13	2985.75768201004	a7	a14
12	2985.75772728517	a7	a14	a77	5
13	2985.75808395643	a7	a14
12	2985.7581482402	a7	a14	a77	8
13	2985.75844270135	a7	a14
12	2985.75846585734	a7	a14	a77	11
13	2985.75874753086	a7	a14
12	2985.75877379735	a7	a14	a77	15
13	2985.75910316528	a7	a14
12	2985.80938033353	a7	a14	a81	0
13	2985.82976658422	a7	a14
12	2985.86633679315	a7	a14	a81	0
13	2985.86778767099	a7	a14
12	2985.86784988109	a7	a14	a81	3
13	2985.86934568845	a7	a14
12	2985.93996590593	a7	a14	a51	0
13	2985.94086587875	a7	a14
12	2985.94093983965	a7	a14	a51	3
13	2985.94137669282	a7	a14
12	2985.94303390083	a7	a14	a75	0
13	2985.94515975829	a7	a14
12	2985.95358335182	a7	a14	a77	0
13	2985.95399877706	a7	a14
12	2985.95405372932	a7	a14	a77	3
13	2985.95428494354	a7	a14
12	2985.95432054154	a7	a14	a77	5
13	2985.95460670801	a7	a14
12	2985.95464679897	a7	a14	a77	8
13	2985.95511406596	a7	a14
12	2985.95518595319	a7	a14	a77	12
13	2985.95543997778	a7	a14
12	2986.02961895875	a7	a14	a83	0
13	2986.03087767649	a7	a14
12	2986.03766548993	a7	a14	a81	0
13	2986.03886821859	a7	a14
12	2986.06976901348	a7	a14	a51	0
13	2986.07214163768	a7	a14
12	2986.07464006453	a7	a14	a53	0
13	2986.08649005228	a7	a14
12	2986.08664834243	a7	a14	a53	5
13	2986.09086307689	a7	a14
12	2986.09189611021	a7	a14	a53	0
13	2986.14394246466	a7	a14
12	2986.14599125072	a7	a14	a55	0
13	2986.15252400273	a7	a14
12	2986.16193915618	a7	a14	a57	0
13	2986.7372084188	a7	a14
12	2987.2997467295	a7	a14	a59	0
13	2989.86080221888	a7	a14
12	2989.86092145491	a7	a14	a59	5
13	2992.0463502699	a7	a14
12	2992.04646639543	a7	a14	a59	9
13	2994.02580523625	a7	a14
12	2994.02589163917	a7	a14	a59	13
13	2996.54164780536	a7	a14
12	2997.31211370754	a7	a14	a61	0
13	2998.41428560592	a7	a14
12	2998.41438687014	a7	a14	a61	4
13	2999.56781747394	a7	a14
12	2999.5679315258	a7	a14	a61	11
13	3000.40615114216	a7	a14
12	3000.4063059762	a7	a14	a61	15
13	3001.28415757539	a7	a14
12	3001.28629518364	a7	a14	a61	0
13	3001.60038673484	a7	a14
12	3001.60053431103	a7	a14	a61	5
13	3001.90640825326	a7	a14
12	3001.90656135923	a7	a14	a61	9
13	3002.19962520446	a7	a14
12	3002.19975480884	a7	a14	a61	15
13	3002.48873594327	a7	a14
12	3003.59083284391	a7	a14	a63	0
13	3003.91736123149	a7	a14
12	3005.70861542995	a7	a14	a65	0
13	3024.37401371031	a7	a14
12	3024.37453281906	a7	a14	a65	4
13	3068.01019196624	a7	a14
12	3068.01053377619	a7	a14	a65	12
13	3075.76608791994	a7	a14
12	3075.76636751979	a7	a14	a65	15
13	3076.93440263645	a7	a14
12	3081.55076552491	a7	a14	a79	0
13	3081.55098256905	a7	a14
12	3081.55102715296	a7	a14	a79	1
13	3081.5512030693	a7	a14
12	3081.55123901292	a7	a14	a79	2
13	3081.55126873552	a7	a14
12	3081.76900063921	a7	a14	a79	0
13	3081.76903105304	a7	a14
12	3081.76906803349	a7	a14	a79	1
13	3081.76909741048	a7	a14
12	3081.76913335409	a7	a14	a79	2
13	3081.7691661872	a7	a14
12	3081.76920109398	a7	a14	a79	3
13	3081.76923254465	a7	a14
12	3081.76926848826	a7	a14	a79	4
13	3081.76930235821	a7	a14
12	3081.76935592802	a7	a14	a79	5
13	3081.76938668746	a7	a14
12	3081.76942677841	a7	a14	a79	7
13	3083.39142145723	a7	a14
12	3083.5385497328	a7	a14	a79	0
13	3083.53859189743	a7	a14
12	3083.53865860048	a7	a14	a79	2
13	3083.53868797748	a7	a14
12	3083.53872910527	a7	a14	a79	3
13	3083.5387567542	a7	a14
12	3083.53879788199	a7	a14	a79	5
13	3083.53882829582	a7	a14
12	3083.53886942361	a7	a14	a79	8
13	3083.53890121988	a7	a14
12	3083.5389371635	a7	a14	a79	9
13	3083.53896446682	a7	a14
12	3083.53900248411	a7	a14	a79	10
13	3083.53903635405	a7	a14
12	3083.53914487612	a7	a14	a79	14
13	3083.53917114261	a7	a14
12	3090.48211238514	a7	a14	a67	0
13	3136.01908093242	a7	a14
12	3136.48319594825	a7	a14	a51	0
13	3136.4868863898	a7	a14
12	3136.48863760419	a7	a14	a69	0
13	3136.50778863873	a7	a14
12	3136.51002716559	a7	a14	a51	0
13	3136.51089465091	a7	a14
12	3136.51277132235	a7	a14	a71	0
13	3136.53412182963	a7	a14
12	3136.53503873742	a7	a14	a71	0
13	3136.54144706924	a7	a14
12	3136.54660601482	a7	a14	a73	0
13	3136.68291422545	a7	a14
12	3136.68326674937	a7	a14	a73	7
13	3136.81009759645	a7	a14
12	3136.86176101316	a7	a14	a77	0
13	3136.86240868945	a7	a14
12	3136.86244878041	a7	a14	a77	3
13	3136.86278333252	a7	a14
12	3136.86280856217	a7	a14	a77	6
13	3136.86322744353	a7	a14
12	3136.86327064499	a7	a14	a77	10
13	3136.86354298699	a7	a14
12	3136.86358411478	a7	a14	a77	14
13	3136.86386786197	a7	a14
12	3136.93414730633	a7	a14	a81	0
13	3136.93618987137	a7	a14
12	3136.97083053028	a7	a14	a81	0
13	3136.97249326809	a7	a14
12	3137.04532712839	a7	a14	a51	0
13	3137.04622917488	a7	a14
12	3137.04859108512	a7	a14	a75	0
13	3137.05079608765	a7	a14
12	3137.05956978581	a7	a14	a77	0
13	3137.05982311918	a7	a14
12	3137.05986009963	a7	a14	a77	1
13	3137.06025444256	a7	a14
12	3137.06030524747	a7	a14	a77	4
13	3137.06065327844	a7	a14
12	3137.06082435622	a7	a14	a77	8
13	3137.0612083308	a7	a14
12	3137.0613445018	a7	a14	a77	13
13	3137.06161131402	a7	a14
12	3137.14155164173	a7	a14	a83	0
13	3137.1427785632	a7	a14
12	3137.14280379286	a7	a14	a83	3
13	3137.1438167807	a7	a14
12	3137.25674332419	a7	a14	a81	0
13	3137.25786587094	a7	a14
12	3137.25791149168	a7	a14	a81	3
13	3137.25889579375	a7	a14
12	3137.30172122852	a7	a14	a51	0
13	3137.30424488502	a7	a14
12	3137.30432506693	a7	a14	a51	3
13	3137.30586027403	a7	a14
12	3137.30733085173	a7	a14	a53	0
13	3137.31945214465	a7	a14
12	3137.31949327244	a7	a14	a53	5
13	3137.3239917541	a7	a14
12	3137.33515501144	a7	a14	a53	0
13	3137.33944889098	a7	a14
12	3137.33951006424	a7	a14	a53	3
13	3137.34340545351	a7	a14
12	3137.34345591282	a7	a14	a53	7
13	3137.53785280695	a7	a14
12	3137.54079119747	a7	a14	a55	0
13	3137.54681624592	a7	a14
12	3137.55916218644	a7	a14	a57	0
13	3138.17882181352	a7	a14
12	3138.73537067377	a7	a14	a59	0
13	3140.95574290351	a7	a14
12	3140.95582204858	a7	a14	a59	5
13	3143.25067878001	a7	a14
12	3143.25075688826	a7	a14	a59	9
13	3145.23638275119	a7	a14
12	3145.23647883124	a7	a14	a59	13
13	3147.73913458661	a7	a14
12	3148.78921589224	a7	a14	a61	0
13	3149.90428670982	a7	a14
12	3149.90434891992	a7	a14	a61	6
13	3150.88233493742	a7	a14
12	3150.88247007159	a7	a14	a61	9
13	3151.83104418931	a7	a14
12	3151.83132171549	a7	a14	a61	13
13	3152.76995120267	a7	a14
12	3152.83798036937	a7	a14	a61	0
13	3153.16989649746	a7	a14
12	3153.16993866209	a7	a14	a61	5
13	3153.46097065624	a7	a14
12	3153.46102422605	a7	a14	a61	9
13	3153.73839349917	a7	a14
12	3153.73844326725	a7	a14	a61	13
13	3154.01840981217	a7	a14
12	3155.15597718537	a7	a14	a63	0
13	3155.51599396252	a7	a14
12	3157.02369762291	a7	a14	a65	0
13	3179.42496188073	a7	a14
12	3179.4253396343	a7	a14	a65	4
13	3222.97024011689	a7	a14
12	3222.97072328202	a7	a14	a65	12
13	3230.19726275703	a7	a14
12	3231.71828801972	a7	a14	a79	0
13	3231.71845045721	a7	a14
12	3231.7184884745	a7	a14	a79	1
13	3231.71854446359	a7	a14
12	3231.71857522303	a7	a14	a79	2
13	3231.71859837901	a7	a14
12	3231.71862360866	a7	a14	a79	3
13	3231.71865091199	a7	a14
12	3231.71867856092	a7	a14	a79	4
13	3231.71870690108	a7	a14
12	3231.7187310939	a7	a14	a79	5
13	3231.71876185334	a7	a14
12	3231.71878811982	a7	a14	a79	6
13	3231.71881784243	a7	a14
12	3231.71884203525	a7	a14	a79	7
13	3231.71886622807	a7	a14
12	3231.71889595067	a7	a14	a79	8
13	3231.71892429083	a7	a14
12	3231.71894848365	a7	a14	a79	9
13	3231.71897820625	a7	a14
12	3231.71903730585	a7	a14	a79	10
13	3231.71906460917	a7	a14
12	3231.71910573696	a7	a14	a79	12
13	3231.71912992978	a7	a14
12	3231.71916379972	a7	a14	a79	13
13	3231.71919006621	a7	a14
12	3231.71921667831	a7	a14	a79	14
13	3231.71924190796	a7	a14
12	3231.71926713762	a7	a14	a79	15
13	3231.9293364847	a7	a14
12	3231.96618836715	a7	a14	a79	0
13	3231.96636048177	a7	a14
12	3231.96640160956	a7	a14	a79	1
13	3231.96642891288	a7	a14
12	3231.9664648565	a7	a14	a79	3
13	3231.96649008615	a7	a14
12	3231.9665270666	a7	a14	a79	4
13	3231.96655782604	a7	a14
12	3231.9665892767	a7	a14	a79	5
13	3231.96662003614	a7	a14
12	3231.96666427444	a7	a14	a79	6
13	3231.96669261459	a7	a14
12	3231.96674030901	a7	a14	a79	8
13	3231.96677383334	a7	a14
12	3231.96680666645	a7	a14	a79	10
13	3231.96684157323	a7	a14
12	3233.68607133395	a7	a14	a79	0
13	3233.68624966958	a7	a14
12	3233.68630047449	a7	a14	a79	1
13	3233.68634160228	a7	a14
12	3233.68637408978	a7	a14	a79	2
13	3233.68640795973	a7	a14
12	3233.68644597701	a7	a14	a79	3
13	3233.68647881012	a7	a14
12	3233.68651026079	a7	a14	a79	4
13	3233.68654102022	a7	a14
12	3233.68657454456	a7	a14	a79	5
13	3233.68660945134	a7	a14
12	3233.68664332128	a7	a14	a79	6
13	3233.68667477195	a7	a14
12	3233.6867117524	a7	a14	a79	7
13	3240.58329817366	a7	a14
12	3240.67260941653	a7	a14	a67	0
13	3287.07441659194	a7	a14
12	3287.55613706686	a7	a14	a51	0
13	3287.55997508459	a7	a14
12	3287.56220116944	a7	a14	a69	0
13	3287.58101143086	a7	a14
12	3287.58345801595	a7	a14	a51	0
13	3287.58420384597	a7	a14
12	3287.58424497376	a7	a14	a51	3
13	3287.58510278195	a7	a14
12	3287.58683706137	a7	a14	a71	0
13	3287.60849274377	a7	a14
12	3287.60936610449	a7	a14	a71	0
13	3287.61617223535	a7	a14
12	3287.62054214946	a7	a14	a73	0
13	3287.74655320563	a7	a14
12	3287.74684006333	a7	a14	a73	4
13	3287.87195667647	a7	a14
12	3287.92831833839	a7	a14	a77	0
13	3287.9288395208	a7	a14
12	3287.92887961176	a7	a14	a77	1
13	3287.92942706066	a7	a14
12	3287.92948201292	a7	a14	a77	5
13	3287.92978891609	a7	a14
12	3287.92983108072	a7	a14	a77	9
13	3287.93019500982	a7	a14
12	3287.93023717445	a7	a14	a77	13
13	3287.93048843414	a7	a14
12	3287.93051470063	a7	a14	a77	15
13	3287.93079222681	a7	a14
12	3287.97855852619	a7	a14	a81	0
13	3287.98049118671	a7	a14
12	3288.01563954918	a7	a14	a81	0
13	3288.01724318739	a7	a14
12	3288.08862409618	a7	a14	a51	0
13	3288.08938893483	a7	a14
12	3288.09137447395	a7	a14	a75	0
13	3288.09350966292	a7	a14
12	3288.10261376585	a7	a14	a77	0
13	3288.10288057807	a7	a14
12	3288.10293449349	a7	a14	a77	2
13	3288.10332676275	a7	a14
12	3288.10337203788	a7	a14	a77	4
13	3288.10364437989	a7	a14
12	3288.10368550768	a7	a14	a77	7
13	3288.10397789516	a7	a14
12	3288.10404010526	a7	a14	a77	11
13	3288.10437776788	a7	a14
12	3288.17582710778	a7	a14	a83	0
13	3288.17702672593	a7	a14
12	3288.18392755439	a7	a14	a81	0
13	3288.18513235671	a7	a14
12	3288.21541485231	a7	a14	a51	0
13	3288.21765026867	a7	a14
12	3288.22075835453	a7	a14	a53	0
13	3288.23233530905	a7	a14
12	3288.23238162101	a7	a14	a53	6
13	3288.23823801097	a7	a14
12	3288.25925845909	a7	a14	a53	0
13	3288.26365360286	a7	a14
12	3288.26371926907	a7	a14	a53	4
13	3288.26746224359	a7	a14
12	3288.27409729667	a7	a14	a55	0
13	3288.27915739731	a7	a14
12	3288.28992492927	a7	a14	a57	0
13	3288.93361044367	a7	a14
12	3289.43865521419	a7	a14	a59	0
13	3291.68644101695	a7	a14
12	3291.68651601469	a7	a14	a59	5
13	3293.97050844289	a7	a14
12	3293.97066673304	a7	a14	a59	9
13	3295.95526474683	a7	a14
12	3295.95537672502	a7	a14	a59	13
13	3298.71304793552	a7	a14
12	3299.48633679392	a7	a14	a61	0
13	3300.59853592404	a7	a14
12	3300.59872912097	a7	a14	a61	5
13	3301.56114394973	a7	a14
12	3301.56127804706	a7	a14	a61	8
13	3302.51016874509	a7	a14
12	3302.51030284242	a7	a14	a61	12
13	3303.46813693395	a7	a14
12	3303.55133914472	a7	a14	a61	0
13	3303.85712875769	a7	a14
12	3303.85717645211	a7	a14	a61	4
13	3304.16460115395	a7	a14
12	3304.1646823727	a7	a14	a61	8
13	3304.4439590767	a7	a14
12	3304.44403718494	a7	a14	a61	12
13	3304.70415455972	a7	a14
12	3305.89211315303	a7	a14	a63	0
13	3306.23881212961	a7	a14
12	3307.74892124731	a7	a14	a65	0
13	3326.14382170602	a7	a14
12	3326.14416247914	a7	a14	a65	4
13	3368.94090145507	a7	a14
12	3368.94110294668	a7	a14	a65	11
13	3377.33652670625	a7	a14
12	3377.33708694279	a7	a14	a65	15
13	3378.49838988949	a7	a14
12	3382.12559589966	a7	a14	a79	0
13	3382.12583437172	a7	a14
12	3382.12587757318	a7	a14	a79	1
13	3382.12594082012	a7	a14
12	3382.12598955137	a7	a14	a79	3
13	3382.12602203886	a7	a14
12	3382.1260527983	a7	a14	a79	4
13	3382.12608113846	a7	a14
12	3382.1261118979	a7	a14	a79	5
13	3382.12614231173	a7	a14
12	3382.1261709975	a7	a14	a79	6
13	3382.12620141133	a7	a14
12	3382.12623217077	a7	a14	a79	7
13	3382.12625947409	a7	a14
12	3382.12644299389	a7	a14	a79	10
13	3382.12647375333	a7	a14
12	3382.12652421264	a7	a14	a79	13
13	3382.12655497208	a7	a14
12	3382.38605646684	a7	a14	a79	0
13	3382.38611003665	a7	a14
12	3382.38616084157	a7	a14	a79	1
13	3382.38619229224	a7	a14
12	3382.38624517082	a7	a14	a79	4
13	3382.38628940912	a7	a14
12	3382.38633364741	a7	a14	a79	5
13	3382.38636751736	a7	a14
12	3382.38640657148	a7	a14	a79	8
13	3382.38644044142	a7	a14
12	3382.38648053238	a7	a14	a79	10
13	3382.38651198304	a7	a14
12	3382.38656071429	a7	a14	a79	12
13	3382.38658801761	a7	a14
12	3382.38662396123	a7	a14	a79	13
13	3382.38679158289	a7	a14
12	3384.12545819901	a7	a14	a79	0
13	3384.12577788981	a7	a14
12	3384.1258276579	a7	a14	a79	2
13	3384.12586878569	a7	a14
12	3384.12590369247	a7	a14	a79	3
13	3384.12593099579	a7	a14
12	3384.12596486574	a7	a14	a79	4
13	3384.12599113222	a7	a14
12	3384.12605748967	a7	a14	a79	5
13	3384.12608824911	a7	a14
12	3384.12613663474	a7	a14	a79	8
13	3384.12617154152	a7	a14
12	3384.1262064483	a7	a14	a79	10
13	3384.12623686213	a7	a14
12	3384.12627384258	a7	a14	a79	11
13	3384.12630771252	a7	a14
12	3384.12633812635	a7	a14	a79	13
13	3384.12637095946	a7	a14
12	3390.56772458513	a7	a14	a67	0
13	3436.34970796791	a7	a14
12	3436.81092053683	a7	a14	a51	0
13	3436.82535328068	a7	a14
12	3436.82773869251	a7	a14	a69	0
13	3436.84676081389	a7	a14
12	3436.84872423386	a7	a14	a51	0
13	3436.84961245588	a7	a14
12	3436.85216583499	a7	a14	a71	0
13	3436.87346035318	a7	a14
12	3436.87427807042	a7	a14	a71	0
13	3436.8807209634	a7	a14
12	3436.88560998625	a7	a14	a73	0
13	3437.01898326248	a7	a14
12	3437.01933855129	a7	a14	a73	5
13	3437.14654715195	a7	a14
12	3437.20319463472	a7	a14	a77	0
13	3437.20391212458	a7	a14
12	3437.20393839106	a7	a14	a77	2
13	3437.20427916418	a7	a14
12	3437.20430577628	a7	a14	a77	4
13	3437.204569478	a7	a14
12	3437.20459678132	a7	a14	a77	8
13	3437.20484596734	a7	a14
12	3437.20487016016	a7	a14	a77	9
13	3437.2051317882	a7	a14
12	3437.20517187916	a7	a14	a77	13
13	3437.20542279324	a7	a14
12	3437.25426429056	a7	a14	a81	0
13	3437.25627402249	a7	a14
12	3437.29181361739	a7	a14	a81	0
13	3437.29354063896	a7	a14
12	3437.37878576039	a7	a14	a51	0
13	3437.3797299715	a7	a14
12	3437.37978492376	a7	a14	a51	2
13	3437.38024389607	a7	a14
12	3437.38221250021	a7	a14	a75	0
13	3437.38423190927	a7	a14
12	3437.39337575755	a7	a14	a77	0
13	3437.39364879078	a7	a14
12	3437.39382297907	a7	a14	a77	1
13	3437.39410465259	a7	a14
12	3437.39412780857	a7	a14	a77	3
13	3437.39437492092	a7	a14
12	3437.39441501188	a7	a14	a77	5
13	3437.39465763128	a7	a14
12	3437.3946818241	a7	a14	a77	9
13	3437.39515012793	a7	a14
12	3437.39521130119	a7	a14	a77	13
13	3437.39566923667	a7	a14
12	3437.47045891348	a7	a14	a83	0
13	3437.47178398867	a7	a14
12	3437.47821755014	a7	a14	a81	0
13	3437.47943306643	a7	a14
12	3437.51034319284	a7	a14	a51	0
13	3437.51283816357	a7	a14
12	3437.51568669506	a7	a14	a53	0
13	3437.52669822886	a7	a14
12	3437.52690801515	a7	a14	a53	6
13	3437.53173897525	a7	a14
12	3437.5326399849	a7	a14	a53	0
13	3437.53676520594	a7	a14
12	3437.53682223187	a7	a14	a53	4
13	3437.5404618685	a7	a14
12	3437.54344864465	a7	a14	a55	0
13	3437.55015454812	a7	a14
12	3437.55906303485	a7	a14	a57	0
13	3438.15325868441	a7	a14
12	3438.68142833259	a7	a14	a59	0
13	3440.84234774953	a7	a14
12	3440.84244175591	a7	a14	a59	5
13	3443.13280518986	a7	a14
12	3443.14605939787	a7	a14	a59	9
13	3445.09058477395	a7	a14
12	3445.09070919415	a7	a14	a59	13
13	3447.94153381259	a7	a14
12	3448.55510687234	a7	a14	a61	0
13	3449.5289973914	a7	a14
12	3449.52916950602	a7	a14	a61	4
13	3450.59032420995	a7	a14
12	3450.59048042643	a7	a14	a61	11
13	3451.47945000782	a7	a14
12	3451.47967983959	a7	a14	a61	15
13	3452.41202990812	a7	a14
12	3452.41421175467	a7	a14	a61	0
13	3452.72687454717	a7	a14
12	3452.72694954491	a7	a14	a61	4
13	3453.0128498968	a7	a14
12	3453.01294044706	a7	a14	a61	8
13	3453.28938970189	a7	a14
12	3453.28946677329	a7	a14	a61	12
13	3453.5566436123	a7	a14
12	3454.7314489162	a7	a14	a63	0
13	3455.09169345144	a7	a14
12	3456.57962916045	a7	a14	a65	0
13	3475.44542415374	a7	a14
12	3475.44590731887	a7	a14	a65	4
13	3531.3199878755	a7	a14
12	3531.32029892601	a7	a14	a65	14
13	3533.86914257221	a7	a14
12	3536.18550637302	a7	a14	a79	0
13	3536.18595670504	a7	a14
12	3536.18603688695	a7	a14	a79	3
13	3536.18608769187	a7	a14
12	3536.1861212162	a7	a14	a79	6
13	3536.18615404931	a7	a14
12	3536.18618238947	a7	a14	a79	8
13	3536.18621211207	a7	a14
12	3536.18627950635	a7	a14	a79	10
13	3536.1863133763	a7	a14
12	3536.18633860595	a7	a14	a79	12
13	3536.18636832855	a7	a14
12	3536.18645680514	a7	a14	a79	15
13	3536.41597648648	a7	a14
12	3536.44844082862	a7	a14	a79	0
13	3536.44847435296	a7	a14
12	3536.4485082229	a7	a14	a79	1
13	3536.44853759989	a7	a14
12	3536.448570433	a7	a14	a79	2
13	3536.44860533978	a7	a14
12	3536.44863575361	a7	a14	a79	3
13	3536.44867066039	a7	a14
12	3536.44869796371	a7	a14	a79	4
13	3536.44873079682	a7	a14
12	3536.4487625931	a7	a14	a79	5
13	3536.44878989642	a7	a14
12	3536.44882687687	a7	a14	a79	6
13	3536.44885625386	a7	a14
12	3536.44889427115	a7	a14	a79	7
13	3538.08543989301	a7	a14
12	3538.2192527873	a7	a14	a79	0
13	3538.21933504288	a7	a14
12	3538.21937202333	a7	a14	a79	1
13	3538.21941315112	a7	a14
12	3538.2194449474	a7	a14	a79	2
13	3538.21947985418	a7	a14
12	3538.2195220188	a7	a14	a79	3
13	3538.21954932213	a7	a14
12	3538.21958941308	a7	a14	a79	5
13	3538.21975945403	a7	a14
12	3538.21979090469	a7	a14	a79	6
13	3538.21982166413	a7	a14
12	3538.21990080921	a7	a14	a79	9
13	3538.21993122304	a7	a14
12	3538.21996509298	a7	a14	a79	10
13	3538.21999343314	a7	a14
12	3538.22002937675	a7	a14	a79	11
13	3538.2200632467	a7	a14
12	3538.22009469736	a7	a14	a79	12
13	3538.2201254568	a7	a14
12	3538.2201696951	a7	a14	a79	14
13	3538.22019596158	a7	a14
12	3544.77637664939	a7	a14	a67	0
13	3590.49399504053	a7	a14
12	3590.9566971958	a7	a14	a51	0
13	3590.96038763735	a7	a14
12	3590.96311278546	a7	a14	a69	0
13	3590.98232499326	a7	a14
12	3590.98441905445	a7	a14	a51	0
13	3590.98517145108	a7	a14
12	3590.98753025081	a7	a14	a71	0
13	3591.01568585211	a7	a14
12	3591.01639366484	a7	a14	a71	0
13	3591.02278609851	a7	a14
12	3591.02733020091	a7	a14	a73	0
13	3591.16506060362	a7	a14
12	3591.18611768658	a7	a14	a73	7
13	3591.31050091174	a7	a14
12	3591.37048976826	a7	a14	a77	0
13	3591.37115852686	a7	a14
12	3591.37120172832	a7	a14	a77	4
13	3591.37154250144	a7	a14
12	3591.37160920449	a7	a14	a77	6
13	3591.37196241963	a7	a14
12	3591.37203430686	a7	a14	a77	11
13	3591.37238130099	a7	a14
12	3591.37243729008	a7	a14	a77	14
13	3591.37267679898	a7	a14
12	3591.42776695552	a7	a14	a81	0
13	3591.42970203532	a7	a14
12	3591.46598434972	a7	a14	a81	1
13	3591.46740757863	a7	a14
12	3591.53971161622	a7	a14	a51	0
13	3591.54067068864	a7	a14
12	3591.5427077239	a7	a14	a75	0
13	3591.54473335397	a7	a14
12	3591.55362628816	a7	a14	a77	0
13	3591.55385611993	a7	a14
12	3591.55390381434	a7	a14	a77	2
13	3591.55415576526	a7	a14
12	3591.5541896352	a7	a14	a77	3
13	3591.55457464662	a7	a14
12	3591.55461577441	a7	a14	a77	7
13	3591.5548818954	a7	a14
12	3591.55490712506	a7	a14	a77	8
13	3591.55515596547	a7	a14
12	3591.55521713874	a7	a14	a77	12
13	3591.55574799828	a7	a14
12	3591.63037834811	a7	a14	a83	0
13	3591.63160941692	a7	a14
12	3591.64433933201	a7	a14	a81	0
13	3591.64547466638	a7	a14
12	3591.67571257808	a7	a14	a51	0
13	3591.67852447472	a7	a14
12	3591.68156274702	a7	a14	a53	0
13	3591.69304258466	a7	a14
12	3591.69308163878	a7	a14	a53	6
13	3591.69771836511	a7	a14
12	3591.69927880185	a7	a14	a53	0
13	3591.7034071334	a7	a14
12	3591.70349249948	a7	a14	a53	4
13	3591.70751438263	a7	a14
12	3591.71007709325	a7	a14	a55	0
13	3591.71642390618	a7	a14
12	3591.72564067852	a7	a14	a57	0
13	3592.37913707175	a7	a14
12	3592.908728912	a7	a14	a59	0
13	3595.17961574521	a7	a14
12	3595.1797011113	a7	a14	a59	5
13	3597.67314873462	a7	a14
12	3597.67325103568	a7	a14	a59	10
13	3600.52223561752	a7	a14
12	3600.5223265134	a7	a14	a59	15
13	3602.66807461432	a7	a14
12	3602.70107983875	a7	a14	a61	0
13	3603.78058479495	a7	a14
12	3603.78077246209	a7	a14	a61	4
13	3604.76171587875	a7	a14
12	3604.76196713844	a7	a14	a61	9
13	3605.72275620985	a7	a14
12	3605.72289756503	a7	a14	a61	15
13	3607.17350963164	a7	a14
12	3607.17624445688	a7	a14	a61	0
13	3607.51085186315	a7	a14
12	3607.51096384133	a7	a14	a61	4
13	3607.78859992668	a7	a14
12	3607.7886863296	a7	a14	a61	8
13	3608.0529164834	a7	a14
12	3608.05300288632	a7	a14	a61	12
13	3608.3117858544	a7	a14
12	3609.51227563608	a7	a14	a63	0
13	3609.84906281522	a7	a14
12	3611.35490881283	a7	a14	a65	0
13	3630.21097310921	a7	a14
12	3630.21123058991	a7	a14	a65	4
13	3672.98016441479	a7	a14
12	3672.98050311423	a7	a14	a65	12
13	3680.54017699852	a7	a14
12	3680.54045763521	a7	a14	a65	14
13	3683.19384812406	a7	a14
12	3686.50520272835	a7	a14	a79	0
13	3686.50557287846	a7	a14
12	3686.50563301489	a7	a14	a79	2
13	3686.50570801263	a7	a14
12	3686.50574810358	a7	a14	a79	5
13	3686.50577989986	a7	a14
12	3686.50588012724	a7	a14	a79	7
13	3686.50591157791	a7	a14
12	3686.50598553881	a7	a14	a79	9
13	3686.50601595263	a7	a14
12	3686.50604774891	a7	a14	a79	11
13	3686.50607608907	a7	a14
12	3686.50610684851	a7	a14	a79	13
13	3686.506133115	a7	a14
12	3686.5062219372	a7	a14	a79	15
13	3686.72553086699	a7	a14
12	3686.76161272662	a7	a14	a79	0
13	3686.76165489124	a7	a14
12	3686.76168565068	a7	a14	a79	1
13	3686.76171088033	a7	a14
12	3686.76174267661	a7	a14	a79	2
13	3686.7617720536	a7	a14
12	3686.76180799722	a7	a14	a79	3
13	3686.76184083033	a7	a14
12	3686.76186709681	a7	a14	a79	4
13	3686.76189992992	a7	a14
12	3686.76192723325	a7	a14	a79	5
13	3686.7619555734	a7	a14
12	3686.76198529601	a7	a14	a79	6
13	3686.76201674667	a7	a14
12	3686.76204439561	a7	a14	a79	7
13	3688.26151247523	a7	a14
12	3688.4101317196	a7	a14	a79	0
13	3688.4101908192	a7	a14
12	3688.41023091015	a7	a14	a79	2
13	3688.41027307478	a7	a14
12	3688.41030798156	a7	a14	a79	3
13	3688.41034081467	a7	a14
12	3688.41037330216	a7	a14	a79	4
13	3688.41040717211	a7	a14
12	3688.41044000522	a7	a14	a79	5
13	3688.41047352955	a7	a14
12	3688.41050843633	a7	a14	a79	6
13	3688.41054023261	a7	a14
12	3688.41057479377	a7	a14	a79	8
13	3688.41060555321	a7	a14
12	3688.41063596704	a7	a14	a79	9
13	3688.41066568965	a7	a14
12	3688.41070370693	a7	a14	a79	10
13	3688.41072997342	a7	a14
12	3688.41076902754	a7	a14	a79	11
13	3688.41079633086	a7	a14
12	3688.41083538498	a7	a14	a79	13
13	3688.41086303392	a7	a14
12	3688.41089033724	a7	a14	a79	14
13	3688.41091764056	a7	a14
12	3688.41094425266	a7	a14	a79	15
13	3695.95506077269	a7	a14
12	3696.02488539207	a7	a14	a67	0
13	3741.74849530733	a7	a14
12	3742.21423815418	a7	a14	a51	0
13	3742.21760786808	a7	a14
12	3742.22050513082	a7	a14	a69	0
13	3742.23955973969	a7	a14
12	3742.24177441935	a7	a14	a51	0
13	3742.24255619298	a7	a14
12	3742.24489183673	a7	a14	a71	0
13	3742.26510839208	a7	a14
12	3742.26598831942	a7	a14	a71	0
13	3742.27269284044	a7	a14
12	3742.27741631531	a7	a14	a73	0
13	3742.41662697285	a7	a14
12	3742.41679874185	a7	a14	a73	6
13	3742.54392508693	a7	a14
12	3742.59667337871	a7	a14	a77	0
13	3742.59752254661	a7	a14
12	3742.59756471123	a7	a14	a77	3
13	3742.59795939977	a7	a14
12	3742.59798359259	a7	a14	a77	6
13	3742.59832229204	a7	a14
12	3742.59836341983	a7	a14	a77	10
13	3742.59864716702	a7	a14
12	3742.59868829481	a7	a14	a77	14
13	3742.59897964546	a7	a14
12	3742.64745272073	a7	a14	a81	0
13	3742.6496501198	a7	a14
12	3742.70582307774	a7	a14	a81	0
13	3742.70737591103	a7	a14
12	3742.78220256829	a7	a14	a51	0
13	3742.78303169071	a7	a14
12	3742.7830728185	a7	a14	a51	2
13	3742.7836140464	a7	a14
12	3742.78576651596	a7	a14	a75	0
13	3742.78784917195	a7	a14
12	3742.7969328838	a7	a14	a77	0
13	3742.79719140134	a7	a14
12	3742.79724289748	a7	a14	a77	2
13	3742.79765659466	a7	a14
12	3742.79775785888	a7	a14	a77	5
13	3742.79800358879	a7	a14
12	3742.79803123772	a7	a14	a77	8
13	3742.79829701311	a7	a14
12	3742.79839931417	a7	a14	a77	11
13	3742.79894883674	a7	a14
12	3742.79899445748	a7	a14	a77	15
13	3742.79952082407	a7	a14
12	3742.88037045612	a7	a14	a83	0
13	3742.88161327573	a7	a14
12	3742.88822724649	a7	a14	a81	0
13	3742.88943204882	a7	a14
12	3742.92027063361	a7	a14	a51	0
13	3742.92234568615	a7	a14
12	3742.93232729715	a7	a14	a53	0
13	3742.94357073639	a7	a14
12	3742.94367407428	a7	a14	a53	4
13	3742.94799145542	a7	a14
12	3742.94952009589	a7	a14	a53	0
13	3742.95386374351	a7	a14
12	3742.95391316598	a7	a14	a53	4
13	3742.95724175209	a7	a14
12	3742.95989086564	a7	a14	a55	0
13	3742.96656600967	a7	a14
12	3742.97582702031	a7	a14	a57	0
13	3743.57414339796	a7	a14
12	3744.16937277206	a7	a14	a59	0
13	3746.67229430282	a7	a14
12	3746.67239349337	a7	a14	a59	6
13	3748.94231503316	a7	a14
12	3748.94239521507	a7	a14	a59	9
13	3750.92271628429	a7	a14
12	3750.9227784944	a7	a14	a59	13
13	3753.22493108844	a7	a14
12	3754.15831591834	a7	a14	a61	0
13	3755.25032303153	a7	a14
12	3755.25045678325	a7	a14	a61	5
13	3756.47049228801	a7	a14
12	3756.47064090103	a7	a14	a61	11
13	3757.30799337769	a7	a14
12	3757.30813784337	a7	a14	a61	15
13	3758.48841348898	a7	a14
12	3758.49110476715	a7	a14	a61	0
13	3758.80353876472	a7	a14
12	3758.80369912854	a7	a14	a61	4
13	3759.0842736044	a7	a14
12	3759.08437175812	a7	a14	a61	8
13	3759.40056290029	a7	a14
12	3759.40064100853	a7	a14	a61	13
13	3759.68558747218	a7	a14
12	3760.82060353994	a7	a14	a63	0
13	3761.16507988779	a7	a14
12	3762.69023037152	a7	a14	a65	0
13	3794.34912829458	a7	a14
12	3794.34926100947	a7	a14	a65	6
13	3811.41130275781	a7	a14
12	3811.41160032947	a7	a14	a65	7
13	3821.93303257873	a7	a14
12	3821.93339443416	a7	a14	a65	9
13	3827.39025555681	a7	a14
12	3827.39127476566	a7	a14	a65	11
13	3836.01185658714	a7	a14
12	3836.0121541588	a7	a14	a65	13
13	3841.8344021729	a7	a14
12	3841.86622367732	a7	a14	a79	0
13	3841.86646007571	a7	a14
12	3841.86651917531	a7	a14	a79	2
13	3841.86655926627	a7	a14
12	3842.0748697955	a7	a14	a79	0
13	3842.07492163725	a7	a14
12	3842.07495101424	a7	a14	a79	1
13	3842.07498177368	a7	a14
12	3842.07501115067	a7	a14	a79	2
13	3842.07504398378	a7	a14
12	3842.07507025027	a7	a14	a79	3
13	3842.07509755359	a7	a14
12	3842.07512520253	a7	a14	a79	4
13	3842.0752959347	a7	a14
12	3842.07535607113	a7	a14	a79	6
13	3842.07539201475	a7	a14
12	3842.07542277419	a7	a14	a79	8
13	3842.07545007751	a7	a14
12	3842.07548602112	a7	a14	a79	9
13	3842.07551436128	a7	a14
12	3842.07557864506	a7	a14	a79	12
13	3842.0756094045	a7	a14
12	3842.07569891792	a7	a14	a79	15
13	3843.59805927854	a7	a14
12	3843.73057440096	a7	a14	a79	0
13	3843.73062624272	a7	a14
12	3843.73072024909	a7	a14	a79	1
13	3843.73075066292	a7	a14
12	3843.73079282755	a7	a14	a79	4
13	3843.73082566066	a7	a14
12	3843.73086264111	a7	a14	a79	5
13	3843.7308920181	a7	a14
12	3843.73093003538	a7	a14	a79	7
13	3850.29945113392	a7	a14
12	3850.37777849191	a7	a14	a67	0
13	3896.28794198978	a7	a14
12	3896.76556869433	a7	a14	a51	0
13	3896.76954184622	a7	a14
12	3896.77190617574	a7	a14	a69	0
13	3896.79088405883	a7	a14
12	3896.7933655507	a7	a14	a51	0
13	3896.79422854307	a7	a14
12	3896.79672247697	a7	a14	a71	0
13	3896.82173819614	a7	a14
12	3896.82247262097	a7	a14	a71	0
13	3896.82940420887	a7	a14
12	3896.83431085792	a7	a14	a73	0
13	3896.97077321137	a7	a14
12	3896.9709546575	a7	a14	a73	6
13	3897.10274537784	a7	a14
12	3897.15206865784	a7	a14	a77	0
13	3897.15269870794	a7	a14
12	3897.15276506538	a7	a14	a77	4
13	3897.15306574755	a7	a14
12	3897.15309858066	a7	a14	a77	5
13	3897.15334016322	a7	a14
12	3897.15340341016	a7	a14	a77	8
13	3897.15380846705	a7	a14
12	3897.15389590681	a7	a14	a77	12
13	3897.15417758033	a7	a14
12	3897.20460889139	a7	a14	a81	0
13	3897.20655641322	a7	a14
12	3897.24318503052	a7	a14	a81	0
13	3897.24473475331	a7	a14
12	3897.31653039611	a7	a14	a51	0
13	3897.31731839075	a7	a14
12	3897.3173584817	a7	a14	a51	3
13	3897.31791871824	a7	a14
12	3897.31935888212	a7	a14	a75	0
13	3897.32141181551	a7	a14
12	3897.34331322782	a7	a14	a77	0
13	3897.3435938645	a7	a14
12	3897.34362013099	a7	a14	a77	2
13	3897.34386171356	a7	a14
12	3897.34390802552	a7	a14	a77	6
13	3897.3441824412	a7	a14
12	3897.34426365994	a7	a14	a77	9
13	3897.34470569728	a7	a14
12	3897.34480488784	a7	a14	a77	14
13	3897.34513943994	a7	a14
12	3897.4206137735	a7	a14	a83	0
13	3897.42182376	a7	a14
12	3897.42839763981	a7	a14	a81	0
13	3897.42966050489	a7	a14
12	3897.47920774127	a7	a14	a51	0
13	3897.48162045642	a7	a14
12	3897.4841610479	a7	a14	a53	0
13	3897.49649212711	a7	a14
12	3897.49656919851	a7	a14	a53	6
13	3897.50160579756	a7	a14
12	3897.50342682551	a7	a14	a53	0
13	3897.50757520253	a7	a14
12	3897.50763741264	a7	a14	a53	4
13	3897.51143464819	a7	a14
12	3897.51384840018	a7	a14	a55	0
13	3897.51969131128	a7	a14
12	3897.53006622837	a7	a14	a57	0
13	3898.17506126543	a7	a14
12	3898.67689011925	a7	a14	a59	0
13	3900.9494407271	a7	a14
12	3900.94951261433	a7	a14	a59	5
13	3903.24203266518	a7	a14
12	3903.24211803127	a7	a14	a59	9
13	3905.27515663283	a7	a14
12	3905.27536780157	a7	a14	a59	13
13	3907.68353021251	a7	a14
12	3908.60308366289	a7	a14	a61	0
13	3909.60465698648	a7	a14
12	3909.60477207517	a7	a14	a61	5
13	3910.46267946101	a7	a14
12	3910.4628567598	a7	a14	a61	9
13	3911.42463013328	a7	a14
12	3911.42481814604	a7	a14	a61	13
13	3912.25611239552	a7	a14
12	3912.86506981125	a7	a14	a61	0
13	3913.17076334418	a7	a14
12	3913.17088050654	a7	a14	a61	4
13	3913.45291173565	a7	a14
12	3913.45304272248	a7	a14	a61	8
13	3913.72441079435	a7	a14
12	3913.72451551469	a7	a14	a61	12
13	3913.98523943798	a7	a14
12	3915.16320363266	a7	a14	a63	0
13	3915.4840684816	a7	a14
12	3917.24023791014	a7	a14	a65	0
13	3935.52186206632	a7	a14
12	3935.52211954703	a7	a14	a65	4
13	3979.76053168902	a7	a14
12	3979.76098098421	a7	a14	a65	12
13	3987.44817279161	a7	a14
12	3987.4485336102	a7	a14	a65	14
13	3989.98590052927	a7	a14
12	3992.69980278511	a7	a14	a79	0
13	3992.70019539998	a7	a14
12	3992.70025242591	a7	a14	a79	3
13	3992.70028491341	a7	a14
12	3992.70031256234	a7	a14	a79	4
13	3992.70033986567	a7	a14
12	3992.70036855144	a7	a14	a79	5
13	3992.70039585476	a7	a14
12	3992.70042212125	a7	a14	a79	6
13	3992.70045702803	a7	a14
12	3992.70048433135	a7	a14	a79	7
13	3992.70051405395	a7	a14
12	3992.70055621858	a7	a14	a79	9
13	3992.70058455874	a7	a14
12	3992.70065229863	a7	a14	a79	12
13	3992.70068063878	a7	a14
12	3992.70072072974	a7	a14	a79	14
13	3992.70075356285	a7	a14
12	3992.9130614368	a7	a14	a79	0
13	3992.91309738041	a7	a14
12	3992.9131236469	a7	a14	a79	1
13	3992.91315648001	a7	a14
12	3992.91319346046	a7	a14	a79	2
13	3992.91321972695	a7	a14
12	3992.91341292388	a7	a14	a79	4
13	3992.91344230087	a7	a14
12	3992.91347409714	a7	a14	a79	6
13	3992.91351315126	a7	a14
12	3992.91353941775	a7	a14	a79	7
13	3994.52163082982	a7	a14
12	3994.6706025981	a7	a14	a79	0
13	3994.67086422615	a7	a14
12	3994.67092954675	a7	a14	a79	2
13	3994.67096237986	a7	a14
12	3994.67099936031	a7	a14	a79	4
13	3994.67103081098	a7	a14
12	3994.6710698651	a7	a14	a79	6
13	3994.6710995877	a7	a14
12	3994.6711351857	a7	a14	a79	8
13	3994.67116801881	a7	a14
12	3994.67120810977	a7	a14	a79	10
13	3994.67124405338	a7	a14
12	3994.67129451269	a7	a14	a79	12
13	3994.67132527213	a7	a14
12	3994.6713715841	a7	a14	a79	15
13	4001.69686632427	a7	a14
12	4001.76893603714	a7	a14	a67	0
13	4047.22651619857	a7	a14
12	4047.69610466661	a7	a14	a51	0
13	4047.69947023317	a7	a14
12	4047.70196520391	a7	a14	a69	0
13	4047.72129975825	a7	a14
12	4047.7236533738	a7	a14	a51	0
13	4047.72425577496	a7	a14
12	4047.72433180953	a7	a14	a51	1
13	4047.72534479738	a7	a14
12	4047.726730009	a7	a14	a71	0
13	4047.74749055714	a7	a14
12	4047.74822290829	a7	a14	a71	0
13	4047.75464575579	a7	a14
12	4047.759042282	a7	a14	a73	0
13	4047.89096364356	a7	a14
12	4047.89105523065	a7	a14	a73	5
13	4048.0199825582	a7	a14
12	4048.07244364667	a7	a14	a77	0
13	4048.07312726658	a7	a14
12	4048.07315802602	a7	a14	a77	2
13	4048.07342587507	a7	a14
12	4048.07346907653	a7	a14	a77	5
13	4048.07375178689	a7	a14
12	4048.07377736215	a7	a14	a77	7
13	4048.07405143222	a7	a14
12	4048.07407804432	a7	a14	a77	11
13	4048.0743438197	a7	a14
12	4048.07439877196	a7	a14	a77	15
13	4048.07466454734	a7	a14
12	4048.1238592598	a7	a14	a81	0
13	4048.12560114268	a7	a14
12	4048.16070595808	a7	a14	a81	0
13	4048.16244887779	a7	a14
12	4048.23641669002	a7	a14	a51	0
13	4048.2371912058	a7	a14
12	4048.23896246568	a7	a14	a75	0
13	4048.24102092885	a7	a14
12	4048.27092463405	a7	a14	a77	0
13	4048.27130446129	a7	a14
12	4048.27133176461	a7	a14	a77	3
13	4048.27163659411	a7	a14
12	4048.27172541632	a7	a14	a77	6
13	4048.27198047774	a7	a14
12	4048.27200916351	a7	a14	a77	9
13	4048.27257251055	a7	a14
12	4048.27269070974	a7	a14	a77	15
13	4048.27299346558	a7	a14
12	4048.35816669977	a7	a14	a83	0
13	4048.35935145662	a7	a14
12	4048.36575218497	a7	a14	a81	0
13	4048.36684120738	a7	a14
12	4048.39797494455	a7	a14	a51	0
13	4048.40096794172	a7	a14
12	4048.40415931999	a7	a14	a53	0
13	4048.41605285481	a7	a14
12	4048.4160939826	a7	a14	a53	7
13	4048.4215314912	a7	a14
12	4048.42229218251	a7	a14	a53	0
13	4048.42668421577	a7	a14
12	4048.42678651683	a7	a14	a53	4
13	4048.4303978133	a7	a14
12	4048.43270304322	a7	a14	a55	0
13	4048.43858500844	a7	a14
12	4048.44913100331	a7	a14	a57	0
13	4049.06650406351	a7	a14
12	4049.64084086581	a7	a14	a59	0
13	4051.90461259132	a7	a14
12	4051.90477295514	a7	a14	a59	5
13	4054.19221182304	a7	a14
12	4054.19237667981	a7	a14	a59	9
13	4056.39503043544	a7	a14
12	4056.39513722945	a7	a14	a59	13
13	4058.67412001632	a7	a14
12	4059.57851632076	a7	a14	a61	0
13	4060.67580887341	a7	a14
12	4060.67609469427	a7	a14	a61	4
13	4061.66263702018	a7	a14
12	4061.6628091348	a7	a14	a61	10
13	4062.63695920823	a7	a14
12	4062.63716277351	a7	a14	a61	14
13	4063.58119728179	a7	a14
12	4063.59573440037	a7	a14	a61	0
13	4063.90051828335	a7	a14
12	4063.90065134385	a7	a14	a61	4
13	4064.18567280523	a7	a14
12	4064.18576992211	a7	a14	a61	8
13	4064.46863269293	a7	a14
12	4064.46872324319	a7	a14	a61	12
13	4064.72967319651	a7	a14
12	4066.18974050753	a7	a14	a63	0
13	4066.54542435101	a7	a14
12	4068.04156073402	a7	a14	a65	0
13	4087.63302067835	a7	a14
12	4087.63354082393	a7	a14	a65	4
13	4131.16042906248	a7	a14
12	4131.1607729461	a7	a14	a65	12
13	4138.72020870394	a7	a14
12	4138.72048934062	a7	a14	a65	15
13	4139.93726019743	a7	a14
12	4143.19664862918	a7	a14	a79	0
13	4143.19712661013	a7	a14
12	4143.1971760326	a7	a14	a79	7
13	4143.19723720587	a7	a14
12	4143.1973090931	a7	a14	a79	10
13	4143.19735229456	a7	a14
12	4143.19742832913	a7	a14	a79	14
13	4143.1974597798	a7	a14
12	4143.46171205275	a7	a14	a79	0
13	4143.46175629104	a7	a14
12	4143.46179845567	a7	a14	a79	1
13	4143.46183128878	a7	a14
12	4143.4618703429	a7	a14	a79	2
13	4143.46205178903	a7	a14
12	4143.46210777812	a7	a14	a79	4
13	4143.46213508144	a7	a14
12	4143.46217309873	a7	a14	a79	6
13	4143.46220593184	a7	a14
12	4143.46225950165	a7	a14	a79	9
13	4143.46234936069	a7	a14
12	4143.46237666401	a7	a14	a79	12
13	4143.46240949712	a7	a14
12	4143.46248103874	a7	a14	a79	15
13	4144.98797886221	a7	a14
12	4145.15619532579	a7	a14	a79	0
13	4145.15635154227	a7	a14
12	4145.1563937069	a7	a14	a79	2
13	4145.1564410557	a7	a14
12	4145.15647699932	a7	a14	a79	3
13	4145.15650983243	a7	a14
12	4145.15654992338	a7	a14	a79	5
13	4145.15657930037	a7	a14
12	4145.156621465	a7	a14	a79	7
13	4152.36609670881	a7	a14
12	4152.44901966534	a7	a14	a67	0
13	4197.95458731762	a7	a14
12	4198.42682939216	a7	a14	a51	0
13	4198.43074033395	a7	a14
12	4198.43316998408	a7	a14	a69	0
13	4198.45212471118	a7	a14
12	4198.45533198759	a7	a14	a51	0
13	4198.45634774033	a7	a14
12	4198.45825862732	a7	a14	a71	0
13	4198.47832933454	a7	a14
12	4198.47957733832	a7	a14	a71	0
13	4198.48622310536	a7	a14
12	4198.49126696225	a7	a14	a73	0
13	4198.625661521	a7	a14
12	4198.62574688709	a7	a14	a73	7
13	4198.7533270203	a7	a14
12	4198.80648555314	a7	a14	a77	0
13	4198.80719751321	a7	a14
12	4198.8072237797	a7	a14	a77	4
13	4198.80754139683	a7	a14
12	4198.80756455282	a7	a14	a77	5
13	4198.80779991437	a7	a14
12	4198.80784000533	a7	a14	a77	9
13	4198.82930249079	a7	a14
12	4198.87873982266	a7	a14	a81	0
13	4198.88042571644	a7	a14
12	4198.91603927224	a7	a14	a81	0
13	4198.91784025471	a7	a14
12	4198.98871138627	a7	a14	a51	0
13	4198.98963036773	a7	a14
12	4198.99162765764	a7	a14	a75	0
13	4198.9939221736	a7	a14
12	4199.00292051936	a7	a14	a77	0
13	4199.00316832294	a7	a14
12	4199.00322327519	a7	a14	a77	2
13	4199.00362833209	a7	a14
12	4199.00365494419	a7	a14	a77	5
13	4199.00393454404	a7	a14
12	4199.00397359816	a7	a14	a77	8
13	4199.00434271143	a7	a14
12	4199.00440181103	a7	a14	a77	12
13	4199.00470767737	a7	a14
12	4199.0785541799	a7	a14	a83	0
13	4199.07984573076	a7	a14
12	4199.09497453653	a7	a14	a81	0
13	4199.09618694232	a7	a14
12	4199.12663809641	a7	a14	a51	0
13	4199.12944342644	a7	a14
12	4199.13183816978	a7	a14	a53	0
13	4199.14463893527	a7	a14
12	4199.14468524724	a7	a14	a53	7
13	4199.14925768979	a7	a14
12	4199.14991089587	a7	a14	a53	0
13	4199.15404233792	a7	a14
12	4199.15407828154	a7	a14	a53	4
13	4199.15770858665	a7	a14
12	4199.15979020581	a7	a14	a55	0
13	4199.1663430033	a7	a14
12	4199.1765703442	a7	a14	a57	0
13	4199.83702873916	a7	a14
12	4200.38345878057	a7	a14	a59	0
13	4202.64838692276	a7	a14
12	4202.64846814151	a7	a14	a59	5
13	4205.16635534933	a7	a14
12	4205.16645868722	a7	a14	a59	9
13	4207.14092544016	a7	a14
12	4207.14102670439	a7	a14	a59	13
13	4209.4223952487	a7	a14
12	4210.45128088108	a7	a14	a61	0
13	4211.73909118233	a7	a14
12	4211.73943195545	a7	a14	a61	7
13	4212.58274830729	a7	a14
12	4212.58294046739	a7	a14	a61	11
13	4213.41894021992	a7	a14
12	4213.41913307124	a7	a14	a61	13
13	4214.2707157633	a7	a14
12	4214.40578841217	a7	a14	a61	0
13	4214.97263650054	a7	a14
12	4214.97276645054	a7	a14	a61	7
13	4215.26789186945	a7	a14
12	4215.26804048247	a7	a14	a61	12
13	4215.54736695455	a7	a14
12	4216.90912571378	a7	a14	a63	0
13	4217.26839147674	a7	a14
12	4218.74112199979	a7	a14	a65	0
13	4237.64875086793	a7	a14
12	4237.64911790754	a7	a14	a65	4
13	4280.29857239142	a7	a14
12	4280.29886339646	a7	a14	a65	12
13	4287.98322775468	a7	a14
12	4287.98374997393	a7	a14	a65	14
13	4290.53047191001	a7	a14
12	4292.98466945142	a7	a14	a79	0
13	4292.98507554515	a7	a14
12	4292.9851450131	a7	a14	a79	3
13	4292.98518095671	a7	a14
12	4292.98536032917	a7	a14	a79	5
13	4292.98539834646	a7	a14
12	4293.23825511102	a7	a14	a79	0
13	4293.2382900178	a7	a14
12	4293.23832146847	a7	a14	a79	1
13	4293.23835222791	a7	a14
12	4293.2383816049	a7	a14	a79	2
13	4293.23841340117	a7	a14
12	4293.23844519745	a7	a14	a79	3
13	4293.23847975862	a7	a14
12	4293.23852088641	a7	a14	a79	4
13	4293.23855579319	a7	a14
12	4293.23859795781	a7	a14	a79	6
13	4293.23863079092	a7	a14
12	4293.23865809424	a7	a14	a79	7
13	4294.74575416931	a7	a14
12	4294.88056104279	a7	a14	a79	0
13	4294.88061495822	a7	a14
12	4294.88066023335	a7	a14	a79	1
13	4294.8807003243	a7	a14
12	4294.88073626792	a7	a14	a79	2
13	4294.88077739571	a7	a14
12	4294.8808067727	a7	a14	a79	3
13	4294.88084167948	a7	a14
12	4294.88087969677	a7	a14	a79	4
13	4294.88091252987	a7	a14
12	4294.88094398054	a7	a14	a79	5
13	4294.88097785048	a7	a14
12	4294.88101275726	a7	a14	a79	6
13	4294.88104420793	a7	a14
12	4294.88107807787	a7	a14	a79	7
13	4301.7775715296	a7	a14
12	4301.8461747573	a7	a14	a67	0
13	4347.1218397905	a7	a14
12	4347.58186656574	a7	a14	a51	0
13	4347.58509907181	a7	a14
12	4347.60321810986	a7	a14	a69	0
13	4347.62262005848	a7	a14
12	4347.62934911793	a7	a14	a51	0
13	4347.63017305618	a7	a14
12	4347.63239395685	a7	a14	a71	0
13	4347.65563081269	a7	a14
12	4347.6565867746	a7	a14	a71	0
13	4347.66300962211	a7	a14
12	4347.66803481597	a7	a14	a73	0
13	4347.80160405402	a7	a14
12	4347.80182766478	a7	a14	a73	4
13	4347.93192074053	a7	a14
12	4347.98941428071	a7	a14	a77	0
13	4347.99006126578	a7	a14
12	4347.99009064277	a7	a14	a77	3
13	4347.99048325764	a7	a14
12	4347.99054235724	a7	a14	a77	5
13	4347.99077529951	a7	a14
12	4347.99081435363	a7	a14	a77	9
13	4347.99112021997	a7	a14
12	4347.99116031093	a7	a14	a77	13
13	4347.99148103857	a7	a14
12	4348.03974640121	a7	a14	a81	0
13	4348.04139013037	a7	a14
12	4348.07564992521	a7	a14	a81	0
13	4348.07728639652	a7	a14
12	4348.1495662413	a7	a14	a51	0
13	4348.15063383579	a7	a14
12	4348.15269229897	a7	a14	a75	0
13	4348.15475490948	a7	a14
12	4348.16384898968	a7	a14	a77	0
13	4348.16410335988	a7	a14
12	4348.16412858953	a7	a14	a77	1
13	4348.1643732826	a7	a14
12	4348.16454850772	a7	a14	a77	2
13	4348.16480287792	a7	a14
12	4348.16484815305	a7	a14	a77	6
13	4348.16535447417	a7	a14
12	4348.16541564744	a7	a14	a77	10
13	4348.16568902628	a7	a14
12	4348.16579547467	a7	a14	a77	13
13	4348.16623232784	a7	a14
12	4348.23989427373	a7	a14	a83	0
13	4348.24111704786	a7	a14
12	4348.24747146425	a7	a14	a81	0
13	4348.24866451578	a7	a14
12	4348.29565975549	a7	a14	a51	0
13	4348.29836796864	a7	a14
12	4348.30119749148	a7	a14	a53	0
13	4348.31227953007	a7	a14
12	4348.31232273153	a7	a14	a53	4
13	4348.31690485121	a7	a14
12	4348.32166703458	a7	a14	a53	0
13	4348.32583960442	a7	a14
12	4348.32589455668	a7	a14	a53	4
13	4348.32950585315	a7	a14
12	4348.34266640039	a7	a14	a55	0
13	4348.34895860668	a7	a14
12	4348.35911198668	a7	a14	a57	0
13	4349.02442795383	a7	a14
12	4349.52562157337	a7	a14	a59	0
13	4351.7757139885	a7	a14
12	4351.77579313358	a7	a14	a59	5
13	4354.27198560488	a7	a14
12	4354.27206578679	a7	a14	a59	9
13	4356.25776664746	a7	a14
12	4356.25787205902	a7	a14	a59	13
13	4358.58588331914	a7	a14
12	4359.50797425048	a7	a14	a61	0
13	4360.59545592431	a7	a14
12	4360.59570096299	a7	a14	a61	5
13	4361.5471087509	a7	a14
12	4361.5471827118	a7	a14	a61	8
13	4362.6831378065	a7	a14
12	4362.68330957551	a7	a14	a61	15
13	4363.56981045266	a7	a14
12	4363.57224528696	a7	a14	a61	0
13	4363.94929760953	a7	a14
12	4363.94937157043	a7	a14	a61	6
13	4364.35787075436	a7	a14
12	4364.35797962204	a7	a14	a61	11
13	4364.6345512234	a7	a14
12	4364.6346251843	a7	a14	a61	15
13	4364.94156672101	a7	a14
12	4366.06164165014	a7	a14	a63	0
13	4366.39780638265	a7	a14
12	4367.89429390712	a7	a14	a65	0
13	4386.93994210934	a7	a14
12	4386.94025557914	a7	a14	a65	4
13	4429.4829098322	a7	a14
12	4429.48314623059	a7	a14	a65	12
13	4436.81480591803	a7	a14
12	4436.81507169341	a7	a14	a65	14
13	4439.36700130632	a7	a14
12	4442.32295063015	a7	a14	a79	0
13	4442.32313760607	a7	a14
12	4442.32317320407	a7	a14	a79	3
13	4442.32337365884	a7	a14
12	4442.32348460019	a7	a14	a79	7
13	4442.32351950697	a7	a14
12	4442.3235616716	a7	a14	a79	9
13	4442.32360072572	a7	a14
12	4442.32366397266	a7	a14	a79	11
13	4442.32369438649	a7	a14
12	4442.32373897039	a7	a14	a79	14
13	4442.32376834739	a7	a14
12	4442.53979534864	a7	a14	a79	0
13	4442.53984269745	a7	a14
12	4442.5398827884	a7	a14	a79	1
13	4442.53991458467	a7	a14
12	4442.53995156512	a7	a14	a79	2
13	4442.53997886845	a7	a14
12	4442.54015824091	a7	a14	a79	3
13	4442.54019107402	a7	a14
12	4442.54021941418	a7	a14	a79	5
13	4442.54025328412	a7	a14
12	4442.54028266112	a7	a14	a79	6
13	4442.54031653106	a7	a14
12	4442.54034279755	a7	a14	a79	8
13	4442.54036940965	a7	a14
12	4442.54043058292	a7	a14	a79	9
13	4442.5404568494	a7	a14
12	4442.54049486669	a7	a14	a79	12
13	4442.54051905951	a7	a14
12	4442.54054428916	a7	a14	a79	13
13	4442.54057090126	a7	a14
12	4444.13421989235	a7	a14	a79	0
13	4444.13434223888	a7	a14
12	4444.13440030165	a7	a14	a79	2
13	4444.13443624526	a7	a14
12	4444.13446907837	a7	a14	a79	3
13	4444.13449741853	a7	a14
12	4444.13453336214	a7	a14	a79	4
13	4444.13456930576	a7	a14
12	4444.1346208019	a7	a14	a79	6
13	4444.13465156134	a7	a14
12	4444.13468646812	a7	a14	a79	8
13	4444.13471480828	a7	a14
12	4444.13475075189	a7	a14	a79	9
13	4444.13478012888	a7	a14
12	4444.13481296199	a7	a14	a79	10
13	4444.13483922848	a7	a14
12	4444.13487931944	a7	a14	a79	11
13	4444.13490904204	a7	a14
12	4450.90120400645	a7	a14	a67	0
13	4496.4289295149	a7	a14
12	4496.91054112215	a7	a14	a51	0
13	4496.9136194854	a7	a14
12	4496.91591745748	a7	a14	a69	0
13	4496.93502287127	a7	a14
12	4496.9371214254	a7	a14	a51	0
13	4496.93790630953	a7	a14
12	4496.93798338094	a7	a14	a51	3
13	4496.93887160296	a7	a14
12	4496.95474347386	a7	a14	a71	0
13	4496.97495138892	a7	a14
12	4496.97583961094	a7	a14	a71	0
13	4496.98225934794	a7	a14
12	4496.98760526944	a7	a14	a73	0
13	4497.11710873166	a7	a14
12	4497.11736068258	a7	a14	a73	4
13	4497.25059778781	a7	a14
12	4497.30518058639	a7	a14	a77	0
13	4497.30577019992	a7	a14
12	4497.30580718037	a7	a14	a77	2
13	4497.30643930414	a7	a14
12	4497.30650462475	a7	a14	a77	5
13	4497.30677040013	a7	a14
12	4497.30680945425	a7	a14	a77	9
13	4497.30711221008	a7	a14
12	4497.30720621646	a7	a14	a77	13
13	4497.30745402004	a7	a14
12	4497.36808536867	a7	a14	a81	0
13	4497.36993058945	a7	a14
12	4497.40503022067	a7	a14	a81	0
13	4497.40652084386	a7	a14
12	4497.47978084336	a7	a14	a51	0
13	4497.4806427989	a7	a14
12	4497.48066906538	a7	a14	a51	2
13	4497.48120821961	a7	a14
12	4497.4831222171	a7	a14	a75	0
13	4497.48527226738	a7	a14
12	4497.50618592149	a7	a14	a77	0
13	4497.50658372054	a7	a14
12	4497.50662173783	a7	a14	a77	2
13	4497.50686850457	a7	a14
12	4497.50690755869	a7	a14	a77	6
13	4497.50719683567	a7	a14
12	4497.50722102848	a7	a14	a77	8
13	4497.50748991437	a7	a14
12	4497.50754590346	a7	a14	a77	12
13	4497.5081210013	a7	a14
12	4497.58125519816	a7	a14	a83	0
13	4497.58248453891	a7	a14
12	4497.58937050607	a7	a14	a81	0
13	4497.5904571092	a7	a14
12	4497.62099190132	a7	a14	a51	0
13	4497.62380552603	a7	a14
12	4497.62644738172	a7	a14	a53	0
13	4497.63779726937	a7	a14
12	4497.6379047546	a7	a14	a53	5
13	4497.64164600106	a7	a14
12	4497.64327486892	a7	a14	a53	0
13	4497.64746541057	a7	a14
12	4497.64754248197	a7	a14	a53	4
13	4497.65110020863	a7	a14
12	4497.65394666644	a7	a14	a55	0
13	4497.65957391585	a7	a14
12	4497.66922961503	a7	a14	a57	0
13	4498.29248567729	a7	a14
12	4498.82925310728	a7	a14	a59	0
13	4501.10388187818	a7	a14
12	4501.10403809466	a7	a14	a59	5
13	4503.59943635032	a7	a14
12	4503.5995068551	a7	a14	a59	9
13	4505.5900248514	a7	a14
12	4505.5901136736	a7	a14	a59	13
13	4507.83008174011	a7	a14
12	4508.81393589836	a7	a14	a61	0
13	4509.90541837301	a7	a14
12	4509.9055303512	a7	a14	a61	4
13	4510.89135415042	a7	a14
12	4510.89158225413	a7	a14	a61	11
13	4511.86425103589	a7	a14
12	4511.86439964892	a7	a14	a61	15
13	4513.09779062591	a7	a14
12	4513.09990922552	a7	a14	a61	0
13	4513.60788893045	a7	a14
12	4513.60797429653	a7	a14	a61	7
13	4513.89032763573	a7	a14
12	4513.89039606684	a7	a14	a61	11
13	4514.16417201531	a7	a14
12	4514.16421832727	a7	a14	a61	15
13	4514.47947147934	a7	a14
12	4515.59889320238	a7	a14	a63	0
13	4515.9485634026	a7	a14
12	4517.4421761291	a7	a14	a65	0
13	4536.6183532234	a7	a14
12	4536.61871507883	a7	a14	a65	4
13	4580.24149016811	a7	a14
12	4580.24170548419	a7	a14	a65	12
13	4588.23651415353	a7	a14
12	4588.23666587706	a7	a14	a65	15
13	4589.39459703618	a7	a14
12	4593.10731083266	a7	a14	a79	0
13	4593.10761566216	a7	a14
12	4593.10765471628	a7	a14	a79	1
13	4593.1077055212	a7	a14
12	4593.1077380087	a7	a14	a79	2
13	4593.10790701281	a7	a14
12	4593.1079481406	a7	a14	a79	4
13	4593.10797751759	a7	a14
12	4593.10802935934	a7	a14	a79	6
13	4593.10806081001	a7	a14
12	4593.10811161492	a7	a14	a79	8
13	4593.10814548487	a7	a14
12	4593.10819594418	a7	a14	a79	10
13	4593.10822981412	a7	a14
12	4593.10825608061	a7	a14	a79	12
13	4593.10829098739	a7	a14
12	4593.10831829071	a7	a14	a79	14
13	4593.10835216066	a7	a14
12	4593.32197266777	a7	a14	a79	0
13	4593.32203384104	a7	a14
12	4593.32207807933	a7	a14	a79	1
13	4593.32210434582	a7	a14
12	4593.32214754728	a7	a14	a79	2
13	4593.32218245406	a7	a14
12	4593.32221528717	a7	a14	a79	3
13	4593.32224673783	a7	a14
12	4593.32228060778	a7	a14	a79	4
13	4593.32231447772	a7	a14
12	4593.32234489155	a7	a14	a79	5
13	4593.3223787615	a7	a14
12	4593.32241885245	a7	a14	a79	6
13	4593.32245168556	a7	a14
12	4593.32249488702	a7	a14	a79	7
13	4594.86736701018	a7	a14
12	4595.00774652643	a7	a14	a79	0
13	4595.00788684477	a7	a14
12	4595.00792382522	a7	a14	a79	1
13	4595.00795665833	a7	a14
12	4595.00799225633	a7	a14	a79	2
13	4595.00802716311	a7	a14
12	4595.00806932774	a7	a14	a79	3
13	4595.00809905034	a7	a14
12	4595.00828464382	a7	a14	a79	5
13	4595.00833095578	a7	a14
12	4595.00840491668	a7	a14	a79	7
13	4601.94495994655	a7	a14
12	4602.01393332436	a7	a14	a67	0
13	4647.43844121269	a7	a14
12	4647.89712286727	a7	a14	a51	0
13	4647.90074902504	a7	a14
12	4647.90292879792	a7	a14	a69	0
13	4647.92314535327	a7	a14
12	4647.92485543988	a7	a14	a51	0
13	4647.92555288425	a7	a14
12	4647.92559504888	a7	a14	a51	3
13	4647.92695399401	a7	a14
12	4647.92835061082	a7	a14	a71	0
13	4647.94744876677	a7	a14
12	4647.94845933532	a7	a14	a71	0
13	4647.95502180995	a7	a14
12	4647.98351472825	a7	a14	a73	0
13	4648.1205096693	a7	a14
12	4648.12079998311	a7	a14	a73	5
13	4648.25374781136	a7	a14
12	4648.30380447936	a7	a14	a77	0
13	4648.30440584369	a7	a14
12	4648.30445457493	a7	a14	a77	2
13	4648.30488278781	a7	a14
12	4648.30492184193	a7	a14	a77	6
13	4648.3054240157	a7	a14
12	4648.30546618033	a7	a14	a77	10
13	4648.30575338364	a7	a14
12	4648.30582803576	a7	a14	a77	14
13	4648.30608344279	a7	a14
12	4648.38477576672	a7	a14	a81	0
13	4648.3866420698	a7	a14
12	4648.42241460697	a7	a14	a81	0
13	4648.42442675819	a7	a14
12	4648.49536562963	a7	a14	a51	0
13	4648.49621168703	a7	a14
12	4648.4985272853	a7	a14	a75	0
13	4648.50036213772	a7	a14
12	4648.50938260263	a7	a14	a77	0
13	4648.50964837801	a7	a14
12	4648.50968535846	a7	a14	a77	1
13	4648.51008626801	a7	a14
12	4648.5101273958	a7	a14	a77	3
13	4648.51038280284	a7	a14
12	4648.51042289379	a7	a14	a77	6
13	4648.51069489019	a7	a14
12	4648.51078267555	a7	a14	a77	10
13	4648.51114556782	a7	a14
12	4648.51120363058	a7	a14	a77	14
13	4648.51175211632	a7	a14
12	4648.58409313437	a7	a14	a83	0
13	4648.58536222046	a7	a14
12	4648.59140766001	a7	a14	a81	0
13	4648.59263976565	a7	a14
12	4648.62355438502	a7	a14	a51	0
13	4648.62587205696	a7	a14
12	4648.62883360346	a7	a14	a53	0
13	4648.6404050282	a7	a14
12	4648.64046309096	a7	a14	a53	5
13	4648.64501548804	a7	a14
12	4648.64631740725	a7	a14	a53	0
13	4648.65022316487	a7	a14
12	4648.65029919944	a7	a14	a53	4
13	4648.65372282876	a7	a14
12	4648.65681812699	a7	a14	a55	0
13	4648.66251726363	a7	a14
12	4648.67278158498	a7	a14	a57	0
13	4649.28498844175	a7	a14
12	4649.79868352707	a7	a14	a59	0
13	4652.28095925276	a7	a14
12	4652.28113758839	a7	a14	a59	6
13	4654.52594836579	a7	a14
12	4654.5259988251	a7	a14	a59	10
13	4657.38083772322	a7	a14
12	4657.38090857362	a7	a14	a59	15
13	4659.57575323328	a7	a14
12	4659.70436190686	a7	a14	a61	0
13	4660.79346449947	a7	a14
12	4660.79354882873	a7	a14	a61	5
13	4661.77109073521	a7	a14
12	4661.77123209039	a7	a14	a61	11
13	4663.16213939328	a7	a14
12	4663.16227971162	a7	a14	a61	15
13	4664.0993086711	a7	a14
12	4664.10157588374	a7	a14	a61	0
13	4664.42589684951	a7	a14
12	4664.42595180176	a7	a14	a61	5
13	4664.72195922169	a7	a14
12	4664.72204458778	a7	a14	a61	9
13	4664.99937376995	a7	a14
12	4664.9994612097	a7	a14	a61	13
13	4665.2779509559	a7	a14
12	4668.16664873931	a7	a14	a63	0
13	4668.53294942806	a7	a14
12	4670.01964439113	a7	a14	a65	0
13	4697.21448911165	a7	a14
12	4697.21477078517	a7	a14	a65	5
13	4729.52518993069	a7	a14
12	4729.52554660195	a7	a14	a65	10
13	4746.04649628131	a7	a14
12	4747.20669914603	a7	a14	a79	0
13	4747.20709901874	a7	a14
12	4747.20713496236	a7	a14	a79	2
13	4747.207183348	a7	a14
12	4747.20721618111	a7	a14	a79	3
13	4747.20724970544	a7	a14
12	4747.20727839121	a7	a14	a79	5
13	4747.2073077682	a7	a14
12	4747.20733956448	a7	a14	a79	7
13	4747.2073699783	a7	a14
12	4747.20740073774	a7	a14	a79	9
13	4747.20743875503	a7	a14
12	4747.20746502152	a7	a14	a79	11
13	4747.20750096513	a7	a14
12	4747.20753034212	a7	a14	a79	13
13	4747.2075621384	a7	a14
12	4747.20758944172	a7	a14	a79	15
13	4747.43502335655	a7	a14
12	4747.46759518393	a7	a14	a79	0
13	4747.46762801704	a7	a14
12	4747.46765428353	a7	a14	a79	1
13	4747.46768607981	a7	a14
12	4747.46771441996	a7	a14	a79	2
13	4747.46775658459	a7	a14
12	4747.46779045453	a7	a14	a79	3
13	4747.46782086836	a7	a14
12	4747.46785370147	a7	a14	a79	4
13	4747.46788860825	a7	a14
12	4747.46791798524	a7	a14	a79	5
13	4747.46794978152	a7	a14
12	4747.46798123218	a7	a14	a79	6
13	4747.46801095479	a7	a14
12	4747.4680468984	a7	a14	a79	7
13	4749.14425906426	a7	a14
12	4749.32361009941	a7	a14	a79	0
13	4749.3237369389	a7	a14
12	4749.32378532453	a7	a14	a79	2
13	4749.32383716629	a7	a14
12	4749.32386965378	a7	a14	a79	3
13	4749.32390248689	a7	a14
12	4749.32393843051	a7	a14	a79	4
13	4749.323964697	a7	a14
12	4749.32413888528	a7	a14	a79	5
13	4749.32417137278	a7	a14
12	4749.32423600217	a7	a14	a79	10
13	4749.3242695265	a7	a14
12	4749.32433069977	a7	a14	a79	12
13	4749.32436249604	a7	a14
12	4749.324402587	a7	a14	a79	14
13	4749.32443749378	a7	a14
12	4756.59024986107	a7	a14	a67	0
13	4811.73665953646	a7	a14
12	4812.15741618431	a7	a14	a51	0
13	4812.15926347875	a7	a14
12	4812.1593153205	a7	a14	a51	2
13	4812.16103923157	a7	a14
12	4812.16280841777	a7	a14	a69	0
13	4812.17270673635	a7	a14
12	4812.1727879551	a7	a14	a69	2
13	4812.18242464563	a7	a14
12	4812.18465695149	a7	a14	a51	0
13	4812.1851601621	a7	a14
12	4812.18526349999	a7	a14	a51	2
13	4812.18582684703	a7	a14
12	4812.1872756512	a7	a14	a71	0
13	4812.20263048702	a7	a14
12	4812.20266090085	a7	a14	a71	2
13	4812.20772203833	a7	a14
12	4812.21777830144	a7	a14	a71	0
13	4812.22152265841	a7	a14
12	4812.2215637862	a7	a14	a71	3
13	4812.22543671071	a7	a14
12	4812.22859560149	a7	a14	a73	0
13	4812.30561551048	a7	a14
12	4812.30574960781	a7	a14	a73	3
13	4812.41414068921	a7	a14
12	4812.41432628268	a7	a14	a73	7
13	4812.51741706331	a7	a14
12	4812.56585557741	a7	a14	a77	0
13	4812.56640198948	a7	a14
12	4812.56642721914	a7	a14	a77	1
13	4812.56698952934	a7	a14
12	4812.5670327308	a7	a14	a77	5
13	4812.56738421788	a7	a14
12	4812.56742430884	a7	a14	a77	8
13	4812.56781899738	a7	a14
12	4812.56787153036	a7	a14	a77	13
13	4812.58767853586	a7	a14
12	4812.63845373055	a7	a14	a81	0
13	4812.64028236196	a7	a14
12	4812.67603589048	a7	a14	a81	0
13	4812.67786970607	a7	a14
12	4812.74982329342	a7	a14	a51	0
13	4812.75074745905	a7	a14
12	4812.75349576315	a7	a14	a75	0
13	4812.75575571794	a7	a14
12	4812.76427089857	a7	a14	a77	0
13	4812.7645145548	a7	a14
12	4812.76472468671	a7	a14	a77	2
13	4812.76497145345	a7	a14
12	4812.76501465491	a7	a14	a77	5
13	4812.7654936727	a7	a14
12	4812.76559286325	a7	a14	a77	10
13	4812.76610989833	a7	a14
12	4812.76616899793	a7	a14	a77	15
13	4812.76639364552	a7	a14
12	4812.85064478774	a7	a14	a83	0
13	4812.85185892158	a7	a14
12	4812.85859420205	a7	a14	a81	0
13	4812.85983598482	a7	a14
12	4812.89034969463	a7	a14	a51	0
13	4812.89303578863	a7	a14
12	4812.89505174157	a7	a14	a53	0
13	4812.90456297507	a7	a14
12	4812.90463555352	a7	a14	a53	4
13	4812.91052062924	a7	a14
12	4812.91056279387	a7	a14	a53	7
13	4812.91426602304	a7	a14
12	4812.91512244879	a7	a14	a53	0
13	4812.91915815641	a7	a14
12	4812.91920861571	a7	a14	a53	4
13	4812.92273558293	a7	a14
12	4812.92519806616	a7	a14	a55	0
13	4812.93121585678	a7	a14
12	4812.94150575339	a7	a14	a57	0
13	4813.52314083759	a7	a14
12	4814.36035714324	a7	a14	a59	0
13	4816.63884639663	a7	a14
12	4816.63891932069	a7	a14	a59	5
13	4818.92532135354	a7	a14
12	4818.92538667415	a7	a14	a59	9
13	4820.891898483	a7	a14
12	4820.8919873052	a7	a14	a59	13
13	4823.17735319423	a7	a14
12	4824.50347109434	a7	a14	a61	0
13	4825.60370307434	a7	a14
12	4825.6038496137	a7	a14	a61	5
13	4826.58504740055	a7	a14
12	4826.58524474482	a7	a14	a61	9
13	4827.54601584443	a7	a14
12	4827.54619003271	a7	a14	a61	14
13	4828.49878810725	a7	a14
12	4828.52156080661	a7	a14	a61	0
13	4828.84435520558	a7	a14
12	4828.84441741568	a7	a14	a61	4
13	4829.12043223662	a7	a14
12	4829.12049548356	a7	a14	a61	8
13	4829.38993918959	a7	a14
12	4829.38999932602	a7	a14	a61	12
13	4829.65040908829	a7	a14
12	4830.9084179854	a7	a14	a63	1
13	4831.27306008369	a7	a14
12	4832.72687527937	a7	a14	a65	0
13	4850.98172178803	a7	a14
12	4850.98208571713	a7	a14	a65	4
13	4892.7795832115	a7	a14
12	4892.77980785909	a7	a14	a65	11
13	4901.06371447961	a7	a14
12	4901.06398440233	a7	a14	a65	13
13	4906.74852309604	a7	a14
12	4908.42876578534	a7	a14	a79	0
13	4908.42900114689	a7	a14
12	4908.69233098226	a7	a14	a79	0
13	4908.69237418372	a7	a14
12	4908.69240805367	a7	a14	a79	1
13	4908.69246196909	a7	a14
12	4908.69249445659	a7	a14	a79	2
13	4908.69253143704	a7	a14
12	4908.69256634382	a7	a14	a79	3
13	4908.69259917693	a7	a14
12	4908.69262855392	a7	a14	a79	4
13	4908.69266138703	a7	a14
12	4908.69269076402	a7	a14	a79	5
13	4908.69286184181	a7	a14
12	4908.69290193276	a7	a14	a79	7
13	4910.2829786815	a7	a14
12	4910.42654335502	a7	a14	a79	0
13	4910.42661316858	a7	a14
12	4910.4266522227	a7	a14	a79	1
13	4910.42667848919	a7	a14
12	4910.42671339597	a7	a14	a79	2
13	4910.42674484663	a7	a14
12	4910.42678079025	a7	a14	a79	3
13	4910.42681362335	a7	a14
12	4910.42684507402	a7	a14	a79	4
13	4910.42701822547	a7	a14
12	4910.42706764794	a7	a14	a79	6
13	4910.42709944422	a7	a14
12	4910.42713331416	a7	a14	a79	8
13	4910.42716165432	a7	a14
12	4910.42721349607	a7	a14	a79	9
13	4910.42724494673	a7	a14
12	4910.42729678849	a7	a14	a79	12
13	4910.42733791628	a7	a14
12	4910.42739044925	a7	a14	a79	14
13	4910.42742017186	a7	a14
12	4910.42746441015	a7	a14	a79	15
13	4917.26667963778	a7	a14
12	4917.6978609708	a7	a14	a67	0
13	4962.41021870732	a7	a14
12	4962.88232772136	a7	a14	a51	0
13	4962.88577139616	a7	a14
12	4962.88764806759	a7	a14	a69	0
13	4962.90720830636	a7	a14
12	4962.91013390925	a7	a14	a51	0
13	4962.91090842503	a7	a14
12	4962.9110318084	a7	a14	a51	2
13	4962.91185574665	a7	a14
12	4962.92735297448	a7	a14	a71	0
13	4962.9512281751	a7	a14
12	4962.95214300923	a7	a14	a71	0
13	4962.958763201	a7	a14
12	4962.96307919969	a7	a14	a73	0
13	4963.09612449043	a7	a14
12	4963.09619914255	a7	a14	a73	6
13	4963.2246854696	a7	a14
12	4963.27574648514	a7	a14	a77	0
13	4963.27668758575	a7	a14
12	4963.27675532564	a7	a14	a77	5
13	4963.27705911831	a7	a14
12	4963.27710231977	a7	a14	a77	8
13	4963.27742408425	a7	a14
12	4963.27748422068	a7	a14	a77	12
13	4963.27777660816	a7	a14
12	4963.32520939227	a7	a14	a81	0
13	4963.32688042475	a7	a14
12	4963.37526813393	a7	a14	a81	0
13	4963.37696474168	a7	a14
12	4963.50920579404	a7	a14	a51	0
13	4963.51008572138	a7	a14
12	4963.51265983719	a7	a14	a75	0
13	4963.51490907802	a7	a14
12	4963.55255552173	a7	a14	a77	0
13	4963.55299133806	a7	a14
12	4963.55304836399	a7	a14	a77	2
13	4963.5533120657	a7	a14
12	4963.55336494429	a7	a14	a77	5
13	4963.55373924174	a7	a14
12	4963.55385433043	a7	a14	a77	9
13	4963.55444083346	a7	a14
12	4963.64393248562	a7	a14	a83	0
13	4963.64519016653	a7	a14
12	4963.65207198635	a7	a14	a81	0
13	4963.65329579731	a7	a14
12	4963.71004350748	a7	a14	a51	0
13	4963.71285402168	a7	a14
12	4963.71491041119	a7	a14	a53	0
13	4963.72647561491	a7	a14
12	4963.72653125839	a7	a14	a53	4
13	4963.73181496979	a7	a14
12	4963.73307990854	a7	a14	a53	0
13	4963.73740558436	a7	a14
12	4963.73747954526	a7	a14	a53	4
13	4963.7411077767	a7	a14
12	4963.74877240698	a7	a14	a55	0
13	4963.75517106166	a7	a14
12	4963.77402452454	a7	a14	a57	0
13	4964.36740003758	a7	a14
12	4965.09431437485	a7	a14	a59	0
13	4967.3786603638	a7	a14
12	4967.3787668122	a7	a14	a59	5
13	4969.63205890028	a7	a14
12	4969.63215912767	a7	a14	a59	9
13	4971.60589283823	a7	a14
12	4971.60597405698	a7	a14	a59	13
13	4973.85678257951	a7	a14
12	4975.12837470696	a7	a14	a61	0
13	4976.22382860546	a7	a14
12	4976.22403424441	a7	a14	a61	5
13	4977.21089211379	a7	a14
12	4977.21105040394	a7	a14	a61	10
13	4978.18679754895	a7	a14
12	4978.18692542528	a7	a14	a61	15
13	4979.14307880719	a7	a14
12	4979.14506019897	a7	a14	a61	0
13	4979.4713563355	a7	a14
12	4979.47141197898	a7	a14	a61	5
13	4979.76825716162	a7	a14
12	4979.76834909433	a7	a14	a61	9
13	4980.06271036581	a7	a14
12	4980.06278017937	a7	a14	a61	13
13	4980.34753551976	a7	a14
12	4981.50278611468	a7	a14	a63	0
13	4981.84059768685	a7	a14
12	4983.28626059417	a7	a14	a65	0
13	5001.15769103235	a7	a14
12	5001.15803180547	a7	a14	a65	4
13	5042.09108812514	a7	a14
12	5042.09134767952	a7	a14	a65	11
13	5050.22610212245	a7	a14
12	5050.2263996941	a7	a14	a65	13
13	5056.08203379672	a7	a14
12	5058.10627900025	a7	a14	a79	0
13	5058.10663774517	a7	a14
12	5058.10669995528	a7	a14	a79	2
13	5058.10675041458	a7	a14
12	5058.1067863582	a7	a14	a79	4
13	5058.10681262469	a7	a14
12	5058.1068485683	a7	a14	a79	5
13	5058.10687829091	a7	a14
12	5058.10691285207	a7	a14	a79	7
13	5058.10694257468	a7	a14
12	5058.10698266563	a7	a14	a79	9
13	5058.10702068292	a7	a14
12	5058.10705766337	a7	a14	a79	10
13	5058.10708704036	a7	a14
12	5058.10712920499	a7	a14	a79	13
13	5058.1071620381	a7	a14
12	5058.10725466203	a7	a14	a79	15
13	5058.33281501593	a7	a14
12	5058.37966233384	a7	a14	a79	0
13	5058.3797024248	a7	a14
12	5058.37973629474	a7	a14	a79	2
13	5058.37976878224	a7	a14
12	5058.37980057852	a7	a14	a79	3
13	5058.37983099234	a7	a14
12	5058.37986071495	a7	a14	a79	5
13	5058.37989009194	a7	a14
12	5058.37991877771	a7	a14	a79	7
13	5059.87689292343	a7	a14
12	5060.01683143918	a7	a14	a79	0
13	5060.01701806949	a7	a14
12	5060.01706334462	a7	a14	a79	1
13	5060.01709721456	a7	a14
12	5060.01713108451	a7	a14	a79	3
13	5060.01715838783	a7	a14
12	5060.01719536828	a7	a14	a79	4
13	5060.0172226716	a7	a14
12	5060.01726483623	a7	a14	a79	6
13	5060.01729974301	a7	a14
12	5060.01734709181	a7	a14	a79	8
13	5060.01738303543	a7	a14
12	5060.01742520005	a7	a14	a79	10
13	5060.01745492266	a7	a14
12	5060.01750227146	a7	a14	a79	13
13	5060.01753199406	a7	a14
12	5060.01758245337	a7	a14	a79	14
13	5060.01761839698	a7	a14
12	5066.61001780664	a7	a14	a67	0
13	5111.00158776562	a7	a14
12	5111.46863356851	a7	a14	a51	0
13	5111.47175858934	a7	a14
12	5111.47442567469	a7	a14	a69	0
13	5111.49361991069	a7	a14
12	5111.49517170714	a7	a14	a51	0
13	5111.49590924247	a7	a14
12	5111.49593861947	a7	a14	a51	2
13	5111.49664781464	a7	a14
12	5111.49833474526	a7	a14	a71	0
13	5111.5179623783	a7	a14
12	5111.51876212374	a7	a14	a71	0
13	5111.52554371617	a7	a14
12	5111.52998344384	a7	a14	a73	0
13	5111.6638903445	a7	a14
12	5111.664188953	a7	a14	a73	5
13	5111.79622955058	a7	a14
12	5111.84601940636	a7	a14	a77	0
13	5111.84652676431	a7	a14
12	5111.84655406763	a7	a14	a77	2
13	5111.84704068888	a7	a14
12	5111.847079743	a7	a14	a77	5
13	5111.84735934285	a7	a14
12	5111.84740669165	a7	a14	a77	8
13	5111.84776128924	a7	a14
12	5111.84784458165	a7	a14	a77	12
13	5111.84820954759	a7	a14
12	5111.8970655606	a7	a14	a81	0
13	5111.89880536981	a7	a14
12	5111.93348197233	a7	a14	a81	0
13	5111.93526913034	a7	a14
12	5112.00737271316	a7	a14	a51	0
13	5112.00817038492	a7	a14
12	5112.01039958027	a7	a14	a75	0
13	5112.01258142682	a7	a14
12	5112.03856866043	a7	a14	a77	0
13	5112.0389495245	a7	a14
12	5112.03898857862	a7	a14	a77	3
13	5112.0392629943	a7	a14
12	5112.03930308526	a7	a14	a77	6
13	5112.03982634134	a7	a14
12	5112.03987057964	a7	a14	a77	12
13	5112.04017990209	a7	a14
12	5112.0402303614	a7	a14	a77	15
13	5112.04048680527	a7	a14
12	5112.11622173003	a7	a14	a83	0
13	5112.11739922903	a7	a14
12	5112.12407437306	a7	a14	a81	0
13	5112.12529922086	a7	a14
12	5112.15598366285	a7	a14	a51	0
13	5112.15882701016	a7	a14
12	5112.16166482768	a7	a14	a53	0
13	5112.17364372858	a7	a14
12	5112.17370593869	a7	a14	a53	7
13	5112.17808103697	a7	a14
12	5112.1787594727	a7	a14	a53	0
13	5112.18288780425	a7	a14
12	5112.18294483018	a7	a14	a53	4
13	5112.18681049684	a7	a14
12	5112.18948795054	a7	a14	a55	0
13	5112.19588453156	a7	a14
12	5112.20551292741	a7	a14	a57	0
13	5112.87866840435	a7	a14
12	5113.41181693442	a7	a14	a59	0
13	5115.63847273015	a7	a14
12	5115.63855498574	a7	a14	a59	4
13	5118.03747954203	a7	a14
12	5118.03757458524	a7	a14	a59	8
13	5119.96826961863	a7	a14
12	5119.96841926848	a7	a14	a59	12
13	5122.26574816028	a7	a14
12	5123.3815005241	a7	a14	a61	0
13	5124.47145332145	a7	a14
12	5124.47174156159	a7	a14	a61	4
13	5125.40015303939	a7	a14
12	5125.40032169789	a7	a14	a61	8
13	5126.3097228051	a7	a14
12	5126.30992637038	a7	a14	a61	12
13	5127.25018818154	a7	a14
12	5127.40844515328	a7	a14	a61	0
13	5127.71773719504	a7	a14
12	5127.71783120142	a7	a14	a61	4
13	5128.00557781092	a7	a14
12	5128.00566214017	a7	a14	a61	8
13	5128.28407066762	a7	a14
12	5128.28418644753	a7	a14	a61	12
13	5128.55887308278	a7	a14
12	5129.74697061198	a7	a14	a63	0
13	5130.07159225991	a7	a14
12	5131.56526408602	a7	a14	a65	0
13	5149.26622156193	a7	a14
12	5149.2665402159	a7	a14	a65	4
13	5191.62578042288	a7	a14
12	5191.62628155982	a7	a14	a65	10
13	5207.99580770162	a7	a14
12	5208.03147724651	a7	a14	a79	0
13	5208.03188852441	a7	a14
12	5208.0319265417	a7	a14	a79	2
13	5208.03197838345	a7	a14
12	5208.0320153639	a7	a14	a79	4
13	5208.03204370406	a7	a14
12	5208.03206893371	a7	a14	a79	5
13	5208.03209105286	a7	a14
12	5208.03211973863	a7	a14	a79	6
13	5208.03214496828	a7	a14
12	5208.03217019793	a7	a14	a79	7
13	5208.03219992054	a7	a14
12	5208.03222411335	a7	a14	a79	8
13	5208.03225141668	a7	a14
12	5208.03227802878	a7	a14	a79	9
13	5208.03230429526	a7	a14
12	5208.03232848808	a7	a14	a79	10
13	5208.03235821069	a7	a14
12	5208.03238344034	a7	a14	a79	11
13	5208.03240970683	a7	a14
12	5208.03243735576	a7	a14	a79	12
13	5208.03246465909	a7	a14
12	5208.03249196241	a7	a14	a79	13
13	5208.03252997969	a7	a14
12	5208.03256177597	a7	a14	a79	15
13	5208.25366028305	a7	a14
12	5208.2883050893	a7	a14	a79	0
13	5208.28833239262	a7	a14
12	5208.28836211523	a7	a14	a79	1
13	5208.28840220618	a7	a14
12	5208.28842743584	a7	a14	a79	2
13	5208.28846026895	a7	a14
12	5208.28849275644	a7	a14	a79	3
13	5208.28852247905	a7	a14
12	5208.28856153317	a7	a14	a79	4
13	5208.28859091016	a7	a14
12	5208.28863860457	a7	a14	a79	7
13	5209.79516683964	a7	a14
12	5209.99565237478	a7	a14	a79	0
13	5209.99576608102	a7	a14
12	5209.99582103328	a7	a14	a79	1
13	5209.99586112423	a7	a14
12	5209.99590017835	a7	a14	a79	2
13	5209.9959340483	a7	a14
12	5209.99596653579	a7	a14	a79	3
13	5209.99600247941	a7	a14
12	5209.99603842302	a7	a14	a79	4
13	5209.99607644031	a7	a14
12	5209.99611134709	a7	a14	a79	5
13	5209.99614279775	a7	a14
12	5209.99617874137	a7	a14	a79	6
13	5209.99621157448	a7	a14
12	5209.99624717248	a7	a14	a79	7
13	5216.66509795992	a7	a14
12	5216.82286139818	a7	a14	a67	0
13	5261.07378779357	a7	a14
12	5261.56395052506	a7	a14	a51	0
13	5261.56724731489	a7	a14
12	5261.56944713325	a7	a14	a69	0
13	5261.58933432067	a7	a14
12	5261.59103507576	a7	a14	a51	0
13	5261.59200451653	a7	a14
12	5261.59404915524	a7	a14	a71	0
13	5261.61379084014	a7	a14
12	5261.61477410538	a7	a14	a71	0
13	5261.62111400608	a7	a14
12	5261.63994604103	a7	a14	a73	0
13	5261.77674260097	a7	a14
12	5261.7768027374	a7	a14	a73	6
13	5261.90885508578	a7	a14
12	5261.95941185388	a7	a14	a77	0
13	5261.96013556475	a7	a14
12	5261.96016632419	a7	a14	a77	4
13	5261.96044799771	a7	a14
12	5261.96048394132	a7	a14	a77	6
13	5261.96076768851	a7	a14
12	5261.96079602867	a7	a14	a77	9
13	5261.96107355485	a7	a14
12	5261.96111468264	a7	a14	a77	13
13	5261.9613825317	a7	a14
12	5262.01047943605	a7	a14	a81	0
13	5262.01207339713	a7	a14
12	5262.06145404867	a7	a14	a81	0
13	5262.06321701387	a7	a14
12	5262.13452810909	a7	a14	a51	0
13	5262.1355576863	a7	a14
12	5262.13736523539	a7	a14	a75	0
13	5262.13940538115	a7	a14
12	5262.14851052092	a7	a14	a77	0
13	5262.14877214897	a7	a14
12	5262.14881431359	a7	a14	a77	2
13	5262.14922455466	a7	a14
12	5262.14926568245	a7	a14	a77	5
13	5262.14950726501	a7	a14
12	5262.14953491395	a7	a14	a77	8
13	5262.14983006632	a7	a14
12	5262.14986082576	a7	a14	a77	12
13	5262.15031115779	a7	a14
12	5262.22356286261	a7	a14	a83	0
13	5262.22478874725	a7	a14
12	5262.23121470526	a7	a14	a81	0
13	5262.23241536024	a7	a14
12	5262.26251122553	a7	a14	a51	0
13	5262.26526367697	a7	a14
12	5262.26770818839	a7	a14	a53	0
13	5262.27980183238	a7	a14
12	5262.27986093198	a7	a14	a53	6
13	5262.2838406505	a7	a14
12	5262.28496319724	a7	a14	a53	0
13	5262.28883819542	a7	a14
12	5262.28888900034	a7	a14	a53	4
13	5262.29223210214	a7	a14
12	5262.31028478275	a7	a14	a55	0
13	5262.31666339196	a7	a14
12	5262.32699752687	a7	a14	a57	0
13	5262.97633690278	a7	a14
12	5263.52437922269	a7	a14	a59	0
13	5265.8026562705	a7	a14
12	5265.80272608406	a7	a14	a59	5
13	5267.98850500369	a7	a14
12	5267.98859244345	a7	a14	a59	8
13	5269.94260969876	a7	a14
12	5269.94278181338	a7	a14	a59	12
13	5272.33185678234	a7	a14
12	5273.53277062955	a7	a14	a61	0
13	5274.6299418725	a7	a14
12	5274.63007285932	a7	a14	a61	5
13	5275.61009936819	a7	a14
12	5275.61027355648	a7	a14	a61	9
13	5276.57199439698	a7	a14
12	5276.5722138604	a7	a14	a61	15
13	5277.58863535307	a7	a14
12	5277.61205918484	a7	a14	a61	0
13	5277.92014020327	a7	a14
12	5277.92025840246	a7	a14	a61	5
13	5278.22397261729	a7	a14
12	5278.22409289016	a7	a14	a61	11
13	5278.52573412611	a7	a14
12	5278.52580048356	a7	a14	a61	15
13	5278.81228422797	a7	a14
12	5279.94904321544	a7	a14	a63	0
13	5280.2900050381	a7	a14
12	5281.78599384491	a7	a14	a65	0
13	5299.82952853249	a7	a14
12	5299.82995156119	a7	a14	a65	4
13	5341.75402553245	a7	a14
12	5341.7541838226	a7	a14	a65	11
13	5350.08169039366	a7	a14
12	5350.08194683753	a7	a14	a65	13
13	5355.80060293406	a7	a14
12	5357.65785444814	a7	a14	a79	0
13	5357.65812022352	a7	a14
12	5357.65816964599	a7	a14	a79	3
13	5357.65821941408	a7	a14
12	5357.65825190157	a7	a14	a79	4
13	5357.65828577152	a7	a14
12	5357.6583355396	a7	a14	a79	6
13	5357.6583649166	a7	a14
12	5357.65841019173	a7	a14	a79	7
13	5357.65844095117	a7	a14
12	5357.65847240183	a7	a14	a79	10
13	5357.6585041981	a7	a14
12	5357.65853150143	a7	a14	a79	11
13	5357.65856226087	a7	a14
12	5357.65859716764	a7	a14	a79	12
13	5357.65862447097	a7	a14
12	5357.65865177429	a7	a14	a79	13
13	5357.6586814969	a7	a14
12	5357.65870880022	a7	a14	a79	14
13	5357.65873852282	a7	a14
12	5357.65884704489	a7	a14	a79	15
13	5357.88552441575	a7	a14
12	5357.92152505663	a7	a14	a79	0
13	5357.92156411075	a7	a14
12	5357.92159798069	a7	a14	a79	1
13	5357.92162943136	a7	a14
12	5357.9216633013	a7	a14	a79	2
13	5357.9217075396	a7	a14
12	5357.92174037271	a7	a14	a79	3
13	5357.92176871286	a7	a14
12	5357.92180154597	a7	a14	a79	4
13	5357.92182988613	a7	a14
12	5357.92186479291	a7	a14	a79	5
13	5357.92189762602	a7	a14
12	5357.92192803985	a7	a14	a79	6
13	5357.92195776246	a7	a14
12	5357.92212538412	a7	a14	a79	7
13	5359.4348932925	a7	a14
12	5359.58129370987	a7	a14	a79	0
13	5359.58139497409	a7	a14
12	5359.58146167715	a7	a14	a79	1
13	5359.5814900173	a7	a14
12	5359.5815639782	a7	a14	a79	3
13	5359.58160510599	a7	a14
12	5359.58164001277	a7	a14	a79	4
13	5359.58166938977	a7	a14
12	5359.58170637022	a7	a14	a79	5
13	5359.58173574721	a7	a14
12	5359.58182249574	a7	a14	a79	6
13	5359.58185498324	a7	a14
12	5359.58195210012	a7	a14	a79	10
13	5359.5819838964	a7	a14
12	5359.5821674162	a7	a14	a79	11
13	5359.58220128615	a7	a14
12	5367.15711388073	a7	a14	a67	0
13	5411.20989729697	a7	a14
12	5411.68379346902	a7	a14	a51	0
13	5411.68745764408	a7	a14
12	5411.68996332877	a7	a14	a69	0
13	5411.70897473619	a7	a14
12	5411.72571063629	a7	a14	a51	0
13	5411.72641119117	a7	a14
12	5411.72853808546	a7	a14	a71	0
13	5411.74957546856	a7	a14
12	5411.75041184883	a7	a14	a71	0
13	5411.75702374592	a7	a14
12	5411.76145379646	a7	a14	a73	0
13	5411.89832328047	a7	a14
12	5411.8985133669	a7	a14	a73	6
13	5412.03394994487	a7	a14
12	5412.08269328847	a7	a14	a77	0
13	5412.08337587155	a7	a14
12	5412.083412852	a7	a14	a77	2
13	5412.08369141501	a7	a14
12	5412.08371664467	a7	a14	a77	3
13	5412.08397723587	a7	a14
12	5412.08402043733	a7	a14	a77	7
13	5412.08448874116	a7	a14
12	5412.08454680393	a7	a14	a77	12
13	5412.08483815457	a7	a14
12	5412.08492352066	a7	a14	a77	15
13	5412.08520519418	a7	a14
12	5412.13326388104	a7	a14	a81	0
13	5412.13497085714	a7	a14
12	5412.18729681144	a7	a14	a81	0
13	5412.18885932186	a7	a14
12	5412.2598455421	a7	a14	a51	0
13	5412.26063491919	a7	a14
12	5412.26309947609	a7	a14	a75	0
13	5412.26564075879	a7	a14
12	5412.27445040057	a7	a14	a77	0
13	5412.27482504364	a7	a14
12	5412.2749453165	a7	a14	a77	2
13	5412.27520901821	a7	a14
12	5412.27527433882	a7	a14	a77	6
13	5412.27558988229	a7	a14
12	5412.27566695369	a7	a14	a77	10
13	5412.27617120114	a7	a14
12	5412.27621958677	a7	a14	a77	15
13	5412.27647706748	a7	a14
12	5412.36109524931	a7	a14	a83	0
13	5412.36218945589	a7	a14
12	5412.36852901098	a7	a14	a81	0
13	5412.36965259456	a7	a14
12	5412.39967864629	a7	a14	a51	0
13	5412.40204608631	a7	a14
12	5412.40461398111	a7	a14	a53	0
13	5412.41344781571	a7	a14
12	5412.41350069429	a7	a14	a53	4
13	5412.41830400545	a7	a14
12	5412.41835481037	a7	a14	a53	7
13	5412.42220146839	a7	a14
12	5412.42333853083	a7	a14	a53	0
13	5412.42750280599	a7	a14
12	5412.42756708976	a7	a14	a53	4
13	5412.43091053717	a7	a14
12	5412.43317671298	a7	a14	a55	0
13	5412.43974437177	a7	a14
12	5412.4490465102	a7	a14	a57	0
13	5413.06463033872	a7	a14
12	5413.61368875697	a7	a14	a59	0
13	5415.7877580072	a7	a14
12	5415.78780950334	a7	a14	a59	5
13	5417.97859979236	a7	a14
12	5417.97874875099	a7	a14	a59	8
13	5419.83586927824	a7	a14
12	5419.83603586307	a7	a14	a59	12
13	5422.15930360284	a7	a14
12	5423.53459444188	a7	a14	a61	0
13	5424.62294049052	a7	a14
12	5424.62316099077	a7	a14	a61	4
13	5425.5671467678	a7	a14
12	5425.56728812298	a7	a14	a61	8
13	5426.50558202122	a7	a14
12	5426.50574445871	a7	a14	a61	12
13	5427.47579177586	a7	a14
12	5427.52490319591	a7	a14	a61	0
13	5427.83580198638	a7	a14
12	5427.83592329608	a7	a14	a61	4
13	5428.1209457943	a7	a14
12	5428.12100385706	a7	a14	a61	8
13	5428.40606748307	a7	a14
12	5428.40614248081	a7	a14	a61	12
13	5428.67341609108	a7	a14
12	5429.90333367067	a7	a14	a63	0
13	5430.25647277533	a7	a14
12	5431.73738116201	a7	a14	a65	0
13	5449.79492418229	a7	a14
12	5449.79516818414	a7	a14	a65	4
13	5491.28253967575	a7	a14
12	5491.28280337746	a7	a14	a65	11
13	5499.52946446382	a7	a14
12	5499.52973646021	a7	a14	a65	13
13	5505.20691846366	a7	a14
12	5506.02594107913	a7	a14	a79	0
13	5506.02675326659	a7	a14
12	5506.02681755036	a7	a14	a79	2
13	5506.02685764132	a7	a14
12	5506.02689047443	a7	a14	a79	3
13	5506.02691777775	a7	a14
12	5506.02695268453	a7	a14	a79	4
13	5506.02698344397	a7	a14
12	5506.27643558785	a7	a14	a79	0
13	5506.27647464197	a7	a14
12	5506.27652302761	a7	a14	a79	1
13	5506.27655689755	a7	a14
12	5506.27658869383	a7	a14	a79	2
13	5506.27661703398	a7	a14
12	5506.27664883026	a7	a14	a79	3
13	5506.27668235459	a7	a14
12	5506.27671726137	a7	a14	a79	4
13	5506.27674560153	a7	a14
12	5506.27677947147	a7	a14	a79	5
13	5506.27680573796	a7	a14
12	5506.27699789806	a7	a14	a79	6
13	5506.27703384167	a7	a14
12	5506.27708637465	a7	a14	a79	8
13	5506.27711506042	a7	a14
12	5506.27715826188	a7	a14	a79	10
13	5506.2771855652	a7	a14
12	5506.27721736147	a7	a14	a79	11
13	5506.27725019458	a7	a14
12	5506.27727957158	a7	a14	a79	12
13	5506.27730583807	a7	a14
12	5506.27735767982	a7	a14	a79	13
13	5506.27738601998	a7	a14
12	5506.2774250741	a7	a14	a79	15
13	5507.7775612211	a7	a14
12	5507.91232385629	a7	a14	a79	0
13	5507.91239021374	a7	a14
12	5507.91244205549	a7	a14	a79	1
13	5507.91247350615	a7	a14
12	5507.91251152344	a7	a14	a79	2
13	5507.91254539338	a7	a14
12	5507.912581337	a7	a14	a79	3
13	5507.91261175082	a7	a14
12	5507.91264769444	a7	a14	a79	4
13	5507.91268052755	a7	a14
12	5507.91271197821	a7	a14	a79	5
13	5507.91274584816	a7	a14
12	5507.91278075494	a7	a14	a79	6
13	5507.9128090951	a7	a14
12	5507.91284296504	a7	a14	a79	7
13	5515.02374491852	a7	a14
12	5515.09238374422	a7	a14	a67	0
13	5559.29967977524	a7	a14
12	5559.77099249996	a7	a14	a51	0
13	5559.77417627478	a7	a14
12	5559.77668195948	a7	a14	a69	0
13	5559.79587515864	a7	a14
12	5559.79868048866	a7	a14	a51	0
13	5559.79946537279	a7	a14
12	5559.79950961109	a7	a14	a51	3
13	5559.80055508643	a7	a14
12	5559.80180654633	a7	a14	a71	0
13	5559.82235730818	a7	a14
12	5559.8231981814	a7	a14	a71	0
13	5559.82959579925	a7	a14
12	5559.83462099311	a7	a14	a73	0
13	5559.97017680711	a7	a14
12	5559.97049753475	a7	a14	a73	6
13	5560.10062862779	a7	a14
12	5560.15001861085	a7	a14	a77	0
13	5560.15053875644	a7	a14
12	5560.1505702071	a7	a14	a77	3
13	5560.15111903845	a7	a14
12	5560.15116223991	a7	a14	a77	7
13	5560.15159598257	a7	a14
12	5560.15164955238	a7	a14	a77	12
13	5560.1519312259	a7	a14
12	5560.15198514133	a7	a14	a77	15
13	5560.15222050288	a7	a14
12	5560.2008401175	a7	a14	a81	0
13	5560.20268741194	a7	a14
12	5560.23881039936	a7	a14	a81	0
13	5560.24034456962	a7	a14
12	5560.31151327283	a7	a14	a51	0
13	5560.31229400962	a7	a14
12	5560.31236071268	a7	a14	a51	2
13	5560.31304744309	a7	a14
12	5560.31455292758	a7	a14	a75	0
13	5560.31664698876	a7	a14
12	5560.32522126898	a7	a14	a77	0
13	5560.32550708985	a7	a14
12	5560.32556307894	a7	a14	a77	3
13	5560.32584060512	a7	a14
12	5560.32589659421	a7	a14	a77	5
13	5560.32616133276	a7	a14
12	5560.32620660789	a7	a14	a77	9
13	5560.32653701266	a7	a14
12	5560.32659403859	a7	a14	a77	13
13	5560.35401521507	a7	a14
12	5560.42944842083	a7	a14	a83	0
13	5560.43073133139	a7	a14
12	5560.43739057729	a7	a14	a81	0
13	5560.43859745328	a7	a14
12	5560.47042034015	a7	a14	a51	0
13	5560.47302625223	a7	a14
12	5560.47558239623	a7	a14	a53	0
13	5560.48785541268	a7	a14
12	5560.48792937358	a7	a14	a53	7
13	5560.49402112509	a7	a14
12	5560.49478803741	a7	a14	a53	0
13	5560.49874563679	a7	a14
12	5560.49880473638	a7	a14	a53	4
13	5560.50218170813	a7	a14
12	5560.50482045333	a7	a14	a55	0
13	5560.5110680757	a7	a14
12	5560.52112261076	a7	a14	a57	0
13	5561.13505959962	a7	a14
12	5561.70069666466	a7	a14	a59	0
13	5563.89680937358	a7	a14
12	5563.8969044168	a7	a14	a59	5
13	5566.19020002026	a7	a14
12	5566.19030543182	a7	a14	a59	9
13	5568.17589016697	a7	a14
12	5568.17603048531	a7	a14	a59	13
13	5570.42794150911	a7	a14
12	5571.65384377217	a7	a14	a61	0
13	5572.75382138198	a7	a14
12	5572.75402840338	a7	a14	a61	4
13	5573.74005887838	a7	a14
12	5573.74017707758	a7	a14	a61	11
13	5574.68013716974	a7	a14
12	5574.68028267226	a7	a14	a61	12
13	5575.64944660595	a7	a14
12	5575.66758257897	a7	a14	a61	0
13	5575.97850901839	a7	a14
12	5575.97859334764	a7	a14	a61	4
13	5576.27589750259	a7	a14
12	5576.27594277772	a7	a14	a61	9
13	5576.56742510389	a7	a14
12	5576.567487314	a7	a14	a61	13
13	5576.84607314024	a7	a14
12	5578.09902815773	a7	a14	a63	0
13	5578.43831791107	a7	a14
12	5579.90773367247	a7	a14	a65	0
13	5597.57869792977	a7	a14
12	5597.57910091299	a7	a14	a65	4
13	5639.73698429778	a7	a14
12	5639.73728083261	a7	a14	a65	10
13	5656.09460480836	a7	a14
12	5656.12780426655	a7	a14	a79	0
13	5656.12802580364	a7	a14
12	5656.12806382093	a7	a14	a79	1
13	5656.1281163539	a7	a14
12	5656.12829468953	a7	a14	a79	2
13	5656.12833270682	a7	a14
12	5656.1283855854	a7	a14	a79	4
13	5656.12842049218	a7	a14
12	5656.12844572184	a7	a14	a79	6
13	5656.12847509883	a7	a14
12	5656.12850274776	a7	a14	a79	7
13	5656.12852901425	a7	a14
12	5656.12855631757	a7	a14	a79	8
13	5656.12859329802	a7	a14
12	5656.12862198379	a7	a14	a79	10
13	5656.12865239762	a7	a14
12	5656.1287021657	a7	a14	a79	11
13	5656.12872946903	a7	a14
12	5656.12877267049	a7	a14	a79	13
13	5656.12880654043	a7	a14
12	5656.34985113209	a7	a14	a79	0
13	5656.34989225988	a7	a14
12	5656.34995446999	a7	a14	a79	1
13	5656.34998626626	a7	a14
12	5656.35016874923	a7	a14	a79	3
13	5656.35021195069	a7	a14
12	5656.35025307848	a7	a14	a79	6
13	5656.35028591159	a7	a14
12	5656.35032496571	a7	a14	a79	8
13	5656.3503512322	a7	a14
12	5656.35039132315	a7	a14	a79	10
13	5656.35042415626	a7	a14
12	5656.35045871743	a7	a14	a79	11
13	5656.35048636636	a7	a14
12	5656.35051470652	a7	a14	a79	12
13	5656.35054097301	a7	a14
12	5656.35059799894	a7	a14	a79	13
13	5656.35062668471	a7	a14
12	5658.06030339292	a7	a14	a79	0
13	5658.06041087815	a7	a14
12	5658.06046375674	a7	a14	a79	1
13	5658.06048898639	a7	a14
12	5658.06066939569	a7	a14	a79	2
13	5658.06070084635	a7	a14
12	5658.06075890912	a7	a14	a79	4
13	5658.06079070539	a7	a14
12	5658.06082664901	a7	a14	a79	6
13	5658.06085291549	a7	a14
12	5658.0608857486	a7	a14	a79	7
13	5664.71572371039	a7	a14
12	5664.78486989404	a7	a14	a67	0
13	5708.9454209082	a7	a14
12	5709.42686385695	a7	a14	a51	0
13	5709.43037492603	a7	a14
12	5709.43263591765	a7	a14	a69	0
13	5709.45172335964	a7	a14
12	5709.45552785303	a7	a14	a51	0
13	5709.45628647068	a7	a14
12	5709.45837742135	a7	a14	a71	0
13	5709.47812429043	a7	a14
12	5709.47901354929	a7	a14	a71	0
13	5709.4856054009	a7	a14
12	5709.50179074159	a7	a14	a73	0
13	5709.62868898296	a7	a14
12	5709.62899381246	a7	a14	a73	4
13	5709.76224681583	a7	a14
12	5709.81837830036	a7	a14	a77	0
13	5709.81885006031	a7	a14
12	5709.81888047413	a7	a14	a77	2
13	5709.81926133821	a7	a14
12	5709.81928656786	a7	a14	a77	4
13	5709.81954715907	a7	a14
12	5709.81957377117	a7	a14	a77	8
13	5709.81983747288	a7	a14
12	5709.81987237966	a7	a14	a77	9
13	5709.82013400771	a7	a14
12	5709.82017409866	a7	a14	a77	13
13	5709.82042708641	a7	a14
12	5709.86954403624	a7	a14	a81	0
13	5709.87199580552	a7	a14
12	5709.90542544109	a7	a14	a81	0
13	5709.90713034352	a7	a14
12	5709.97713433537	a7	a14	a51	0
13	5709.97803534503	a7	a14
12	5709.97809133412	a7	a14	a51	3
13	5709.97855756428	a7	a14
12	5709.98005579092	a7	a14	a75	0
13	5709.98253590035	a7	a14
12	5709.9906228681	a7	a14	a77	0
13	5709.99104693364	a7	a14
12	5709.9910901351	a7	a14	a77	3
13	5709.99137180862	a7	a14
12	5709.99139600144	a7	a14	a77	4
13	5709.99181695647	a7	a14
12	5709.99187812973	a7	a14	a77	10
13	5709.99214528756	a7	a14
12	5709.99217777506	a7	a14	a77	12
13	5709.99254827078	a7	a14
12	5710.06559191738	a7	a14	a83	0
13	5710.06680294071	a7	a14
12	5710.07325136348	a7	a14	a81	0
13	5710.07446342365	a7	a14
12	5710.1040612625	a7	a14	a51	0
13	5710.1069782251	a7	a14
12	5710.10926997617	a7	a14	a53	0
13	5710.12120118266	a7	a14
12	5710.12125613492	a7	a14	a53	7
13	5710.12572178346	a7	a14
12	5710.12644238382	a7	a14	a53	0
13	5710.13027659982	a7	a14
12	5710.13032809596	a7	a14	a53	4
13	5710.14850623361	a7	a14
12	5710.15012058578	a7	a14	a55	0
13	5710.15584080473	a7	a14
12	5710.16601008287	a7	a14	a57	0
13	5710.84819881234	a7	a14
12	5711.33196599965	a7	a14	a59	0
13	5713.61588343012	a7	a14
12	5713.61597086987	a7	a14	a59	5
13	5715.8762788751	a7	a14
12	5715.876352836	a7	a14	a59	9
13	5717.86595807185	a7	a14
12	5717.86608249205	a7	a14	a59	13
13	5720.118116208	a7	a14
12	5721.37878562385	a7	a14	a61	0
13	5722.49678515482	a7	a14
12	5722.49699839723	a7	a14	a61	7
13	5723.37976943311	a7	a14
12	5723.37987933762	a7	a14	a61	9
13	5724.2562306365	a7	a14
12	5724.2564110458	a7	a14	a61	13
13	5725.13312938428	a7	a14
12	5725.37823407881	a7	a14	a61	0
13	5725.69036739422	a7	a14
12	5725.69042960432	a7	a14	a61	4
13	5726.0723488306	a7	a14
12	5726.07245735267	a7	a14	a61	11
13	5726.3568235343	a7	a14
12	5726.35691857751	a7	a14	a61	15
13	5726.65198800733	a7	a14
12	5727.77573333253	a7	a14	a63	0
13	5728.13212602557	a7	a14
12	5729.60316339699	a7	a14	a65	0
13	5747.51368908305	a7	a14
12	5747.51398319859	a7	a14	a65	4
13	5787.59791308843	a7	a14
12	5787.59818854094	a7	a14	a65	10
13	5806.80972136472	a7	a14
12	5808.11107480535	a7	a14	a79	0
13	5808.11136719284	a7	a14
12	5808.11142732927	a7	a14	a79	1
13	5808.11147053073	a7	a14
12	5808.11157179495	a7	a14	a79	4
13	5808.11160981224	a7	a14
12	5808.11164437341	a7	a14	a79	5
13	5808.11167513285	a7	a14
12	5808.1118513948	a7	a14	a79	6
13	5808.1118956331	a7	a14
12	5808.11196302738	a7	a14	a79	10
13	5808.11199689732	a7	a14
12	5808.11203698828	a7	a14	a79	13
13	5808.11206532844	a7	a14
12	5808.3716259228	a7	a14	a79	0
13	5808.37165426296	a7	a14
12	5808.37168916974	a7	a14	a79	1
13	5808.37186232119	a7	a14
12	5808.37190344898	a7	a14	a79	3
13	5808.37193835576	a7	a14
12	5808.37197395376	a7	a14	a79	5
13	5808.3720047132	a7	a14
12	5808.37204065682	a7	a14	a79	7
13	5809.92325337189	a7	a14
12	5810.05745577055	a7	a14	a79	0
13	5810.05757189607	a7	a14
12	5810.05762477466	a7	a14	a79	3
13	5810.05766486562	a7	a14
12	5810.05769735312	a7	a14	a79	4
13	5810.05773018622	a7	a14
12	5810.05777753503	a7	a14	a79	6
13	5810.05781140497	a7	a14
12	5810.05784734858	a7	a14	a79	7
13	5816.92405519421	a7	a14
12	5817.18840769455	a7	a14	a67	0
13	5861.32816221696	a7	a14
12	5861.79667237655	a7	a14	a51	0
13	5861.80024669257	a7	a14
12	5861.80281147686	a7	a14	a69	0
13	5861.82228634954	a7	a14
12	5861.82383192499	a7	a14	a51	0
13	5861.82491852811	a7	a14
12	5861.82496276641	a7	a14	a51	3
13	5861.82585444455	a7	a14
12	5861.82724380351	a7	a14	a71	0
13	5861.84697373762	a7	a14
12	5861.84798776229	a7	a14	a71	0
13	5861.85456578944	a7	a14
12	5861.87588588289	a7	a14	a73	0
13	5862.00841897712	a7	a14
12	5862.00867956833	a7	a14	a73	4
13	5862.14021902898	a7	a14
12	5862.19525043153	a7	a14	a77	0
13	5862.19589603415	a7	a14
12	5862.19593405143	a7	a14	a77	3
13	5862.19630523838	a7	a14
12	5862.19633081365	a7	a14	a77	7
13	5862.19668713929	a7	a14
12	5862.19672619341	a7	a14	a77	10
13	5862.19699749858	a7	a14
12	5862.19704484738	a7	a14	a77	14
13	5862.19733412436	a7	a14
12	5862.24681673135	a7	a14	a81	0
13	5862.24879086528	a7	a14
12	5862.28496845934	a7	a14	a81	0
13	5862.28675250684	a7	a14
12	5862.37400528653	a7	a14	a51	0
13	5862.37496643262	a7	a14
12	5862.37500756041	a7	a14	a51	2
13	5862.37547828352	a7	a14
12	5862.37744170348	a7	a14	a75	0
13	5862.37933427306	a7	a14
12	5862.38861947651	a7	a14	a77	0
13	5862.38891601133	a7	a14
12	5862.38894124099	a7	a14	a77	1
13	5862.3893086262	a7	a14
12	5862.38933385586	a7	a14	a77	3
13	5862.38960274175	a7	a14
12	5862.38962589773	a7	a14	a77	4
13	5862.38987923109	a7	a14
12	5862.38992035888	a7	a14	a77	8
13	5862.39027703014	a7	a14
12	5862.3903202316	a7	a14	a77	12
13	5862.3906399224	a7	a14
12	5862.46631056339	a7	a14	a83	0
13	5862.46756617064	a7	a14
12	5862.4747424516	a7	a14	a81	0
13	5862.47598734488	a7	a14
12	5862.50661026799	a7	a14	a51	0
13	5862.50906445654	a7	a14
12	5862.51187497074	a7	a14	a53	0
13	5862.52375018814	a7	a14
12	5862.52382518588	a7	a14	a53	4
13	5862.52737323541	a7	a14
12	5862.52887975673	a7	a14	a53	0
13	5862.53282353164	a7	a14
12	5862.53288885225	a7	a14	a53	4
13	5862.53634738835	a7	a14
12	5862.53939948512	a7	a14	a55	0
13	5862.54597647543	a7	a14
12	5862.55584645385	a7	a14	a57	0
13	5863.24355598433	a7	a14
12	5863.80720094364	a7	a14	a59	0
13	5866.07700739473	a7	a14
12	5866.07707720829	a7	a14	a59	5
13	5868.36175498446	a7	a14
12	5868.36192813591	a7	a14	a59	8
13	5870.29204392412	a7	a14
12	5870.29226649804	a7	a14	a59	12
13	5872.62764792727	a7	a14
12	5873.6519255191	a7	a14	a61	0
13	5874.73650923896	a7	a14
12	5874.73656730173	a7	a14	a61	4
13	5875.7211589953	a7	a14
12	5875.72127512083	a7	a14	a61	10
13	5876.74458292627	a7	a14
12	5876.74467693265	a7	a14	a61	15
13	5877.63374950633	a7	a14
12	5877.63575958387	a7	a14	a61	0
13	5877.96713033673	a7	a14
12	5877.96720084151	a7	a14	a61	5
13	5878.25474492257	a7	a14
12	5878.25481128001	a7	a14	a61	9
13	5878.54566286486	a7	a14
12	5878.54574719411	a7	a14	a61	13
13	5878.81333427418	a7	a14
12	5880.12469973963	a7	a14	a63	0
13	5880.46469765131	a7	a14
12	5881.95415232366	a7	a14	a65	0
13	5899.97248569859	a7	a14
12	5899.97282232437	a7	a14	a65	4
13	5941.57415235597	a7	a14
12	5941.57440672616	a7	a14	a65	11
13	5949.77894258702	a7	a14
12	5949.77918313275	a7	a14	a65	13
13	5955.37483292108	a7	a14
12	5956.47984194575	a7	a14	a79	0
13	5956.48009424228	a7	a14
12	5956.48014055424	a7	a14	a79	1
13	5956.48018168203	a7	a14
12	5956.48022384666	a7	a14	a79	2
13	5956.48024803948	a7	a14
12	5956.48043155928	a7	a14	a79	4
13	5956.48046439239	a7	a14
12	5956.48049169571	a7	a14	a79	5
13	5956.48052141832	a7	a14
12	5956.48058362842	a7	a14	a79	7
13	5956.48062268254	a7	a14
12	5956.48066484717	a7	a14	a79	9
13	5956.48069975395	a7	a14
12	5956.48074502908	a7	a14	a79	12
13	5956.48077889902	a7	a14
12	5956.48080412867	a7	a14	a79	13
13	5956.48083696178	a7	a14
12	5956.48086219144	a7	a14	a79	15
13	5956.7049243187	a7	a14
12	5956.7377512075	a7	a14	a79	0
13	5956.73778611428	a7	a14
12	5956.73781894739	a7	a14	a79	1
13	5956.73784832438	a7	a14
12	5956.73788219432	a7	a14	a79	2
13	5956.73791468182	a7	a14
12	5956.73794751493	a7	a14	a79	3
13	5956.73798449538	a7	a14
12	5956.73801490921	a7	a14	a79	4
13	5956.73805188966	a7	a14
12	5956.73808472277	a7	a14	a79	5
13	5956.7381151366	a7	a14
12	5956.73814900654	a7	a14	a79	6
13	5956.73818183965	a7	a14
12	5956.73821225348	a7	a14	a79	7
13	5958.19771932796	a7	a14
12	5958.36452500466	a7	a14	a79	0
13	5958.36458099375	a7	a14
12	5958.36462108471	a7	a14	a79	1
13	5958.36465080731	a7	a14
12	5958.36468122114	a7	a14	a79	2
13	5958.36484676913	a7	a14
12	5958.36491139852	a7	a14	a79	3
13	5958.36493973868	a7	a14
12	5958.36499883827	a7	a14	a79	6
13	5958.36503167138	a7	a14
12	5958.36506312205	a7	a14	a79	7
13	5965.13784245284	a7	a14
12	5965.3712741128	a7	a14	a67	0
13	6009.75559175624	a7	a14
12	6010.2262754677	a7	a14	a51	0
13	6010.23039101161	a7	a14
12	6010.23248956575	a7	a14	a69	0
13	6010.25159601637	a7	a14
12	6010.254596617	a7	a14	a51	0
13	6010.25516100088	a7	a14
12	6010.25537735379	a7	a14	a51	1
13	6010.25636995054	a7	a14
12	6010.25766979608	a7	a14	a71	0
13	6010.27987085371	a7	a14
12	6010.28076840725	a7	a14	a71	0
13	6010.287541705	a7	a14
12	6010.29160886327	a7	a14	a73	0
13	6010.42783585516	a7	a14
12	6010.42790981606	a7	a14	a73	5
13	6010.55691594308	a7	a14
12	6010.61208109735	a7	a14	a77	0
13	6010.61276713654	a7	a14
12	6010.61279962403	a7	a14	a77	2
13	6010.6131269183	a7	a14
12	6010.61316355314	a7	a14	a77	5
13	6010.61352782785	a7	a14
12	6010.61356446269	a7	a14	a77	9
13	6010.61385062916	a7	a14
12	6010.61389383062	a7	a14	a77	11
13	6010.61413333952	a7	a14
12	6010.61415753233	a7	a14	a77	15
13	6010.61441604987	a7	a14
12	6010.66318877047	a7	a14	a81	0
13	6010.66509723818	a7	a14
12	6010.71750579367	a7	a14	a81	0
13	6010.71902164651	a7	a14
12	6010.7923818734	a7	a14	a51	0
13	6010.79317090487	a7	a14
12	6010.79550378373	a7	a14	a75	0
13	6010.79741328827	a7	a14
12	6010.80573527197	a7	a14	a77	0
13	6010.80598964217	a7	a14
12	6010.80620599508	a7	a14	a77	3
13	6010.80645898283	a7	a14
12	6010.80648663177	a7	a14	a77	5
13	6010.80672061087	a7	a14
12	6010.80676623162	a7	a14	a77	9
13	6010.80719962867	a7	a14
12	6010.80728845087	a7	a14	a77	13
13	6010.80780099299	a7	a14
12	6010.8835075776	a7	a14	a83	0
13	6010.88476629534	a7	a14
12	6010.89144869722	a7	a14	a81	0
13	6010.892661103	a7	a14
12	6010.92297712293	a7	a14	a51	0
13	6010.92608728246	a7	a14
12	6010.92869941555	a7	a14	a53	0
13	6010.9405169158	a7	a14
12	6010.9405611541	a7	a14	a53	7
13	6010.94489961755	a7	a14
12	6010.94566341936	a7	a14	a53	0
13	6010.94965972725	a7	a14
12	6010.94971260583	a7	a14	a53	4
13	6010.95314141933	a7	a14
12	6010.95540759513	a7	a14	a55	0
13	6010.96187917388	a7	a14
12	6010.97224268579	a7	a14	a57	0
13	6011.62904831087	a7	a14
12	6012.15092609837	a7	a14	a59	0
13	6014.36551244294	a7	a14
12	6014.36560748615	a7	a14	a59	4
13	6016.78377673775	a7	a14
12	6016.78388975277	a7	a14	a59	9
13	6018.7432771224	a7	a14
12	6018.74341225657	a7	a14	a59	13
13	6021.08092472743	a7	a14
12	6022.19051794546	a7	a14	a61	0
13	6023.28591343558	a7	a14
12	6023.28602748744	a7	a14	a61	4
13	6024.26979524276	a7	a14
12	6024.26991551563	a7	a14	a61	10
13	6025.24772872728	a7	a14
12	6025.24782895467	a7	a14	a61	14
13	6026.17865729496	a7	a14
12	6026.2014206628	a7	a14	a61	0
13	6026.51900012709	a7	a14
12	6026.51907616166	a7	a14	a61	4
13	6026.80731941514	a7	a14
12	6026.80739026554	a7	a14	a61	9
13	6027.10384905432	a7	a14
12	6027.10390296974	a7	a14	a61	13
13	6027.39206396765	a7	a14
12	6028.56773537442	a7	a14	a63	0
13	6028.90018858308	a7	a14
12	6030.43231523861	a7	a14	a65	0
13	6048.54457930215	a7	a14
12	6048.54495912939	a7	a14	a65	4
13	6091.30155046987	a7	a14
12	6091.30200287556	a7	a14	a65	10
13	6107.91591000103	a7	a14
12	6107.95178414804	a7	a14	a79	0
13	6107.95204473924	a7	a14
12	6107.9520879407	a7	a14	a79	2
13	6107.95212906849	a7	a14
12	6107.95216501211	a7	a14	a79	3
13	6107.95219542594	a7	a14
12	6107.95223136955	a7	a14	a79	4
13	6107.95239795438	a7	a14
12	6107.9525669585	a7	a14	a79	8
13	6107.9526174178	a7	a14
12	6107.95273458016	a7	a14	a79	11
13	6107.95277052378	a7	a14
12	6107.95281787258	a7	a14	a79	14
13	6107.95285174252	a7	a14
12	6108.17167335984	a7	a14	a79	0
13	6108.17171241396	a7	a14
12	6108.17174524707	a7	a14	a79	1
13	6108.1717725504	a7	a14
12	6108.17194259134	a7	a14	a79	2
13	6108.17197715251	a7	a14
12	6108.17200791195	a7	a14	a79	3
13	6108.17204281873	a7	a14
12	6108.17207323256	a7	a14	a79	5
13	6108.17210813934	a7	a14
12	6108.1721364795	a7	a14	a79	7
13	6109.70887359487	a7	a14
12	6109.85290242488	a7	a14	a79	0
13	6109.85294044216	a7	a14
12	6109.85297742261	a7	a14	a79	1
13	6109.85300576277	a7	a14
12	6109.85303755905	a7	a14	a79	3
13	6109.85307004654	a7	a14
12	6109.85311463045	a7	a14	a79	4
13	6109.85315022845	a7	a14
12	6109.85319031941	a7	a14	a79	6
13	6109.85322211568	a7	a14
12	6109.85325909613	a7	a14	a79	8
13	6109.85328950996	a7	a14
12	6109.85332649041	a7	a14	a79	9
13	6109.85335724985	a7	a14
12	6109.85340563549	a7	a14	a79	11
13	6109.85343190198	a7	a14
12	6109.8534858174	a7	a14	a79	13
13	6109.85351554	a7	a14
12	6109.85355563096	a7	a14	a79	14
13	6109.85358293428	a7	a14
12	6116.69843405161	a7	a14	a67	0
13	6160.7820484492	a7	a14
12	6161.2431303769	a7	a14	a51	0
13	6161.2464852295	a7	a14
12	6161.2491270852	a7	a14	a69	0
13	6161.26852592331	a7	a14
12	6161.27059890218	a7	a14	a51	0
13	6161.27138378631	a7	a14
12	6161.27141972993	a7	a14	a51	3
13	6161.27291899341	a7	a14
12	6161.27402460518	a7	a14	a71	0
13	6161.29312587163	a7	a14
12	6161.29397192903	a7	a14	a71	0
13	6161.30100063381	a7	a14
12	6161.30518599128	a7	a14	a73	0
13	6161.43718753475	a7	a14
12	6161.43750929922	a7	a14	a73	4
13	6161.56466605813	a7	a14
12	6161.63509860846	a7	a14	a77	0
13	6161.63576218289	a7	a14
12	6161.63579708967	a7	a14	a77	3
13	6161.63610088234	a7	a14
12	6161.63615583459	a7	a14	a77	5
13	6161.6365377355	a7	a14
12	6161.63658093696	a7	a14	a77	9
13	6161.63686468415	a7	a14
12	6161.63692274692	a7	a14	a77	12
13	6161.63719370648	a7	a14
12	6161.6372476219	a7	a14	a77	15
13	6161.63752514808	a7	a14
12	6161.69892444587	a7	a14	a81	0
13	6161.70102403684	a7	a14
12	6161.73494824274	a7	a14	a81	0
13	6161.73639048029	a7	a14
12	6161.80869970205	a7	a14	a51	0
13	6161.80962283086	a7	a14
12	6161.80968089362	a7	a14	a51	2
13	6161.81018410423	a7	a14
12	6161.81227954786	a7	a14	a75	0
13	6161.81446243124	a7	a14
12	6161.82275054499	a7	a14	a77	0
13	6161.82300491519	a7	a14
12	6161.82306297795	a7	a14	a77	2
13	6161.82330663419	a7	a14
12	6161.82333704802	a7	a14	a77	3
13	6161.82372966289	a7	a14
12	6161.82377286435	a7	a14	a77	7
13	6161.8240376029	a7	a14
12	6161.82408529731	a7	a14	a77	9
13	6161.82450314183	a7	a14
12	6161.82455878532	a7	a14	a77	13
13	6161.82484045884	a7	a14
12	6161.82489126375	a7	a14	a77	15
13	6161.82515807597	a7	a14
12	6161.90802711708	a7	a14	a83	0
13	6161.91736001495	a7	a14
12	6161.92360452682	a7	a14	a81	0
13	6161.92479688712	a7	a14
12	6161.9550403286	a7	a14	a51	0
13	6161.95741710014	a7	a14
12	6161.96048198454	a7	a14	a53	0
13	6161.97269486455	a7	a14
12	6161.97272355032	a7	a14	a53	7
13	6161.97715878504	a7	a14
12	6161.97801244589	a7	a14	a53	0
13	6161.98183041815	a7	a14
12	6161.98187258277	a7	a14	a53	4
13	6161.98529517526	a7	a14
12	6161.98796744479	a7	a14	a55	0
13	6161.99509326645	a7	a14
12	6162.00431937031	a7	a14	a57	0
13	6162.62582732868	a7	a14
12	6163.20290586845	a7	a14	a59	0
13	6165.48687721434	a7	a14
12	6165.48698158907	a7	a14	a59	5
13	6167.73915216725	a7	a14
12	6167.73925032096	a7	a14	a59	8
13	6169.69340063677	a7	a14
12	6169.6934901502	a7	a14	a59	12
13	6171.99376365353	a7	a14
12	6173.08839119449	a7	a14	a61	0
13	6174.66848771469	a7	a14
12	6174.66865429952	a7	a14	a61	7
13	6175.52682538708	a7	a14
12	6175.52698471406	a7	a14	a61	11
13	6176.36219336145	a7	a14
12	6176.36233367979	a7	a14	a61	15
13	6177.25643490345	a7	a14
12	6177.25881063815	a7	a14	a61	0
13	6177.55621709417	a7	a14
12	6177.55630764443	a7	a14	a61	4
13	6177.81834212721	a7	a14
12	6177.81842127229	a7	a14	a61	8
13	6178.07652269413	a7	a14
12	6178.07657660955	a7	a14	a61	12
13	6178.36223295959	a7	a14
12	6179.7220918914	a7	a14	a63	0
13	6180.06236698365	a7	a14
12	6181.56987226294	a7	a14	a65	0
13	6199.32624407915	a7	a14
12	6199.3264199955	a7	a14	a65	4
13	6241.75980946083	a7	a14
12	6241.76014401294	a7	a14	a65	11
13	6250.07980969177	a7	a14
12	6250.0804763767	a7	a14	a65	13
13	6255.87082235887	a7	a14
12	6258.25801512661	a7	a14	a79	0
13	6258.25823147953	a7	a14
12	6258.25832444907	a7	a14	a79	1
13	6258.25837490837	a7	a14
12	6258.25840981515	a7	a14	a79	2
13	6258.25844022898	a7	a14
12	6258.25848481289	a7	a14	a79	3
13	6258.25851522672	a7	a14
12	6258.25855428084	a7	a14	a79	5
13	6258.25872639546	a7	a14
12	6258.25877063375	a7	a14	a79	6
13	6258.25879897391	a7	a14
12	6258.25882662284	a7	a14	a79	8
13	6258.25885288933	a7	a14
12	6258.25889816446	a7	a14	a79	10
13	6258.2589258134	a7	a14
12	6258.25895311672	a7	a14	a79	11
13	6258.25898145688	a7	a14
12	6258.25903329863	a7	a14	a79	12
13	6258.25905956512	a7	a14
12	6258.2590975824	a7	a14	a79	14
13	6258.25913145235	a7	a14
12	6258.52627856875	a7	a14	a79	0
13	6258.52634907353	a7	a14
12	6258.52638294348	a7	a14	a79	1
13	6258.52641577659	a7	a14
12	6258.52645275704	a7	a14	a79	2
13	6258.52648628137	a7	a14
12	6258.52652222498	a7	a14	a79	3
13	6258.52655505809	a7	a14
12	6258.52658650876	a7	a14	a79	4
13	6258.5266203787	a7	a14
12	6258.52665735915	a7	a14	a79	5
13	6258.52668777298	a7	a14
12	6258.52672267976	a7	a14	a79	6
13	6258.52675551287	a7	a14
12	6258.5267890372	a7	a14	a79	7
13	6260.06755840407	a7	a14
12	6260.21326379635	a7	a14	a79	0
13	6260.21331978544	a7	a14
12	6267.5806763211	a7	a14	a67	0
13	6312.40060534809	a7	a14
12	6312.87142626739	a7	a14	a51	0
13	6312.87412895075	a7	a14
12	6312.87732585881	a7	a14	a69	0
13	6312.896975611	a7	a14
12	6312.89907727564	a7	a14	a51	0
13	6312.89982310565	a7	a14
12	6312.89986215977	a7	a14	a51	2
13	6312.90067572967	a7	a14
12	6312.90213593903	a7	a14	a71	0
13	6312.92134572755	a7	a14
12	6312.92245133932	a7	a14	a71	0
13	6312.92911922551	a7	a14
12	6312.93305747063	a7	a14	a73	0
13	6313.06209988687	a7	a14
12	6313.06217246532	a7	a14	a73	4
13	6313.19391030707	a7	a14
12	6313.24305144972	a7	a14	a77	0
13	6313.24405164993	a7	a14
12	6313.24410521974	a7	a14	a77	2
13	6313.24441661586	a7	a14
12	6313.24445981733	a7	a14	a77	6
13	6313.24483342355	a7	a14
12	6313.24486798472	a7	a14	a77	9
13	6313.24515415119	a7	a14
12	6313.24519424215	a7	a14	a77	13
13	6313.24545690703	a7	a14
12	6313.29431914105	a7	a14	a81	0
13	6313.29603372061	a7	a14
12	6313.33167146922	a7	a14	a81	0
13	6313.33312718562	a7	a14
12	6313.41740597678	a7	a14	a51	0
13	6313.41806955121	a7	a14
12	6313.41825825519	a7	a14	a51	3
13	6313.41871826434	a7	a14
12	6313.42057938325	a7	a14	a75	0
13	6313.42266307608	a7	a14
12	6313.43198422315	a7	a14	a77	0
13	6313.43226174933	a7	a14
12	6313.43229423683	a7	a14	a77	2
13	6313.43253478256	a7	a14
12	6313.43258144014	a7	a14	a77	5
13	6313.43282924371	a7	a14
12	6313.4328703715	a7	a14	a77	8
13	6313.43313614689	a7	a14
12	6313.43318073079	a7	a14	a77	11
13	6313.43352772492	a7	a14
12	6313.43357714739	a7	a14	a77	15
13	6313.43404994418	a7	a14
12	6313.50763170816	a7	a14	a83	0
13	6313.50887971194	a7	a14
12	6313.51479727516	a7	a14	a81	0
13	6313.51598410568	a7	a14
12	6313.54603123972	a7	a14	a51	0
13	6313.54788924813	a7	a14
12	6313.5644616739	a7	a14	a53	0
13	6313.57656603185	a7	a14
12	6313.57664068397	a7	a14	a53	5
13	6313.58144952492	a7	a14
12	6313.58543442761	a7	a14	a53	0
13	6313.5896408674	a7	a14
12	6313.5896882162	a7	a14	a53	4
13	6313.5934484713	a7	a14
12	6313.59582973579	a7	a14	a55	0
13	6313.6015931562	a7	a14
12	6313.62009824251	a7	a14	a57	0
13	6314.25498828521	a7	a14
12	6314.79914904031	a7	a14	a59	0
13	6317.04394910375	a7	a14
12	6317.04406108193	a7	a14	a59	4
13	6319.45050891333	a7	a14
12	6319.45062711252	a7	a14	a59	9
13	6321.43546498082	a7	a14
12	6321.43555138374	a7	a14	a59	13
13	6323.74278066779	a7	a14
12	6324.75901587576	a7	a14	a61	0
13	6325.85405158413	a7	a14
12	6325.85430802799	a7	a14	a61	5
13	6326.72582836678	a7	a14
12	6326.72593170467	a7	a14	a61	8
13	6327.56923354082	a7	a14
12	6327.56936418204	a7	a14	a61	12
13	6328.42831185905	a7	a14
12	6328.77363115379	a7	a14	a61	0
13	6329.09385765796	a7	a14
12	6329.09390189626	a7	a14	a61	4
13	6329.37699899179	a7	a14
12	6329.37706016506	a7	a14	a61	8
13	6329.64455427559	a7	a14
12	6329.64461026468	a7	a14	a61	12
13	6329.90257033134	a7	a14
12	6331.1228840535	a7	a14	a63	0
13	6331.47904898845	a7	a14
12	6332.97276194234	a7	a14	a65	0
13	6350.60740690479	a7	a14
12	6350.60772037458	a7	a14	a65	4
13	6392.01418728189	a7	a14
12	6392.01448589039	a7	a14	a65	10
13	6408.51765523114	a7	a14
12	6408.54918158319	a7	a14	a79	0
13	6408.54941383424	a7	a14
12	6408.54944632173	a7	a14	a79	1
13	6408.54963433449	a7	a14
12	6408.54966578515	a7	a14	a79	2
13	6408.54969654459	a7	a14
12	6408.54976912305	a7	a14	a79	4
13	6408.54979884565	a7	a14
12	6408.54983789977	a7	a14	a79	6
13	6408.54986520309	a7	a14
12	6408.54990322038	a7	a14	a79	8
13	6408.54992948687	a7	a14
12	6408.54996543048	a7	a14	a79	9
13	6408.55000344777	a7	a14
12	6408.55003524404	a7	a14	a79	11
13	6408.55006565787	a7	a14
12	6408.55009538047	a7	a14	a79	12
13	6408.55014480294	a7	a14
12	6408.55022498486	a7	a14	a79	15
13	6408.76955637941	a7	a14
12	6408.80152027584	a7	a14	a79	0
13	6408.80155518262	a7	a14
12	6408.80158801573	a7	a14	a79	1
13	6408.80161739272	a7	a14
12	6408.80164711533	a7	a14	a79	2
13	6408.80167545548	a7	a14
12	6408.80170828859	a7	a14	a79	3
13	6408.80173973926	a7	a14
12	6408.80177464604	a7	a14	a79	4
13	6408.80180747915	a7	a14
12	6408.80183892981	a7	a14	a79	5
13	6408.80187176292	a7	a14
12	6408.8019066697	a7	a14	a79	6
13	6408.80193604669	a7	a14
12	6408.80197095347	a7	a14	a79	7
13	6410.35219936648	a7	a14
12	6410.48528785868	a7	a14	a79	0
13	6410.48535110562	a7	a14
12	6410.48540052809	a7	a14	a79	1
13	6410.485445112	a7	a14
12	6410.48547967316	a7	a14	a79	2
13	6410.48550939577	a7	a14
12	6410.48554084643	a7	a14	a79	3
13	6410.48557367954	a7	a14
12	6410.48560858632	a7	a14	a79	4
13	6410.48563796331	a7	a14
12	6410.48567494376	a7	a14	a79	5
13	6410.48570121025	a7	a14
12	6410.48589440718	a7	a14	a79	6
13	6410.48592620346	a7	a14
12	6410.48595972779	a7	a14	a79	7
13	6416.81308592759	a7	a14
12	6417.04054921941	a7	a14	a67	0
13	6460.9867204176	a7	a14
12	6461.4934213593	a7	a14	a51	0
13	6461.49648002269	a7	a14
12	6461.4993264805	a7	a14	a69	0
13	6461.51894581887	a7	a14
12	6461.5212721311	a7	a14	a51	0
13	6461.52182683785	a7	a14
12	6461.5219080566	a7	a14	a51	1
13	6461.52289581478	a7	a14
12	6461.52451500552	a7	a14	a71	0
13	6461.54697458068	a7	a14
12	6461.5619388753	a7	a14	a71	0
13	6461.56860779832	a7	a14
12	6461.57375948606	a7	a14	a73	0
13	6461.70653450847	a7	a14
12	6461.70668001098	a7	a14	a73	4
13	6461.84038542004	a7	a14
12	6461.89413045591	a7	a14	a77	0
13	6461.89478158832	a7	a14
12	6461.89480889164	a7	a14	a77	1
13	6461.89521083803	a7	a14
12	6461.89525300265	a7	a14	a77	4
13	6461.89557165662	a7	a14
12	6461.89563179306	a7	a14	a77	7
13	6461.89593143839	a7	a14
12	6461.89595666804	a7	a14	a77	11
13	6461.89624283451	a7	a14
12	6461.89626599049	a7	a14	a77	15
13	6461.89654247984	a7	a14
12	6461.94488871562	a7	a14	a81	0
13	6461.94655145342	a7	a14
12	6461.98162585499	a7	a14	a81	0
13	6461.98310610983	a7	a14
12	6462.05406502675	a7	a14	a51	0
13	6462.05468539972	a7	a14
12	6462.05490693681	a7	a14	a51	2
13	6462.05552730978	a7	a14
12	6462.05713509533	a7	a14	a75	0
13	6462.05941509559	a7	a14
12	6462.06768212703	a7	a14	a77	0
13	6462.06793960774	a7	a14
12	6462.06797762502	a7	a14	a77	1
13	6462.06824132674	a7	a14
12	6462.06828556503	a7	a14	a77	3
13	6462.06868129041	a7	a14
12	6462.0687372795	a7	a14	a77	6
13	6462.06906630182	a7	a14
12	6462.06917931684	a7	a14	a77	12
13	6462.06945684302	a7	a14
12	6462.06952942148	a7	a14	a77	15
13	6462.06976167253	a7	a14
12	6462.14334551018	a7	a14	a83	0
13	6462.14458625612	a7	a14
12	6462.15116013592	a7	a14	a81	0
13	6462.15235422429	a7	a14
12	6462.18278740658	a7	a14	a51	0
13	6462.18500312307	a7	a14
12	6462.18796017662	a7	a14	a53	0
13	6462.20028088748	a7	a14
12	6462.20033583974	a7	a14	a53	6
13	6462.20423503074	a7	a14
12	6462.20517820502	a7	a14	a53	0
13	6462.20926437194	a7	a14
12	6462.2093044629	a7	a14	a53	4
13	6462.2127481377	a7	a14
12	6462.21519575963	a7	a14	a55	0
13	6462.22196905738	a7	a14
12	6462.23149169606	a7	a14	a57	0
13	6462.84755143187	a7	a14
12	6463.3775538588	a7	a14	a59	0
13	6465.60946917311	a7	a14
12	6465.60965684025	a7	a14	a59	5
13	6467.8939108965	a7	a14
12	6467.89401216072	a7	a14	a59	8
13	6469.84116867853	a7	a14
12	6469.84135012467	a7	a14	a59	12
13	6472.18841599365	a7	a14
12	6473.41694317744	a7	a14	a61	0
13	6474.50978770773	a7	a14
12	6474.50992906291	a7	a14	a61	4
13	6475.47911407892	a7	a14
12	6475.47916488383	a7	a14	a61	9
13	6476.35795447313	a7	a14
12	6476.36604316894	a7	a14	a61	12
13	6477.22231442908	a7	a14
12	6477.4874030823	a7	a14	a61	0
13	6477.79576370059	a7	a14
12	6477.79584180883	a7	a14	a61	4
13	6478.08231380244	a7	a14
12	6478.08239191068	a7	a14	a61	9
13	6478.38627409278	a7	a14
12	6478.38634770807	a7	a14	a61	13
13	6478.66696331173	a7	a14
12	6479.8223753073	a7	a14	a63	0
13	6480.15122551417	a7	a14
12	6481.69860228518	a7	a14	a65	0
13	6499.7867602795	a7	a14
12	6499.78711695075	a7	a14	a65	4
13	6541.25421002252	a7	a14
12	6541.25457706213	a7	a14	a65	11
13	6549.51674920078	a7	a14
12	6549.51705921446	a7	a14	a65	13
13	6555.5033742783	a7	a14
12	6556.07985905721	a7	a14	a79	0
13	6556.08001838419	a7	a14
12	6556.08005847515	a7	a14	a79	1
13	6556.08010063978	a7	a14
12	6556.08013416411	a7	a14	a79	2
13	6556.08016492355	a7	a14
12	6556.08032943471	a7	a14	a79	3
13	6556.08036123098	a7	a14
12	6556.08038749747	a7	a14	a79	4
13	6556.08041583763	a7	a14
12	6556.0804476339	a7	a14	a79	6
13	6556.08047943018	a7	a14
12	6556.08050777034	a7	a14	a79	7
13	6556.08053403683	a7	a14
12	6556.08056272259	a7	a14	a79	8
13	6556.08059624693	a7	a14
12	6556.08066398682	a7	a14	a79	10
13	6556.08069543748	a7	a14
12	6556.0807462424	a7	a14	a79	12
13	6556.08077665623	a7	a14
12	6556.08080741567	a7	a14	a79	14
13	6556.08084128561	a7	a14
12	6556.29168065552	a7	a14	a79	0
13	6556.29172178331	a7	a14
12	6556.29175219714	a7	a14	a79	1
13	6556.29178399341	a7	a14
12	6556.29181440724	a7	a14	a79	2
13	6556.29184724035	a7	a14
12	6556.29188214713	a7	a14	a79	3
13	6556.29191152412	a7	a14
12	6556.2919433204	a7	a14	a79	4
13	6556.29212995071	a7	a14
12	6556.29215967331	a7	a14	a79	5
13	6556.29219216081	a7	a14
12	6556.29222395708	a7	a14	a79	7
13	6557.7509838191	a7	a14
12	6557.89690038012	a7	a14	a79	0
13	6557.89694980259	a7	a14
12	6557.89700164434	a7	a14	a79	1
13	6557.89703516867	a7	a14
12	6557.8972103938	a7	a14	a79	2
13	6557.89724530058	a7	a14
12	6557.89727778807	a7	a14	a79	3
13	6557.89731062118	a7	a14
12	6557.89734138062	a7	a14	a79	5
13	6557.89738354525	a7	a14
12	6557.89741499591	a7	a14	a79	6
13	6557.89744886586	a7	a14
12	6557.89748377264	a7	a14	a79	7
13	6564.42298278336	a7	a14
12	6564.54887702278	a7	a14	a67	0
13	6608.4756124024	a7	a14
12	6608.94190062449	a7	a14	a51	0
13	6608.94533496778	a7	a14
12	6608.94800723731	a7	a14	a69	0
13	6608.96807172352	a7	a14
12	6608.96976072781	a7	a14	a51	0
13	6608.97062683068	a7	a14
12	6608.9732306691	a7	a14	a71	0
13	6608.99414881616	a7	a14
12	6608.99536951663	a7	a14	a71	0
13	6609.00215733007	a7	a14
12	6609.00708229654	a7	a14	a73	0
13	6609.14454692386	a7	a14
12	6609.14467756508	a7	a14	a73	5
13	6609.27321538826	a7	a14
12	6609.32894077907	a7	a14	a77	0
13	6609.32963614977	a7	a14
12	6609.32967001972	a7	a14	a77	4
13	6609.32995480375	a7	a14
12	6609.32997899656	a7	a14	a77	6
13	6609.33037679561	a7	a14
12	6609.33042518125	a7	a14	a77	10
13	6609.33067955144	a7	a14
12	6609.33075558601	a7	a14	a77	14
13	6609.35930656708	a7	a14
12	6609.40941507683	a7	a14	a81	0
13	6609.41190071605	a7	a14
12	6609.44706566788	a7	a14	a81	0
13	6609.44859223468	a7	a14
12	6609.51977165186	a7	a14	a51	0
13	6609.52085099714	a7	a14
12	6609.52302109289	a7	a14	a75	0
13	6609.52513243466	a7	a14
12	6609.53423515515	a7	a14	a77	0
13	6609.53449367269	a7	a14
12	6609.53453480048	a7	a14	a77	2
13	6609.53478156722	a7	a14
12	6609.5348047232	a7	a14	a77	3
13	6609.53518247677	a7	a14
12	6609.53522878873	a7	a14	a77	7
13	6609.53556230401	a7	a14
12	6609.53563522807	a7	a14	a77	10
13	6609.53591793843	a7	a14
12	6609.5359704714	a7	a14	a77	14
13	6609.53650444145	a7	a14
12	9.77947965647782	a7	a15	a21	2
13	9.78972807969094	a7	a15
12	15.4857749511995	a7	a15	a21	3
13	15.498682165084	a7	a15
12	21.833556287577	a7	a15	a23	2
13	21.8349836638246	a7	a15
12	21.8363204898115	a7	a15	a25	2
13	21.8377108856091	a7	a15
12	21.8525994912678	a7	a15	a23	2
13	21.8534213558481	a7	a15
12	21.8547474678728	a7	a15	a25	3
13	21.8679595112611	a7	a15
12	25.3580903984758	a7	a15	a27	2
13	25.3809360218944	a7	a15
12	25.3810435071276	a7	a15	a27	3
13	25.4034101127547	a7	a15
12	25.4065109407677	a7	a15	a29	2
13	25.4162952074916	a7	a15
12	25.4163498141374	a7	a15	a29	3
13	25.4264886784472	a7	a15
12	25.4265930531752	a7	a15	a29	6
13	25.4395479614719	a7	a15
12	25.4396271065471	a7	a15	a29	10
13	25.4556223608123	a7	a15
12	25.4557056532278	a7	a15	a29	14
13	25.4724128675584	a7	a15
12	25.4724771513313	a7	a15	a29	18
13	25.4886497043895	a7	a15
12	25.4887129513273	a7	a15	a29	22
13	25.5059880056518	a7	a15
12	25.506066113892	a7	a15	a29	26
13	25.5226067433918	a7	a15
12	25.5226699903296	a7	a15	a29	30
13	25.5396443624906	a7	a15
12	25.539727654906	a7	a15	a29	34
13	25.5576358698324	a7	a15
12	25.5576652468253	a7	a15	a29	37
13	25.5754562993914	a7	a15
12	25.583434399464	a7	a15	a23	1
13	25.5841484331995	a7	a15
12	25.5861384652657	a7	a15	a25	1
13	25.5947210401705	a7	a15
12	25.6131417972216	a7	a15	a29	2
13	25.6530205467872	a7	a15
12	25.6530986550274	a7	a15	a29	5
13	25.6787008772235	a7	a15
12	25.6787831328039	a7	a15	a29	8
13	25.6993605067521	a7	a15
12	25.6994500201778	a7	a15	a29	11
13	25.7141920864833	a7	a15
12	25.7142636281015	a7	a15	a29	13
13	25.7394725442032	a7	a15
12	25.7396066415359	a7	a15	a29	17
13	25.7616068987799	a7	a15
12	25.7616912280303	a7	a15	a29	20
13	25.7814508847384	a7	a15
12	25.7815362508239	a7	a15	a29	23
13	25.8008666578226	a7	a15
12	25.800941309946	a7	a15	a29	26
13	25.8241415309506	a7	a15
12	25.8242186023557	a7	a15	a29	29
13	25.840170309549	a7	a15
12	25.8402580949163	a7	a15	a29	32
13	25.8552013072208	a7	a15
12	25.8552700839456	a7	a15	a29	35
13	25.8707396628421	a7	a15
12	25.8708063658968	a7	a15	a29	37
13	25.8874333983171	a7	a15
12	25.8977474877499	a7	a15	a31	3
13	25.8987200390236	a7	a15
12	25.8999756462652	a7	a15	a33	1
13	26.1119164806049	a7	a15
12	26.1120682041334	a7	a15	a33	3
13	26.3071245253495	a7	a15
12	26.3072078177649	a7	a15	a33	6
13	26.4964201910462	a7	a15
12	26.4964962256163	a7	a15	a33	8
13	26.6813998580553	a7	a15
12	26.6815318817179	a7	a15	a33	11
13	26.8727985708384	a7	a15
12	26.8729440733566	a7	a15	a33	13
13	27.0705734735469	a7	a15
12	27.0707497355048	a7	a15	a33	15
13	27.2756197004378	a7	a15
12	27.2757009191831	a7	a15	a33	18
13	27.4944361335838	a7	a15
12	27.4944720771987	a7	a15	a33	21
13	27.6866059060299	a7	a15
12	27.686638393528	a7	a15	a33	24
13	27.891336589455	a7	a15
12	27.8913649296129	a7	a15	a33	27
13	28.110191039886	a7	a15
12	28.110229057171	a7	a15	a33	30
13	28.326048000197	a7	a15
12	28.3261271452722	a7	a15	a33	34
13	28.5227712065565	a7	a15
12	28.5228420569513	a7	a15	a33	38
13	28.7292648551726	a7	a15
12	28.7293650825604	a7	a15	a33	42
13	28.9594588248975	a7	a15
12	28.9595272560106	a7	a15	a33	46
13	29.1566009126159	a7	a15
12	29.1566354737841	a7	a15	a33	49
13	29.3531592622029	a7	a15
12	29.3532594895908	a7	a15	a33	53
13	29.5393226492236	a7	a15
12	29.5395400389718	a7	a15	a33	56
13	29.7374376338275	a7	a15
12	29.7374711581606	a7	a15	a33	60
13	29.9599749223443	a7	a15
12	29.9600067186191	a7	a15	a33	64
13	30.1584842498776	a7	a15
12	30.1585129356472	a7	a15	a33	68
13	30.3738718695241	a7	a15
12	30.3739036657989	a7	a15	a33	72
13	30.5771371594165	a7	a15
12	30.5771648083511	a7	a15	a33	76
13	30.8767347934965	a7	a15
12	33.2093299013476	a7	a15	a35	1
13	33.2107510565849	a7	a15
12	33.2118262545284	a7	a15	a37	1
13	33.2240792254984	a7	a15
12	33.2241469653881	a7	a15	a37	3
13	33.2277243919109	a7	a15
12	33.2593582291852	a7	a15	a39	1
13	33.2711145561679	a7	a15
12	33.2811286546605	a7	a15	a41	2
13	33.2822449803941	a7	a15
12	33.2844890370468	a7	a15	a43	1
13	33.5003259518803	a7	a15
12	33.5004137372476	a7	a15	a43	4
13	33.6505077066642	a7	a15
12	33.7253374744302	a7	a15	a33	3
13	33.9066647171814	a7	a15
12	33.9067417885866	a7	a15	a33	7
13	34.2043051523049	a7	a15
12	34.2045477717058	a7	a15	a33	11
13	34.3641667990847	a7	a15
12	34.3643461715477	a7	a15	a33	14
13	34.5251299102957	a7	a15
12	34.5252239166732	a7	a15	a33	17
13	34.686737587294	a7	a15
12	34.6868156955342	a7	a15	a33	20
13	34.848374986897	a7	a15
12	34.8484762511199	a7	a15	a33	23
13	35.0089223272543	a7	a15
12	35.0090688666076	a7	a15	a33	26
13	35.1614894938689	a7	a15
12	35.1616467471844	a7	a15	a33	29
13	35.3065205977526	a7	a15
12	35.3068001976035	a7	a15	a33	31
13	35.4722884025699	a7	a15
12	35.4724833275587	a7	a15	a33	34
13	35.6252194982859	a7	a15
12	35.6254040549242	a7	a15	a33	36
13	35.7856676480904	a7	a15
12	35.7858587713507	a7	a15	a33	39
13	35.9436111500338	a7	a15
12	35.943800199624	a7	a15	a33	42
13	36.1081603280596	a7	a15
12	36.1082774904199	a7	a15	a33	45
13	36.2560990630258	a7	a15
12	36.2562172622211	a7	a15	a33	48
13	36.425489915108	a7	a15
12	36.4256122616435	a7	a15	a33	50
13	36.7680194323543	a7	a15
12	36.7681936206422	a7	a15	a33	53
13	36.9476165430244	a7	a15
12	36.9476777162921	a7	a15	a33	56
13	37.1157030566178	a7	a15
12	37.1157759806827	a7	a15	a33	59
13	37.292839757722	a7	a15
12	37.292907152	a7	a15	a33	62
13	37.4794493294245	a7	a15
12	37.4794935677198	a7	a15	a33	65
13	37.6605612560977	a7	a15
12	37.6606362538327	a7	a15	a33	69
13	37.8389532188318	a7	a15
12	37.839038930529	a7	a15	a33	72
13	38.0074492822687	a7	a15
12	38.0075190958285	a7	a15	a33	75
13	38.1959980811201	a7	a15
12	38.1960329879	a7	a15	a33	79
13	38.3727580654907	a7	a15
12	40.432275706086	a7	a15	a45	1
13	41.8182189883891	a7	a15
12	41.8663557834899	a7	a15	a23	2
13	41.8667891805394	a7	a15
12	41.8679898355234	a7	a15	a25	2
13	41.8682601038589	a7	a15
12	42.1156202602285	a7	a15	a47	2
13	861.804063554644	a7	a15
12	866.801259757481	a7	a15	a49	1
13	866.803586069714	a7	a15
12	866.803651390322	a7	a15	a49	3
13	866.805424723863	a7	a15
12	866.815855975656	a7	a15	a51	1
13	866.818321569397	a7	a15
12	866.818365807693	a7	a15	a51	3
13	866.820132920224	a7	a15
12	866.824264362273	a7	a15	a53	1
13	866.854921500934	a7	a15
12	866.854988895212	a7	a15	a53	3
13	866.860449559791	a7	a15
12	866.860509696224	a7	a15	a53	6
13	866.864116845351	a7	a15
12	866.868672698546	a7	a15	a53	1
13	866.872586750848	a7	a15
12	866.872652071455	a7	a15	a53	3
13	866.876014527512	a7	a15
12	866.876080884955	a7	a15	a53	5
13	866.879502440609	a7	a15
12	866.879568798052	a7	a15	a53	7
13	866.882532418227	a7	a15
12	866.892356775906	a7	a15	a55	1
13	866.89640699921	a7	a15
12	866.896436721815	a7	a15	a55	2
13	866.900524962404	a7	a15
12	866.927720108843	a7	a15	a57	1
13	873.83532843227	a7	a15
12	875.600883637264	a7	a15	a59	2
13	880.394639325085	a7	a15
12	880.395031594344	a7	a15	a59	6
13	885.896474895941	a7	a15
12	885.897057251625	a7	a15	a59	12
13	888.139070302458	a7	a15
12	888.139380316137	a7	a15	a59	14
13	890.305470429452	a7	a15
12	896.330214747461	a7	a15	a61	4
13	897.41376128667	a7	a15
12	897.414094801943	a7	a15	a61	7
13	898.146204028408	a7	a15
12	898.14645321443	a7	a15	a61	10
13	898.895522988589	a7	a15
12	898.895862724872	a7	a15	a61	13
13	899.65279274552	a7	a15
12	901.832277385192	a7	a15	a61	7
13	902.113443548258	a7	a15
12	902.113517509158	a7	a15	a61	11
13	902.372144260757	a7	a15
12	902.372389990663	a7	a15	a61	14
13	902.620293448597	a7	a15
12	904.410419916139	a7	a15	a63	2
13	905.170181533299	a7	a15
12	910.94367479862	a7	a15	a65	1
13	977.632613305168	a7	a15
12	977.633049121499	a7	a15	a65	8
13	998.633350850137	a7	a15
12	998.633511213958	a7	a15	a65	13
13	1004.67852462029	a7	a15
12	1009.18670897855	a7	a15	a67	1
13	1052.55079959907	a7	a15
12	1067.7467518514	a7	a15	a57	2
13	1069.03141155656	a7	a15
12	1069.89358862912	a7	a15	a59	1
13	1073.62025718849	a7	a15
12	1073.6208046374	a7	a15	a59	7
13	1075.96557806409	a7	a15
12	1075.96615074265	a7	a15	a59	10
13	1079.06991438123	a7	a15
12	1079.07008856952	a7	a15	a59	15
13	1081.38172371129	a7	a15
12	1081.44216601034	a7	a15	a61	1
13	1082.5763833695	a7	a15
12	1082.5765606683	a7	a15	a61	4
13	1083.55223730853	a7	a15
12	1083.55249064189	a7	a15	a61	9
13	1085.78619518788	a7	a15
12	1086.88528526689	a7	a15	a61	1
13	1087.45801324681	a7	a15
12	1087.45861979531	a7	a15	a61	6
13	1087.73937986465	a7	a15
12	1087.73951292515	a7	a15	a61	10
13	1087.99234757057	a7	a15
12	1087.99278753424	a7	a15	a61	11
13	1088.30652137735	a7	a15
12	1088.30733494725	a7	a15	a61	15
13	1088.64975179508	a7	a15
12	1090.08797886706	a7	a15	a63	2
13	1090.46851253611	a7	a15
12	1093.42949569408	a7	a15	a65	2
13	1123.15036608631	a7	a15
12	1123.15091249838	a7	a15	a65	5
13	1149.74606426991	a7	a15
12	1149.74763714868	a7	a15	a65	8
13	1172.89235775571	a7	a15
12	1172.89373778316	a7	a15	a65	13
13	1180.08038433852	a7	a15
12	1181.21700611816	a7	a15	a79	1
13	1181.24653932763	a7	a15
12	1181.49530577793	a7	a15	a79	4
13	1181.49534690572	a7	a15
12	1181.49548100306	a7	a15	a79	8
13	1181.495514873	a7	a15
12	1181.4955622218	a7	a15	a79	11
13	1181.49559298124	a7	a15
12	1181.49561717406	a7	a15	a79	12
13	1181.49564758789	a7	a15
12	1181.49567419999	a7	a15	a79	13
13	1181.49570876116	a7	a15
12	1181.49573744693	a7	a15	a79	15
13	1182.97405028987	a7	a15
12	1183.16473427769	a7	a15	a79	11
13	1183.16487459604	a7	a15
12	1191.63028575809	a7	a15	a67	1
13	1242.14483220668	a7	a15
12	1243.67567353237	a7	a15	a51	1
13	1243.67877539722	a7	a15
12	1243.68144144573	a7	a15	a69	2
13	1243.70027140702	a7	a15
12	1243.70373720097	a7	a15	a51	1
13	1243.70500421339	a7	a15
12	1243.70745425461	a7	a15	a71	1
13	1243.72544956368	a7	a15
12	1243.73597136573	a7	a15	a71	2
13	1243.74302011599	a7	a15
12	1243.74784589191	a7	a15	a73	1
13	1243.87169203651	a7	a15
12	1243.87179019023	a7	a15	a73	5
13	1244.00429598113	a7	a15
12	1244.0514228989	a7	a15	a77	5
13	1244.05178993851	a7	a15
12	1244.05188187121	a7	a15	a77	9
13	1244.05219845151	a7	a15
12	1244.05228692811	a7	a15	a77	12
13	1244.05255719644	a7	a15
12	1244.05265189404	a7	a15	a77	15
13	1244.05297365852	a7	a15
12	1244.1296351682	a7	a15	a81	3
13	1244.13141714203	a7	a15
12	1244.16711053413	a7	a15	a81	2
13	1244.1685002387	a7	a15
12	1244.2526826042	a7	a15	a75	1
13	1244.25484440527	a7	a15
12	1244.26397028174	a7	a15	a77	5
13	1244.26430794436	a7	a15
12	1244.26442303305	a7	a15	a77	9
13	1244.26468880843	a7	a15
12	1244.26482083209	a7	a15	a77	12
13	1244.26512462476	a7	a15
12	1244.36218171665	a7	a15	a83	3
13	1244.36322822882	a7	a15
12	1244.3701059013	a7	a15	a81	2
13	1244.3712243007	a7	a15
12	1244.40285813797	a7	a15	a51	2
13	1244.40556116694	a7	a15
12	1244.40805613767	a7	a15	a53	3
13	1244.41872344225	a7	a15
12	1244.41878807163	a7	a15	a53	7
13	1244.42288564374	a7	a15
12	1244.42425392039	a7	a15	a53	1
13	1244.42845413916	a7	a15
12	1244.42852568078	a7	a15	a53	5
13	1244.43227314825	a7	a15
12	1244.43459946048	a7	a15	a55	2
13	1244.44005736017	a7	a15
12	1244.45076268202	a7	a15	a57	3
13	1245.08963313447	a7	a15
12	1245.58776221523	a7	a15	a59	1
13	1247.96085748245	a7	a15
12	1247.96108558616	a7	a15	a59	6
13	1256.47400625812	a7	a15
12	1259.35273832867	a7	a15	a61	3
13	1260.40758216328	a7	a15
12	1260.41044209995	a7	a15	a61	7
13	1261.26419385093	a7	a15
12	1261.26452287325	a7	a15	a61	11
13	1262.10256000665	a7	a15
12	1262.10271414946	a7	a15	a61	15
13	1264.72554980071	a7	a15
12	1264.75870813111	a7	a15	a61	2
13	1265.04264195253	a7	a15
12	1265.04267893298	a7	a15	a61	5
13	1265.33877690316	a7	a15
12	1265.33881388361	a7	a15	a61	8
13	1265.61350432059	a7	a15
12	1265.61364152843	a7	a15	a61	11
13	1265.90837536931	a7	a15
12	1269.93865791611	a7	a15	a65	3
13	1307.03329421264	a7	a15
12	1307.03387242098	a7	a15	a65	6
13	1320.32783476381	a7	a15
12	1320.32875270843	a7	a15	a65	7
13	1331.12223906876	a7	a15
12	1331.12276854586	a7	a15	a65	9
13	1337.99548287701	a7	a15
12	1337.99596500531	a7	a15	a65	12
13	1346.36424822509	a7	a15
12	1346.3649764289	a7	a15	a65	14
13	1348.79692832877	a7	a15
12	1348.79746955667	a7	a15	a65	15
13	1349.93826943593	a7	a15
12	1350.39443158134	a7	a15	a79	6
13	1350.3946669429	a7	a15
12	1350.39476302294	a7	a15	a79	12
13	1350.39483352773	a7	a15
12	1350.65051359412	a7	a15	a79	15
13	1352.15085226957	a7	a15
12	1352.28670565524	a7	a15	a79	8
13	1352.28698214458	a7	a15
12	1352.28702741971	a7	a15	a79	14
13	1352.28707511412	a7	a15
12	1359.60420079349	a7	a15	a67	2
13	1400.20663322715	a7	a15
12	1406.34238283331	a7	a15	a57	3
13	1406.84087376951	a7	a15
12	1409.32774025518	a7	a15	a59	3
13	1414.64765896975	a7	a15
12	1414.64789744181	a7	a15	a59	13
13	1421.02795199708	a7	a15
12	1423.329793195	a7	a15	a61	9
13	1424.21026556757	a7	a15
12	1424.21051648165	a7	a15	a61	13
13	1425.05561791784	a7	a15
12	1426.22691007899	a7	a15	a61	3
13	1426.51100841157	a7	a15
12	1426.51112453709	a7	a15	a61	7
13	1426.78306666997	a7	a15
12	1426.78315514656	a7	a15	a61	11
13	1427.0537469746	a7	a15
12	1427.05382300917	a7	a15	a61	15
13	1428.88277030892	a7	a15
12	1434.6973049615	a7	a15	a65	3
13	1498.55004375356	a7	a15
12	1498.55071251216	a7	a15	a65	10
13	1522.05711678148	a7	a15
12	1522.36765924631	a7	a15	a79	8
13	1522.36813066065	a7	a15
12	1522.36817178844	a7	a15	a79	9
13	1522.36822777753	a7	a15
12	1522.36825404402	a7	a15	a79	10
13	1522.36828998763	a7	a15
12	1522.36831210678	a7	a15	a79	11
13	1522.3683480504	a7	a15
12	1522.36837328005	a7	a15	a79	12
13	1522.3684102605	a7	a15
12	1522.36843894627	a7	a15	a79	13
13	1522.3684693601	a7	a15
12	1522.36849355292	a7	a15	a79	14
13	1522.3685284597	a7	a15
12	1522.36855161568	a7	a15	a79	15
13	1523.69893954812	a7	a15
12	1524.09111134496	a7	a15	a79	8
13	1524.09130661556	a7	a15
12	1524.09140684294	a7	a15	a79	13
13	1524.09145419174	a7	a15
12	1524.09155960331	a7	a15	a79	15
13	1530.60330672519	a7	a15
12	1530.74278834229	a7	a15	a67	1
13	1601.01002396742	a7	a15
12	1603.91054754576	a7	a15	a51	1
13	1603.91298894668	a7	a15
12	1603.91306290758	a7	a15	a51	3
13	1603.91467691414	a7	a15
12	1603.91798130743	a7	a15	a69	1
13	1603.93729132334	a7	a15
12	1603.95960193988	a7	a15	a51	1
13	1603.96038924329	a7	a15
12	1603.9635343096	a7	a15	a71	2
13	1603.98396998276	a7	a15
12	1604.0009053008	a7	a15	a71	1
13	1604.00841924438	a7	a15
12	1604.01836594859	a7	a15	a73	2
13	1604.13888247025	a7	a15
12	1604.13897958713	a7	a15	a73	3
13	1604.25865627239	a7	a15
12	1604.2587806926	a7	a15	a73	6
13	1604.36176813534	a7	a15
12	1604.43433380097	a7	a15	a77	1
13	1604.43494587926	a7	a15
12	1604.43502502434	a7	a15	a77	4
13	1604.43545012671	a7	a15
12	1604.43551752099	a7	a15	a77	7
13	1604.43579504717	a7	a15
12	1604.43586140461	a7	a15	a77	10
13	1604.43613374662	a7	a15
12	1604.43618316909	a7	a15	a77	11
13	1604.43644064979	a7	a15
12	1604.43646726189	a7	a15	a77	12
13	1604.43672024964	a7	a15
12	1604.43674893541	a7	a15	a77	13
13	1604.43701263712	a7	a15
12	1604.43703579311	a7	a15	a77	14
13	1604.43742287819	a7	a15
12	1604.43745156396	a7	a15	a77	15
13	1604.437713192	a7	a15
12	1604.49770930637	a7	a15	a81	1
13	1604.49891410869	a7	a15
12	1604.49898253981	a7	a15	a81	3
13	1604.50014621434	a7	a15
12	1604.54296439126	a7	a15	a81	1
13	1604.54468519183	a7	a15
12	1604.62848911253	a7	a15	a51	1
13	1604.62909358737	a7	a15
12	1604.6312985899	a7	a15	a75	1
13	1604.63330832183	a7	a15
12	1604.6479902517	a7	a15	a77	2
13	1604.65738294039	a7	a15
12	1604.72918376738	a7	a15	a83	2
13	1604.7303412209	a7	a15
12	1604.73924556028	a7	a15	a81	2
13	1604.74041994878	a7	a15
12	1604.77627163102	a7	a15	a51	1
13	1604.77848527385	a7	a15
12	1604.78259252308	a7	a15	a53	1
13	1604.79609868201	a7	a15
12	1604.79615985527	a7	a15	a53	5
13	1604.79998750466	a7	a15
12	1604.80432182076	a7	a15	a53	1
13	1604.80812596855	a7	a15
12	1604.80820096628	a7	a15	a53	4
13	1604.81185442738	a7	a15
12	1604.81192113043	a7	a15	a53	7
13	1604.8154881886	a7	a15
12	1604.81772049446	a7	a15	a55	1
13	1604.82256735269	a7	a15
12	1604.82271078154	a7	a15	a55	3
13	1604.82758286942	a7	a15
12	1604.83748326167	a7	a15	a57	2
13	1608.33740152612	a7	a15
12	1611.32584871642	a7	a15	a59	6
13	1613.64208671457	a7	a15
12	1613.64225882919	a7	a15	a59	8
13	1618.44914637849	a7	a15
12	1618.44931400016	a7	a15	a59	14
13	1622.87022933498	a7	a15
12	1625.32884172001	a7	a15	a61	9
13	1626.2126544295	a7	a15
12	1626.21284831765	a7	a15	a61	12
13	1627.04043346255	a7	a15
12	1627.04066018382	a7	a15	a61	15
13	1627.86169875224	a7	a15
12	1628.70260342576	a7	a15	a61	2
13	1629.03307835314	a7	a15
12	1629.03317132269	a7	a15	a61	5
13	1629.33378782001	a7	a15
12	1629.33386592825	a7	a15	a61	9
13	1629.62610479839	a7	a15
12	1629.62614696301	a7	a15	a61	13
13	1629.88957633455	a7	a15
12	1631.06328535819	a7	a15	a63	2
13	1631.4713342101	a7	a15
12	1632.97826370033	a7	a15	a65	2
13	1656.92446332823	a7	a15
12	1656.92506261889	a7	a15	a65	5
13	1681.60231493835	a7	a15
12	1681.60277149138	a7	a15	a65	8
13	1699.88970804473	a7	a15
12	1699.89047806756	a7	a15	a65	13
13	1705.52940915246	a7	a15
12	1707.24442003138	a7	a15	a79	3
13	1707.2445212956	a7	a15
12	1707.24456657073	a7	a15	a79	7
13	1707.24460458802	a7	a15
12	1707.24474283269	a7	a15	a79	12
13	1707.24478188681	a7	a15
12	1707.50357314957	a7	a15	a79	5
13	1707.50361427736	a7	a15
12	1707.50367786991	a7	a15	a79	8
13	1707.50371450475	a7	a15
12	1707.50374941153	a7	a15	a79	9
13	1707.50377464118	a7	a15
12	1707.50380021644	a7	a15	a79	10
13	1707.50382751977	a7	a15
12	1707.5038727949	a7	a15	a79	11
13	1707.50390459117	a7	a15
12	1707.50398580992	a7	a15	a79	14
13	1707.50403523239	a7	a15
12	1709.48596339593	a7	a15	a79	6
13	1709.48611546507	a7	a15
12	1709.48618078568	a7	a15	a79	9
13	1709.48622709765	a7	a15
12	1709.48624921679	a7	a15	a79	10
13	1709.48627997623	a7	a15
12	1709.48630313222	a7	a15	a79	11
13	1709.4863293987	a7	a15
12	1709.48635255469	a7	a15	a79	12
13	1709.48638124046	a7	a15
12	1709.48642651559	a7	a15	a79	13
13	1709.48645623819	a7	a15
12	1709.48651188167	a7	a15	a79	15
13	1716.67045782735	a7	a15
12	1716.76493216314	a7	a15	a67	2
13	1757.29536538871	a7	a15
12	1762.79944086887	a7	a15	a51	2
13	1762.80272729036	a7	a15
12	1762.80517283862	a7	a15	a69	1
13	1762.82514228162	a7	a15
12	1762.82737596992	a7	a15	a51	1
13	1762.82812491044	a7	a15
12	1762.83110028141	a7	a15	a71	1
13	1762.84959672742	a7	a15
12	1762.85386434047	a7	a15	a71	1
13	1762.86001726525	a7	a15
12	1762.86564900761	a7	a15	a73	1
13	1762.9958170811	a7	a15
12	1762.99608181965	a7	a15	a73	4
13	1763.1268816713	a7	a15
12	1763.18141919475	a7	a15	a77	1
13	1763.18212493381	a7	a15
12	1763.18220615255	a7	a15	a77	4
13	1763.18252376969	a7	a15
12	1763.18258390612	a7	a15	a77	8
13	1763.1828348202	a7	a15
12	1763.18292156874	a7	a15	a77	11
13	1763.18318838095	a7	a15
12	1763.18329482935	a7	a15	a77	15
13	1763.18352500673	a7	a15
12	1763.23210556723	a7	a15	a81	1
13	1763.23375378935	a7	a15
12	1763.26859593987	a7	a15	a81	1
13	1763.27011732249	a7	a15
12	1763.39090065636	a7	a15	a75	1
13	1763.39313641833	a7	a15
12	1763.40323933903	a7	a15	a77	5
13	1763.40353345457	a7	a15
12	1763.40366029406	a7	a15	a77	9
13	1763.40411269975	a7	a15
12	1763.40422156743	a7	a15	a77	13
13	1763.40469090809	a7	a15
12	1763.48140806126	a7	a15	a83	3
13	1763.48234190402	a7	a15
12	1763.48891682066	a7	a15	a81	3
13	1763.48998959933	a7	a15
12	1763.52195695187	a7	a15	a51	3
13	1763.53170423815	a7	a15
12	1763.53411073229	a7	a15	a53	3
13	1763.54524461263	a7	a15
12	1763.54532168404	a7	a15	a53	7
13	1763.54922951533	a7	a15
12	1763.55047751912	a7	a15	a53	1
13	1763.55438327674	a7	a15
12	1763.55444341317	a7	a15	a53	5
13	1763.55874144005	a7	a15
12	1763.56162384148	a7	a15	a55	2
13	1763.56732401495	a7	a15
12	1763.5777065355	a7	a15	a57	2
13	1764.248819793	a7	a15
12	1764.78326056516	a7	a15	a59	2
13	1766.87714168409	a7	a15
12	1766.87720907837	a7	a15	a59	4
13	1771.73907515163	a7	a15
12	1771.73932191837	a7	a15	a59	13
13	1773.94126820688	a7	a15
12	1776.3315341537	a7	a15	a61	3
13	1777.21755048327	a7	a15
12	1777.21763930548	a7	a15	a61	7
13	1778.06377895915	a7	a15
12	1778.06401604877	a7	a15	a61	11
13	1781.6155735371	a7	a15
12	1783.05952739465	a7	a15	a61	14
13	1783.33319793155	a7	a15
12	1786.49091224496	a7	a15	a63	3
13	1787.73179504638	a7	a15
12	1790.26790877749	a7	a15	a65	2
13	1815.07325964768	a7	a15
12	1815.07387172597	a7	a15	a65	5
13	1839.57659740375	a7	a15
12	1839.57712273351	a7	a15	a65	8
13	1857.87828397247	a7	a15
12	1857.87909097575	a7	a15	a65	13
13	1863.74032018589	a7	a15
12	1866.32444387261	a7	a15	a79	3
13	1866.32453995266	a7	a15
12	1866.32463914321	a7	a15	a79	8
13	1866.32467819733	a7	a15
12	1866.32472658296	a7	a15	a79	9
13	1866.32476148974	a7	a15
12	1866.32484374532	a7	a15	a79	10
13	1866.32487415915	a7	a15
12	1866.32497542338	a7	a15	a79	12
13	1866.3250144775	a7	a15
12	1866.3250915489	a7	a15	a79	14
13	1866.32516136246	a7	a15
12	1866.58261683607	a7	a15	a79	1
13	1866.58267800934	a7	a15
12	1866.58272674058	a7	a15	a79	4
13	1866.58275819125	a7	a15
12	1866.58278687702	a7	a15	a79	6
13	1866.58282040135	a7	a15
12	1866.58284805028	a7	a15	a79	8
13	1866.58287742728	a7	a15
12	1866.58290507621	a7	a15	a79	9
13	1866.58293237953	a7	a15
12	1866.58295553552	a7	a15	a79	10
13	1866.58298525812	a7	a15
12	1866.5830084141	a7	a15	a79	11
13	1866.58303468059	a7	a15
12	1866.58308444867	a7	a15	a79	12
13	1866.583111752	a7	a15
12	1866.58317499893	a7	a15	a79	13
13	1866.58320679521	a7	a15
12	1866.58322995119	a7	a15	a79	14
13	1866.58325932819	a7	a15
12	1868.78492912735	a7	a15	a79	7
13	1875.81552475035	a7	a15
12	1875.88407198895	a7	a15	a67	2
13	1916.87422404975	a7	a15
12	1922.8278131434	a7	a15	a51	2
13	1922.83042009232	a7	a15
12	1922.83359246195	a7	a15	a69	3
13	1922.85259557469	a7	a15
12	1922.85557405616	a7	a15	a51	3
13	1922.85662056834	a7	a15
12	1922.85866209654	a7	a15	a71	3
13	1922.87642757385	a7	a15
12	1922.88050406364	a7	a15	a71	1
13	1922.88729637003	a7	a15
12	1922.8921000268	a7	a15	a73	2
13	1923.02065789546	a7	a15
12	1923.02082897324	a7	a15	a73	4
13	1923.15438887978	a7	a15
12	1923.20585598905	a7	a15	a77	4
13	1923.20627175991	a7	a15
12	1923.20631185086	a7	a15	a77	6
13	1923.20666091866	a7	a15
12	1923.20672312876	a7	a15	a77	10
13	1923.20697542529	a7	a15
12	1923.20703452489	a7	a15	a77	13
13	1923.20729407926	a7	a15
12	1923.25743611334	a7	a15	a81	3
13	1923.25905150235	a7	a15
12	1923.29393685433	a7	a15	a81	2
13	1923.29559026062	a7	a15
12	1923.38533904787	a7	a15	a51	1
13	1923.38602992562	a7	a15
12	1923.38792802498	a7	a15	a75	1
13	1923.39017311847	a7	a15
12	1923.40017684861	a7	a15	a77	5
13	1923.40053974088	a7	a15
12	1923.40069595736	a7	a15	a77	9
13	1923.40105262861	a7	a15
12	1923.40113695786	a7	a15	a77	14
13	1923.40154512526	a7	a15
12	1923.4972961506	a7	a15	a83	1
13	1923.49833436809	a7	a15
12	1923.50548541941	a7	a15	a81	1
13	1923.50658135405	a7	a15
12	1923.53822486845	a7	a15	a51	1
13	1923.54117673783	a7	a15
12	1923.54414657902	a7	a15	a53	1
13	1923.55554312424	a7	a15
12	1923.55563471134	a7	a15	a53	5
13	1923.55982421615	a7	a15
12	1923.56118834546	a7	a15	a53	3
13	1923.56518292528	a7	a15
12	1923.56525239323	a7	a15	a53	7
13	1923.56913084753	a7	a15
12	1923.57125981549	a7	a15	a55	3
13	1923.57692300851	a7	a15
12	1923.58733525166	a7	a15	a57	1
13	1924.25079079112	a7	a15
12	1924.69419779179	a7	a15	a59	3
13	1927.28649692285	a7	a15
12	1927.28658021527	a7	a15	a59	7
13	1929.67690318802	a7	a15
12	1929.67701101886	a7	a15	a59	11
13	1931.97761458135	a7	a15
12	1931.97775178918	a7	a15	a59	14
13	1934.34931219492	a7	a15
12	1934.63336698043	a7	a15	a61	3
13	1935.73138670006	a7	a15
12	1935.73155743223	a7	a15	a61	6
13	1936.6851356615	a7	a15
12	1936.68549751693	a7	a15	a61	11
13	1937.61462233724	a7	a15
12	1937.61477095026	a7	a15	a61	14
13	1938.54316687553	a7	a15
12	1938.57488296839	a7	a15	a61	2
13	1938.89013923095	a7	a15
12	1938.89019936738	a7	a15	a61	5
13	1939.18280527713	a7	a15
12	1939.18285400838	a7	a15	a61	9
13	1939.46372674713	a7	a15
12	1939.46381556933	a7	a15	a61	13
13	1939.73077052564	a7	a15
12	1940.86982852202	a7	a15	a63	3
13	1941.20940409622	a7	a15
12	1943.16341098318	a7	a15	a65	3
13	1973.11120793229	a7	a15
12	1973.11173533572	a7	a15	a65	6
13	1986.42069687994	a7	a15
12	1986.42124985863	a7	a15	a65	7
13	1997.1385547639	a7	a15
12	1997.13896327691	a7	a15	a65	9
13	2002.62149401603	a7	a15
12	2002.62198893196	a7	a15	a65	11
13	2010.79087978636	a7	a15
12	2010.79149601199	a7	a15	a65	13
13	2016.01713151404	a7	a15
12	2019.33275165771	a7	a15	a79	3
13	2019.33315775144	a7	a15
12	2019.33331707842	a7	a15	a79	11
13	2019.33335509571	a7	a15
12	2019.33344875647	a7	a15	a79	15
13	2019.51074063722	a7	a15
12	2019.54582022297	a7	a15	a79	5
13	2019.54589072775	a7	a15
12	2019.54594879051	a7	a15	a79	9
13	2019.54601964091	a7	a15
12	2019.54606906338	a7	a15	a79	11
13	2019.546105007	a7	a15
12	2019.54612816298	a7	a15	a79	12
13	2019.54615477508	a7	a15
12	2019.54621594835	a7	a15	a79	13
13	2019.5462442885	a7	a15
12	2021.19608731984	a7	a15	a79	12
13	2021.19631853406	a7	a15
12	2028.49022740306	a7	a15	a67	2
13	2068.98774491762	a7	a15
12	2074.30294879763	a7	a15	a51	3
13	2074.30592174932	a7	a15
12	2074.3081046327	a7	a15	a69	3
13	2074.33217925126	a7	a15
12	2074.33456362626	a7	a15	a51	2
13	2074.33547085693	a7	a15
12	2074.33750823779	a7	a15	a71	2
13	2074.35645225093	a7	a15
12	2074.35987588026	a7	a15	a71	3
13	2074.36624170183	a7	a15
12	2074.37021519934	a7	a15	a73	1
13	2074.50346163608	a7	a15
12	2074.5036219999	a7	a15	a73	5
13	2074.63701393917	a7	a15
12	2074.68747047988	a7	a15	a77	2
13	2074.68808774234	a7	a15
12	2074.68820283103	a7	a15	a77	6
13	2074.68857090747	a7	a15
12	2074.68863104391	a7	a15	a77	10
13	2074.68891168059	a7	a15
12	2074.68899289934	a7	a15	a77	14
13	2074.68927249919	a7	a15
12	2074.75895818268	a7	a15	a81	2
13	2074.76040042023	a7	a15
12	2074.79427935099	a7	a15	a81	1
13	2074.79576582683	a7	a15
12	2074.8677111195	a7	a15	a51	1
13	2074.86844001454	a7	a15
12	2074.87190166115	a7	a15	a75	3
13	2074.87426806433	a7	a15
12	2074.88231805164	a7	a15	a77	3
13	2074.88261769697	a7	a15
12	2074.88272207169	a7	a15	a77	7
13	2074.88300063471	a7	a15
12	2074.88318311768	a7	a15	a77	11
13	2074.88366939331	a7	a15
12	2074.9556686014	a7	a15	a83	1
13	2074.9566981786	a7	a15
12	2074.96378390931	a7	a15	a81	1
13	2074.96486083532	a7	a15
12	2074.99602014775	a7	a15	a51	3
13	2074.99871038908	a7	a15
12	2075.00070560533	a7	a15	a53	1
13	2075.0119203588	a7	a15
12	2075.01204477901	a7	a15	a53	6
13	2075.01669636664	a7	a15
12	2075.01973913189	a7	a15	a53	3
13	2075.02386331609	a7	a15
12	2075.02394246117	a7	a15	a53	7
13	2075.02755168397	a7	a15
12	2075.0296827256	a7	a15	a55	1
13	2075.03512576398	a7	a15
12	2075.04653889856	a7	a15	a57	3
13	2075.76328084719	a7	a15
12	2076.23311608197	a7	a15	a59	2
13	2078.20477128388	a7	a15
12	2078.2048960497	a7	a15	a59	4
13	2080.51193939466	a7	a15
12	2080.51211980395	a7	a15	a59	8
13	2082.42815087927	a7	a15
12	2082.42836412168	a7	a15	a59	12
13	2084.77303628416	a7	a15
12	2086.17231291955	a7	a15	a61	2
13	2087.26561849583	a7	a15
12	2087.26574291603	a7	a15	a61	4
13	2088.24933233573	a7	a15
12	2088.24951896604	a7	a15	a61	10
13	2089.1974906826	a7	a15
12	2089.19774401597	a7	a15	a61	14
13	2090.31289501546	a7	a15
12	2090.3163428376	a7	a15	a61	2
13	2090.63494565808	a7	a15
12	2090.63498989638	a7	a15	a61	4
13	2090.90875305721	a7	a15
12	2090.90881008314	a7	a15	a61	8
13	2091.1694562438	a7	a15
12	2091.16952156441	a7	a15	a61	12
13	2091.43473602028	a7	a15
12	2092.93430536413	a7	a15	a63	1
13	2093.36659680187	a7	a15
12	2094.82932152111	a7	a15	a65	2
13	2119.64780356156	a7	a15
12	2119.6482455989	a7	a15	a65	5
13	2145.21087693998	a7	a15
12	2145.21140123291	a7	a15	a65	8
13	2163.34920980149	a7	a15
12	2163.3498785601	a7	a15	a65	13
13	2168.80709842767	a7	a15
12	2170.80957424256	a7	a15	a79	2
13	2170.80973253271	a7	a15
12	2170.80977884468	a7	a15	a79	6
13	2170.8098210093	a7	a15
12	2170.80992019985	a7	a15	a79	10
13	2170.8099865573	a7	a15
12	2170.81001213256	a7	a15	a79	12
13	2170.81004254639	a7	a15
12	2170.81008367418	a7	a15	a79	14
13	2170.81011650729	a7	a15
12	2172.765583258	a7	a15	a79	4
13	2172.76577438126	a7	a15
12	2172.76589880146	a7	a15	a79	11
13	2172.76593370824	a7	a15
12	2172.76600110252	a7	a15	a79	12
13	2172.76603082513	a7	a15
12	2172.76610236674	a7	a15	a79	15
13	2179.6939324297	a7	a15
12	2180.26303839919	a7	a15	a67	1
13	2221.0328758002	a7	a15
12	2225.89557203273	a7	a15	a51	3
13	2225.89867493441	a7	a15
12	2225.90084191966	a7	a15	a69	1
13	2225.91990516882	a7	a15
12	2225.9228539277	a7	a15	a51	2
13	2225.92393638349	a7	a15
12	2225.93937243805	a7	a15	a71	2
13	2225.9550269192	a7	a15
12	2225.96841211404	a7	a15	a71	1
13	2225.97533195114	a7	a15
12	2225.98003088757	a7	a15	a73	1
13	2226.11435459593	a7	a15
12	2226.11447072145	a7	a15	a73	6
13	2226.23888989022	a7	a15
12	2226.30163741919	a7	a15	a77	3
13	2226.30221044335	a7	a15
12	2226.3022768008	a7	a15	a77	9
13	2226.30256711461	a7	a15
12	2226.30265040703	a7	a15	a77	12
13	2226.30298461352	a7	a15
12	2226.36432066438	a7	a15	a81	3
13	2226.36603731761	a7	a15
12	2226.40149465692	a7	a15	a81	2
13	2226.40314357026	a7	a15
12	2226.48518763628	a7	a15	a51	1
13	2226.48591549448	a7	a15
12	2226.48788755474	a7	a15	a75	1
13	2226.49017584969	a7	a15
12	2226.5002912124	a7	a15	a77	4
13	2226.50065306783	a7	a15
12	2226.50075122155	a7	a15	a77	8
13	2226.50104153536	a7	a15
12	2226.50113104879	a7	a15	a77	12
13	2226.50162803839	a7	a15
12	2226.58355908939	a7	a15	a83	3
13	2226.58463843467	a7	a15
12	2226.59119537951	a7	a15	a81	1
13	2226.59244130962	a7	a15
12	2226.6223799216	a7	a15	a51	1
13	2226.62509435575	a7	a15
12	2226.62809184587	a7	a15	a53	1
13	2226.63872113316	a7	a15
12	2226.63880131507	a7	a15	a53	5
13	2226.6431038349	a7	a15
12	2226.64454503561	a7	a15	a53	3
13	2226.64857936078	a7	a15
12	2226.64864675506	a7	a15	a53	7
13	2226.65261679645	a7	a15
12	2226.65478274486	a7	a15	a55	3
13	2226.66010136304	a7	a15
12	2226.6702357344	a7	a15	a57	3
13	2227.30885008859	a7	a15
12	2227.7734261504	a7	a15	a59	2
13	2229.82441063856	a7	a15
12	2229.82448770997	a7	a15	a59	4
13	2232.16443639758	a7	a15
12	2232.16466864863	a7	a15	a59	8
13	2234.10008992177	a7	a15
12	2234.10028104503	a7	a15	a59	12
13	2236.47208510701	a7	a15
12	2237.6980475065	a7	a15	a61	1
13	2238.79058098628	a7	a15
12	2238.79074653428	a7	a15	a61	5
13	2239.76666475708	a7	a15
12	2239.76691497994	a7	a15	a61	9
13	2240.95414191331	a7	a15
12	2240.95432888923	a7	a15	a61	15
13	2241.79879716481	a7	a15
12	2241.80257228121	a7	a15	a61	3
13	2242.1129920539	a7	a15
12	2242.11310299525	a7	a15	a61	6
13	2242.40371818171	a7	a15
12	2242.40385297026	a7	a15	a61	9
13	2242.6954199713	a7	a15
12	2242.6954673201	a7	a15	a61	13
13	2242.96726083995	a7	a15
12	2244.10500309266	a7	a15	a63	2
13	2244.42570757779	a7	a15
12	2246.51682207521	a7	a15	a65	1
13	2302.99015699959	a7	a15
12	2302.99052507603	a7	a15	a65	10
13	2319.66905985803	a7	a15
12	2321.71460683759	a7	a15	a79	2
13	2321.71472503679	a7	a15
12	2321.71480107136	a7	a15	a79	6
13	2321.71484323598	a7	a15
12	2321.71489093039	a7	a15	a79	9
13	2321.71492030739	a7	a15
12	2321.71507963437	a7	a15	a79	14
13	2321.71513458663	a7	a15
12	2321.97277046954	a7	a15	a79	1
13	2322.00787563055	a7	a15
12	2323.68017789144	a7	a15	a79	4
13	2323.68032235712	a7	a15
12	2323.68036244808	a7	a15	a79	10
13	2323.680413253	a7	a15
12	2323.68058709567	a7	a15	a79	14
13	2323.68063686376	a7	a15
12	2331.08590458167	a7	a15	a67	1
13	2371.75022051508	a7	a15
12	2376.57369742513	a7	a15	a51	3
13	2376.57659987204	a7	a15
12	2376.57869082271	a7	a15	a69	1
13	2376.59807894686	a7	a15
12	2376.6001066506	a7	a15	a51	2
13	2376.60114694177	a7	a15
12	2376.60314215801	a7	a15	a71	2
13	2376.62132133249	a7	a15
12	2376.62576278822	a7	a15	a71	1
13	2376.63237053798	a7	a15
12	2376.63642905596	a7	a15	a73	1
13	2376.76644747959	a7	a15
12	2376.76665208171	a7	a15	a73	4
13	2376.90013284317	a7	a15
12	2376.95326683758	a7	a15	a77	2
13	2376.95377868849	a7	a15
12	2376.95383778808	a7	a15	a77	6
13	2376.95417752437	a7	a15
12	2376.95423869763	a7	a15	a77	10
13	2376.95449721517	a7	a15
12	2376.95455631477	a7	a15	a77	14
13	2376.9548884476	a7	a15
12	2377.0299884837	a7	a15	a81	1
13	2377.03142311779	a7	a15
12	2377.06678230339	a7	a15	a81	2
13	2377.06845575515	a7	a15
12	2377.14090322159	a7	a15	a51	1
13	2377.14164283059	a7	a15
12	2377.14349841972	a7	a15	a75	1
13	2377.14540066642	a7	a15
12	2377.17354244325	a7	a15	a77	1
13	2377.17393194762	a7	a15
12	2377.1740024524	a7	a15	a77	4
13	2377.17428308909	a7	a15
12	2377.1743484097	a7	a15	a77	8
13	2377.17463872351	a7	a15
12	2377.17474309824	a7	a15	a77	11
13	2377.17510080633	a7	a15
12	2377.25064253416	a7	a15	a83	3
13	2377.25157222958	a7	a15
12	2377.25840566377	a7	a15	a81	2
13	2377.2597528581	a7	a15
12	2377.29122736839	a7	a15	a51	3
13	2377.29358755057	a7	a15
12	2377.29580084778	a7	a15	a53	1
13	2377.30646607868	a7	a15
12	2377.30656630607	a7	a15	a53	5
13	2377.31142698877	a7	a15
12	2377.31377230965	a7	a15	a53	3
13	2377.31797425648	a7	a15
12	2377.31804925421	a7	a15	a53	7
13	2377.33255595896	a7	a15
12	2377.33470704607	a7	a15	a55	1
13	2377.34107943427	a7	a15
12	2377.3512424914	a7	a15	a57	2
13	2378.04752733894	a7	a15
12	2378.56421231092	a7	a15	a59	3
13	2381.21683657867	a7	a15
12	2381.2169527042	a7	a15	a59	7
13	2383.57002288494	a7	a15
12	2383.57009753706	a7	a15	a59	11
13	2385.89864034794	a7	a15
12	2385.89874610511	a7	a15	a59	14
13	2388.08076165913	a7	a15
12	2388.5695896383	a7	a15	a61	3
13	2389.66448399149	a7	a15
12	2389.66458110837	a7	a15	a61	5
13	2390.57943043814	a7	a15
12	2390.57959598614	a7	a15	a61	8
13	2391.72749092762	a7	a15
12	2391.72766269663	a7	a15	a61	15
13	2392.63941016156	a7	a15
12	2392.67308552704	a7	a15	a61	1
13	2392.98609358561	a7	a15
12	2392.98621489531	a7	a15	a61	6
13	2393.26649491002	a7	a15
12	2393.26653085364	a7	a15	a61	9
13	2393.56477161625	a7	a15
12	2393.56491400827	a7	a15	a61	13
13	2393.83438985618	a7	a15
12	2394.9796882171	a7	a15	a63	3
13	2395.3375411195	a7	a15
12	2396.83681392853	a7	a15	a65	2
13	2421.088418158	a7	a15
12	2421.0888709093	a7	a15	a65	5
13	2446.27944850958	a7	a15
12	2446.27982418947	a7	a15	a65	8
13	2464.74248043603	a7	a15
12	2464.74328329197	a7	a15	a65	13
13	2470.15679226764	a7	a15
12	2473.66482998734	a7	a15	a79	2
13	2473.66491742709	a7	a15
12	2473.66495959172	a7	a15	a79	5
13	2473.66499968267	a7	a15
12	2473.66502629477	a7	a15	a79	7
13	2473.6650535981	a7	a15
12	2473.66507882775	a7	a15	a79	9
13	2473.66511269769	a7	a15
12	2473.66515589915	a7	a15	a79	11
13	2473.6651928796	a7	a15
12	2473.66521810926	a7	a15	a79	13
13	2473.66524679503	a7	a15
12	2473.92493388327	a7	a15	a79	11
13	2473.92498123207	a7	a15
12	2473.92506659815	a7	a15	a79	13
13	2473.92510565227	a7	a15
12	2475.57128347172	a7	a15	a79	3
13	2475.57135639578	a7	a15
12	2475.57141342171	a7	a15	a79	6
13	2475.57145558634	a7	a15
12	2475.57148081599	a7	a15	a79	8
13	2475.57151157543	a7	a15
12	2475.57153473141	a7	a15	a79	9
13	2475.5715609979	a7	a15
12	2475.57158519072	a7	a15	a79	10
13	2475.57161491332	a7	a15
12	2475.57163910614	a7	a15	a79	11
13	2475.57166537263	a7	a15
12	2475.57170027941	a7	a15	a79	12
13	2475.58578291862	a7	a15
12	2483.60895870362	a7	a15	a67	3
13	2526.78156973823	a7	a15
12	2529.70321260964	a7	a15	a51	1
13	2529.70614996332	a7	a15
12	2529.71012000472	a7	a15	a69	3
13	2529.72984268098	a7	a15
12	2529.73188939336	a7	a15	a51	1
13	2529.73317541443	a7	a15
12	2529.73524528279	a7	a15	a71	2
13	2529.75419378888	a7	a15
12	2529.75666871414	a7	a15	a71	1
13	2529.76315722786	a7	a15
12	2529.76794049354	a7	a15	a73	1
13	2529.89574009017	a7	a15
12	2529.89589526982	a7	a15	a73	4
13	2530.02377988692	a7	a15
12	2530.0830249871	a7	a15	a77	1
13	2530.08344905264	a7	a15
12	2530.08351126274	a7	a15	a77	6
13	2530.08391217229	a7	a15
12	2530.08397334556	a7	a15	a77	10
13	2530.08422978943	a7	a15
12	2530.08431308184	a7	a15	a77	14
13	2530.0846697531	a7	a15
12	2530.13359108672	a7	a15	a81	3
13	2530.13545877225	a7	a15
12	2530.17008145935	a7	a15	a81	2
13	2530.17179673013	a7	a15
12	2530.24408936254	a7	a15	a51	1
13	2530.24482897154	a7	a15
12	2530.24775768493	a7	a15	a75	3
13	2530.24999517496	a7	a15
12	2530.2582888185	a7	a15	a77	3
13	2530.25856841835	a7	a15
12	2530.25871495771	a7	a15	a77	8
13	2530.25920054212	a7	a15
12	2530.25930906419	a7	a15	a77	14
13	2530.25976907334	a7	a15
12	2530.34708509996	a7	a15	a83	2
13	2530.34808218966	a7	a15
12	2530.35459696987	a7	a15	a81	1
13	2530.35589232246	a7	a15
12	2530.387551735	a7	a15	a51	1
13	2530.39016594176	a7	a15
12	2530.39222855228	a7	a15	a53	1
13	2530.40399006344	a7	a15
12	2530.40421056369	a7	a15	a53	6
13	2530.4095329836	a7	a15
12	2530.41072638074	a7	a15	a53	1
13	2530.41476381641	a7	a15
12	2530.41481876866	a7	a15	a53	5
13	2530.41820852804	a7	a15
12	2530.44039161387	a7	a15	a55	1
13	2530.44644431126	a7	a15
12	2530.46499674636	a7	a15	a57	2
13	2531.08381342656	a7	a15
12	2531.63130484144	a7	a15	a59	1
13	2534.10348317623	a7	a15
12	2534.1036214209	a7	a15	a59	6
13	2536.39697681519	a7	a15
12	2536.3971192072	a7	a15	a59	10
13	2539.30705171798	a7	a15
12	2539.30718028553	a7	a15	a59	15
13	2541.33253006399	a7	a15
12	2541.56441718535	a7	a15	a61	2
13	2542.81315435787	a7	a15
12	2542.81338557208	a7	a15	a61	7
13	2543.65938387058	a7	a15
12	2543.65954941858	a7	a15	a61	11
13	2544.49593210885	a7	a15
12	2544.49620030352	a7	a15	a61	13
13	2545.29429716847	a7	a15
12	2545.52514399866	a7	a15	a61	3
13	2545.83936964719	a7	a15
12	2545.83950339891	a7	a15	a61	6
13	2546.12384227722	a7	a15
12	2546.12391520129	a7	a15	a61	9
13	2546.41700634984	a7	a15
12	2546.41710242989	a7	a15	a61	13
13	2546.69146902872	a7	a15
12	2547.83264320543	a7	a15	a63	2
13	2548.21370047618	a7	a15
12	2549.68350228583	a7	a15	a65	2
13	2575.08501222556	a7	a15
12	2575.08535403551	a7	a15	a65	5
13	2599.90481830436	a7	a15
12	2599.90527623984	a7	a15	a65	8
13	2617.76046258334	a7	a15
12	2617.76116935923	a7	a15	a65	13
13	2623.07935379438	a7	a15
12	2625.13542914263	a7	a15	a79	12
13	2625.13553455419	a7	a15
12	2625.66812284773	a7	a15	a79	14
13	2625.66824208376	a7	a15
12	2627.34909961623	a7	a15	a79	4
13	2627.34914074402	a7	a15
12	2627.34931182181	a7	a15	a79	9
13	2627.3493411988	a7	a15
12	2627.34941723337	a7	a15	a79	13
13	2627.34945317698	a7	a15
12	2634.05301409128	a7	a15	a67	3
13	2676.74674385094	a7	a15
12	2679.69682814451	a7	a15	a51	2
13	2679.69954396111	a7	a15
12	2679.71701739654	a7	a15	a69	1
13	2679.73619642562	a7	a15
12	2679.73910301987	a7	a15	a51	3
13	2679.74008213777	a7	a15
12	2679.74212055547	a7	a15	a71	3
13	2679.75875519134	a7	a15
12	2679.76393729291	a7	a15	a71	3
13	2679.77017903989	a7	a15
12	2679.77505734878	a7	a15	a73	1
13	2679.90952759649	a7	a15
12	2679.90965754649	a7	a15	a73	5
13	2680.0420008999	a7	a15
12	2680.0947498829	a7	a15	a77	1
13	2680.09527866878	a7	a15
12	2680.09534606306	a7	a15	a77	4
13	2680.09565953285	a7	a15
12	2680.09571655878	a7	a15	a77	7
13	2680.09606355291	a7	a15
12	2680.09613198402	a7	a15	a77	11
13	2680.096421261	a7	a15
12	2680.09651388493	a7	a15	a77	15
13	2680.09674198864	a7	a15
12	2680.14528349502	a7	a15	a81	1
13	2680.16115432908	a7	a15
12	2680.19773732564	a7	a15	a81	1
13	2680.19924073646	a7	a15
12	2680.27165882591	a7	a15	a51	3
13	2680.2722474026	a7	a15
12	2680.27412649332	a7	a15	a75	1
13	2680.27621537033	a7	a15
12	2680.28528975066	a7	a15	a77	4
13	2680.28557349785	a7	a15
12	2680.28563467112	a7	a15	a77	7
13	2680.28589215182	a7	a15
12	2680.28597129689	a7	a15	a77	10
13	2680.28648487585	a7	a15
12	2680.37406253052	a7	a15	a83	1
13	2680.37506687807	a7	a15
12	2680.38241112631	a7	a15	a81	1
13	2680.38348494181	a7	a15
12	2680.4150009255	a7	a15	a51	1
13	2680.41742297217	a7	a15
12	2680.42055006667	a7	a15	a53	1
13	2680.43121771686	a7	a15
12	2680.43129236898	a7	a15	a53	4
13	2680.43521609841	a7	a15
12	2680.43820494824	a7	a15	a53	3
13	2680.44229007832	a7	a15
12	2680.44236403922	a7	a15	a53	7
13	2680.44611358036	a7	a15
12	2680.44820245737	a7	a15	a55	3
13	2680.45380447712	a7	a15
12	2680.46542255943	a7	a15	a57	2
13	2681.16301139985	a7	a15
12	2681.70243623808	a7	a15	a59	1
13	2684.06494369141	a7	a15
12	2684.06514829353	a7	a15	a59	6
13	2686.34865928466	a7	a15
12	2686.34879234516	a7	a15	a59	10
13	2689.23526508056	a7	a15
12	2689.23542544438	a7	a15	a59	15
13	2691.20221408819	a7	a15
12	2691.60393790069	a7	a15	a61	2
13	2692.6409896459	a7	a15
12	2692.64137915027	a7	a15	a61	4
13	2693.50582550914	a7	a15
12	2693.50611133	a7	a15	a61	8
13	2694.59166483625	a7	a15
12	2694.59189570485	a7	a15	a61	15
13	2695.46285165976	a7	a15
12	2695.46611803577	a7	a15	a61	3
13	2695.78578637707	a7	a15
12	2695.78600065632	a7	a15	a61	5
13	2696.06836436386	a7	a15
12	2696.06845076678	a7	a15	a61	10
13	2696.3385214124	a7	a15
12	2696.33859641014	a7	a15	a61	13
13	2696.61081399553	a7	a15
12	2697.7532057622	a7	a15	a63	3
13	2698.14032091451	a7	a15
12	2699.64560114579	a7	a15	a65	2
13	2723.721519552	a7	a15
12	2723.72194880171	a7	a15	a65	5
13	2748.02357721168	a7	a15
12	2748.02402339636	a7	a15	a65	8
13	2766.30022594208	a7	a15
12	2766.30098144922	a7	a15	a65	13
13	2775.09334782929	a7	a15
12	2787.07703960447	a7	a15	a67	3
13	2833.67901608032	a7	a15
12	2834.14301808113	a7	a15	a51	3
13	2834.14582237432	a7	a15
12	2834.14842828641	a7	a15	a69	1
13	2834.16765708357	a7	a15
12	2834.16975149037	a7	a15	a51	1
13	2834.17095732953	a7	a15
12	2834.17292282316	a7	a15	a71	2
13	2834.19156304363	a7	a15
12	2834.19605115694	a7	a15	a71	3
13	2834.20319875214	a7	a15
12	2834.2243415468	a7	a15	a73	1
13	2834.36053570558	a7	a15
12	2834.36088408215	a7	a15	a73	5
13	2834.48266346889	a7	a15
12	2834.54175753677	a7	a15	a77	1
13	2834.54230705934	a7	a15
12	2834.5423768729	a7	a15	a77	6
13	2834.54280404894	a7	a15
12	2834.54289494481	a7	a15	a77	10
13	2834.54316175703	a7	a15
12	2834.54327788256	a7	a15	a77	14
13	2834.54358789623	a7	a15
12	2834.59294953914	a7	a15	a81	1
13	2834.59440214504	a7	a15
12	2834.62930235832	a7	a15	a81	3
13	2834.63081855677	a7	a15
12	2834.70664956158	a7	a15	a75	3
13	2834.70883244497	a7	a15
12	2834.71722182294	a7	a15	a77	4
13	2834.7176438148	a7	a15
12	2834.71781903993	a7	a15	a77	9
13	2834.71836441516	a7	a15
12	2834.71847431968	a7	a15	a77	14
13	2834.71878018602	a7	a15
12	2834.79350765272	a7	a15	a83	1
13	2834.79453722992	a7	a15
12	2834.80104682596	a7	a15	a81	1
13	2834.80211649412	a7	a15
12	2834.83468210049	a7	a15	a51	3
13	2834.83722994981	a7	a15
12	2834.83932746711	a7	a15	a53	1
13	2834.85088195687	a7	a15
12	2834.85101709103	a7	a15	a53	6
13	2834.85649158008	a7	a15
12	2834.8578294429	a7	a15	a53	3
13	2834.86187413642	a7	a15
12	2834.8619387658	a7	a15	a53	7
13	2834.86538658795	a7	a15
12	2834.86755357319	a7	a15	a55	2
13	2834.87400821697	a7	a15
12	2834.88438002355	a7	a15	a57	1
13	2835.59564540946	a7	a15
12	2836.13997931602	a7	a15	a59	2
13	2838.19049653719	a7	a15
12	2838.19060091192	a7	a15	a59	4
13	2840.54294634496	a7	a15
12	2840.543071802	a7	a15	a59	8
13	2842.4888019804	a7	a15
12	2842.488896678	a7	a15	a59	12
13	2844.83927661741	a7	a15
12	2846.0834392737	a7	a15	a61	2
13	2847.16960036528	a7	a15
12	2847.16972996966	a7	a15	a61	5
13	2848.15175273161	a7	a15
12	2848.15190238146	a7	a15	a61	10
13	2849.09868623067	a7	a15
12	2849.09895407973	a7	a15	a61	13
13	2849.94512345601	a7	a15
12	2850.22698913712	a7	a15	a61	1
13	2850.54762830164	a7	a15
12	2850.5478045636	a7	a15	a61	7
13	2850.84830078805	a7	a15
12	2850.84839894177	a7	a15	a61	10
13	2851.13239704696	a7	a15
12	2851.13248344988	a7	a15	a61	14
13	2851.41563757134	a7	a15
12	2852.55324365305	a7	a15	a63	3
13	2852.90215005144	a7	a15
12	2854.47733612086	a7	a15	a65	3
13	2884.51446090219	a7	a15
12	2884.51499279857	a7	a15	a65	6
13	2897.50179206759	a7	a15
12	2897.50221820679	a7	a15	a65	7
13	2907.98917949248	a7	a15
12	2907.98957521786	a7	a15	a65	9
13	2913.43671428388	a7	a15
12	2913.43771033675	a7	a15	a65	11
13	2921.87230192266	a7	a15
12	2921.87304464216	a7	a15	a65	13
13	2927.26025913544	a7	a15
12	2928.65376923992	a7	a15	a79	9
13	2928.65387257781	a7	a15
12	2928.92412052222	a7	a15	a79	1
13	2928.92418895334	a7	a15
12	2928.92427984921	a7	a15	a79	4
13	2928.92432305067	a7	a15
12	2928.92440737992	a7	a15	a79	7
13	2930.45667539063	a7	a15
12	2930.58805448746	a7	a15	a79	11
13	2930.58817683399	a7	a15
12	2937.64358357404	a7	a15	a67	3
13	2980.21596630717	a7	a15
12	2985.35508656487	a7	a15	a51	2
13	2985.35810064435	a7	a15
12	2985.37715110589	a7	a15	a69	2
13	2985.3961860149	a7	a15
12	2985.39825484643	a7	a15	a51	1
13	2985.39907463734	a7	a15
12	2985.40182086776	a7	a15	a71	1
13	2985.4198566134	a7	a15
12	2985.42564664591	a7	a15	a71	3
13	2985.43231314965	a7	a15
12	2985.43727924391	a7	a15	a73	2
13	2985.5778370958	a7	a15
12	2985.57801957876	a7	a15	a73	7
13	2985.70411945714	a7	a15
12	2985.75735713506	a7	a15	a77	2
13	2985.75782854939	a7	a15
12	2985.75788972266	a7	a15	a77	6
13	2985.75828855854	a7	a15
12	2985.75835595282	a7	a15	a77	10
13	2985.758633479	a7	a15
12	2985.75870951357	a7	a15	a77	14
13	2985.75907240584	a7	a15
12	2985.81042995621	a7	a15	a81	3
13	2985.81227310331	a7	a15
12	2985.8669951834	a7	a15	a81	1
13	2985.86847025406	a7	a15
12	2985.94026140392	a7	a15	a51	2
13	2985.94098511478	a7	a15
12	2985.94380634294	a7	a15	a75	3
13	2985.94555548367	a7	a15
12	2985.95382286072	a7	a15	a77	1
13	2985.95418782665	a7	a15
12	2985.95425211043	a7	a15	a77	4
13	2985.95463090083	a7	a15
12	2985.95469829511	a7	a15	a77	9
13	2985.95521221968	a7	a15
12	2985.95533145571	a7	a15	a77	15
13	2985.95556336115	a7	a15
12	2986.0303215873	a7	a15	a83	3
13	2986.03131211038	a7	a15
12	2986.03806328898	a7	a15	a81	1
13	2986.0394633619	a7	a15
12	2986.07049168751	a7	a15	a51	2
13	2986.07288850453	a7	a15
12	2986.07503890041	a7	a15	a53	2
13	2986.08575459062	a7	a15
12	2986.08581265338	a7	a15	a53	4
13	2986.08996621458	a7	a15
12	2986.09229909343	a7	a15	a53	1
13	2986.09643053548	a7	a15
12	2986.09650968056	a7	a15	a53	4
13	2986.09948574275	a7	a15
12	2986.09955762998	a7	a15	a53	7
13	2986.10326604333	a7	a15
12	2986.14686288338	a7	a15	a55	2
13	2986.1527033752	a7	a15
12	2986.16235043408	a7	a15	a57	1
13	2986.86485698313	a7	a15
12	2987.30056963091	a7	a15	a59	3
13	2989.97165370983	a7	a15
12	2989.97178262299	a7	a15	a59	7
13	2992.28971273594	a7	a15
12	2992.28989003474	a7	a15	a59	11
13	2994.62184818026	a7	a15
12	2994.62196499701	a7	a15	a59	14
13	2996.81128574515	a7	a15
12	2997.31272958756	a7	a15	a61	2
13	2998.41496507848	a7	a15
12	2998.4151994032	a7	a15	a61	5
13	2999.27361829434	a7	a15
12	2999.27398256905	a7	a15	a61	8
13	3000.11965357329	a7	a15
12	3000.11983501942	a7	a15	a61	12
13	3000.97868557954	a7	a15
12	3001.28676556114	a7	a15	a61	3
13	3001.60517553031	a7	a15
12	3001.60528819972	a7	a15	a61	6
13	3001.90814080462	a7	a15
12	3001.90823239172	a7	a15	a61	10
13	3002.19240364836	a7	a15
12	3002.19248797761	a7	a15	a61	14
13	3002.47206951111	a7	a15
12	3003.59180263029	a7	a15	a63	2
13	3004.00646337928	a7	a15
12	3005.70956931819	a7	a15	a65	3
13	3036.23829768611	a7	a15
12	3036.2388800418	a7	a15	a65	6
13	3049.34523364955	a7	a15
12	3049.34576139858	a7	a15	a65	7
13	3059.8215110413	a7	a15
12	3059.82224201001	a7	a15	a65	9
13	3065.35433380998	a7	a15
12	3065.35527698426	a7	a15	a65	11
13	3073.51754972055	a7	a15
12	3073.51830522769	a7	a15	a65	13
13	3078.73543280696	a7	a15
12	3081.55130329669	a7	a15	a79	3
13	3081.55147955865	a7	a15
12	3081.5515196496	a7	a15	a79	4
13	3081.55155663005	a7	a15
12	3081.5515787492	a7	a15	a79	5
13	3081.55160950864	a7	a15
12	3081.55163266462	a7	a15	a79	6
13	3081.55165789428	a7	a15
12	3081.5516969484	a7	a15	a79	7
13	3081.55178024081	a7	a15
12	3081.55180788975	a7	a15	a79	8
13	3081.55183830357	a7	a15
12	3081.5519101908	a7	a15	a79	9
13	3081.55193853096	a7	a15
12	3081.5520017779	a7	a15	a79	12
13	3081.55203253734	a7	a15
12	3081.5520757388	a7	a15	a79	13
13	3081.55209993162	a7	a15
12	3081.55214002257	a7	a15	a79	14
13	3081.55217492935	a7	a15
12	3081.5521970485	a7	a15	a79	15
13	3081.73057760605	a7	a15
12	3081.76976755153	a7	a15	a79	10
13	3081.76982354062	a7	a15
12	3081.76994899766	a7	a15	a79	13
13	3081.76999530963	a7	a15
12	3083.53866689516	a7	a15	a79	1
13	3083.53880202933	a7	a15
12	3083.53888221124	a7	a15	a79	7
13	3089.17193893438	a7	a15
12	3090.48260488179	a7	a15	a67	1
13	3131.01171199533	a7	a15
12	3136.48328649852	a7	a15	a51	1
13	3136.48688846347	a7	a15
12	3136.4891556761	a7	a15	a69	1
13	3136.50833090346	a7	a15
12	3136.51039005786	a7	a15	a51	1
13	3136.51120051725	a7	a15
12	3136.51316393722	a7	a15	a71	3
13	3136.53339811877	a7	a15
12	3136.53606105678	a7	a15	a71	3
13	3136.54230142131	a7	a15
12	3136.54734977116	a7	a15	a73	3
13	3136.67873094165	a7	a15
12	3136.67898531185	a7	a15	a73	4
13	3136.81166425421	a7	a15
12	3136.86224003095	a7	a15	a77	2
13	3136.86279300964	a7	a15
12	3136.86285625658	a7	a15	a77	7
13	3136.8632592398	a7	a15
12	3136.86333734804	a7	a15	a77	11
13	3136.86361141811	a7	a15
12	3136.86368123167	a7	a15	a77	15
13	3136.86395011756	a7	a15
12	3136.93492596945	a7	a15	a81	2
13	3136.9364715449	a7	a15
12	3136.97124422747	a7	a15	a81	2
13	3136.97304313627	a7	a15
12	3137.04604876558	a7	a15	a51	1
13	3137.04655197619	a7	a15
12	3137.04945096698	a7	a15	a75	3
13	3137.05188511006	a7	a15
12	3137.06018393777	a7	a15	a77	3
13	3137.06048150943	a7	a15
12	3137.06057102286	a7	a15	a77	6
13	3137.06098575688	a7	a15
12	3137.06113644357	a7	a15	a77	11
13	3137.06140982241	a7	a15
12	3137.06148689382	a7	a15	a77	15
13	3137.06172536588	a7	a15
12	3137.1422311143	a7	a15	a83	2
13	3137.14331357009	a7	a15
12	3137.25683629374	a7	a15	a81	1
13	3137.25804005923	a7	a15
12	3137.30199460736	a7	a15	a51	1
13	3137.30441699964	a7	a15
12	3137.30768233882	a7	a15	a53	1
13	3137.31927484586	a7	a15
12	3137.3193498436	a7	a15	a53	4
13	3137.32322276811	a7	a15
12	3137.32328912555	a7	a15	a53	7
13	3137.33417381987	a7	a15
12	3137.33573736712	a7	a15	a53	1
13	3137.33966317022	a7	a15
12	3137.33972745399	a7	a15	a53	5
13	3137.34337780458	a7	a15
12	3137.5408216113	a7	a15	a55	1
13	3137.54693133461	a7	a15
12	3137.55988693413	a7	a15	a57	2
13	3138.2211830918	a7	a15
12	3138.73613758609	a7	a15	a59	1
13	3141.15340721048	a7	a15
12	3141.15355271299	a7	a15	a59	6
13	3143.4446809856	a7	a15
12	3143.4447666973	a7	a15	a59	10
13	3146.28992674026	a7	a15
12	3146.2901555352	a7	a15	a59	15
13	3148.33697090964	a7	a15
12	3148.78983419154	a7	a15	a61	2
13	3149.90384259881	a7	a15
12	3149.90403337646	a7	a15	a61	5
13	3150.86930330333	a7	a15
12	3150.86950272127	a7	a15	a61	8
13	3151.81258126763	a7	a15
12	3151.81274681563	a7	a15	a61	12
13	3152.77733865238	a7	a15
12	3152.83887826852	a7	a15	a61	2
13	3153.15794731916	a7	a15
12	3153.15803061158	a7	a15	a61	4
13	3153.42960155751	a7	a15
12	3153.42969210777	a7	a15	a61	8
13	3153.69097765004	a7	a15
12	3153.69105161094	a7	a15	a61	12
13	3153.94878150022	a7	a15
12	3155.1564423787	a7	a15	a63	2
13	3155.54379807674	a7	a15
12	3157.02438227966	a7	a15	a65	2
13	3181.92629567142	a7	a15
12	3181.92675049639	a7	a15	a65	5
13	3205.75429679523	a7	a15
12	3205.75471878709	a7	a15	a65	8
13	3224.07677916448	a7	a15
12	3224.07753432601	a7	a15	a65	13
13	3229.7623180584	a7	a15
12	3229.76288762645	a7	a15	a65	15
13	3230.81962817798	a7	a15
12	3231.96650080011	a7	a15	a79	2
13	3231.96674341951	a7	a15
12	3231.96677175967	a7	a15	a79	9
13	3231.96681288746	a7	a15
12	3231.96684261006	a7	a15	a79	11
13	3231.96687302389	a7	a15
12	3231.96694283745	a7	a15	a79	12
13	3231.96698189157	a7	a15
12	3231.96705896298	a7	a15	a79	14
13	3231.96708833997	a7	a15
12	3231.96711045912	a7	a15	a79	15
13	3233.13303665329	a7	a15
12	3233.68707464466	a7	a15	a79	10
13	3233.68739640914	a7	a15
12	3233.68747555421	a7	a15	a79	13
13	3233.68752428546	a7	a15
12	3240.67306182222	a7	a15	a67	1
13	3281.39399586142	a7	a15
12	3287.55697137346	a7	a15	a51	3
13	3287.56035491183	a7	a15
12	3287.56249563059	a7	a15	a69	1
13	3287.58148491886	a7	a15
12	3287.5873762156	a7	a15	a71	2
13	3287.60535908265	a7	a15
12	3287.60969201631	a7	a15	a71	1
13	3287.61653512761	a7	a15
12	3287.62057048962	a7	a15	a73	1
13	3287.74689605242	a7	a15
12	3287.74717150493	a7	a15	a73	5
13	3287.87475232937	a7	a15
12	3287.92911255403	a7	a15	a77	3
13	3287.92952832489	a7	a15
12	3287.92959053499	a7	a15	a77	6
13	3287.92990918896	a7	a15
12	3287.92997036223	a7	a15	a77	10
13	3287.93028694253	a7	a15
12	3287.93034500529	a7	a15	a77	14
13	3287.93062771565	a7	a15
12	3287.97917682548	a7	a15	a81	2
13	3287.98076663922	a7	a15
12	3288.01632316909	a7	a15	a81	2
13	3288.018048117	a7	a15
12	3288.08923790253	a7	a15	a51	3
13	3288.08978984438	a7	a15
12	3288.09166340531	a7	a15	a75	1
13	3288.09418602498	a7	a15
12	3288.1034259533	a7	a15	a77	5
13	3288.103712811	a7	a15
12	3288.1037867719	a7	a15	a77	9
13	3288.1041033522	a7	a15
12	3288.10422880924	a7	a15	a77	13
13	3288.10461174699	a7	a15
12	3288.17667731252	a7	a15	a83	1
13	3288.17758039584	a7	a15
12	3288.18484238851	a7	a15	a81	3
13	3288.18621066516	a7	a15
12	3288.2160773899	a7	a15	a51	1
13	3288.21834460254	a7	a15
12	3288.22127331593	a7	a15	a53	1
13	3288.23212310347	a7	a15
12	3288.23220121171	a7	a15	a53	5
13	3288.23770231286	a7	a15
12	3288.25970153327	a7	a15	a53	1
13	3288.26372237958	a7	a15
12	3288.26377940551	a7	a15	a53	5
13	3288.26751304851	a7	a15
12	3288.27498690114	a7	a15	a55	2
13	3288.28040021692	a7	a15
12	3288.29048931315	a7	a15	a57	2
13	3288.97914651086	a7	a15
12	3289.43888953891	a7	a15	a59	1
13	3291.87864258567	a7	a15
12	3291.87880398633	a7	a15	a59	6
13	3294.15030047855	a7	a15
12	3294.15040900062	a7	a15	a59	10
13	3297.01818898257	a7	a15
12	3297.01828506262	a7	a15	a59	15
13	3299.08257871105	a7	a15
12	3299.48661639378	a7	a15	a61	1
13	3300.59868384584	a7	a15
12	3300.5988514675	a7	a15	a61	6
13	3301.57427823049	a7	a15
12	3301.57444170482	a7	a15	a61	9
13	3302.52531586829	a7	a15
12	3302.52567668688	a7	a15	a61	13
13	3303.45126797335	a7	a15
12	3303.55248622989	a7	a15	a61	3
13	3303.86149141396	a7	a15
12	3303.86163380597	a7	a15	a61	6
13	3304.16666687498	a7	a15
12	3304.16673979904	a7	a15	a61	9
13	3304.46453092086	a7	a15
12	3304.46464186221	a7	a15	a61	13
13	3304.73322914249	a7	a15
12	3305.89268583158	a7	a15	a63	3
13	3306.26880431139	a7	a15
12	3307.74948252069	a7	a15	a65	2
13	3331.8003547939	a7	a15
12	3331.80143932335	a7	a15	a65	5
13	3355.74540975591	a7	a15
12	3355.74575813249	a7	a15	a65	8
13	3373.72724757403	a7	a15
12	3373.72781334036	a7	a15	a65	13
13	3379.21256083281	a7	a15
12	3382.12660232088	a7	a15	a79	14
13	3382.12680277565	a7	a15
12	3384.12589712585	a7	a15	a79	1
13	3384.12601325137	a7	a15
12	3384.12611036825	a7	a15	a79	6
13	3384.1261473487	a7	a15
12	3384.12621163248	a7	a15	a79	9
13	3384.12626001811	a7	a15
12	3384.12628663021	a7	a15	a79	12
13	3384.12631704404	a7	a15
12	3384.12634676664	a7	a15	a79	14
13	3384.12637406997	a7	a15
12	3384.12641519776	a7	a15	a79	15
13	3389.32349211528	a7	a15
12	3390.5680726161	a7	a15	a67	1
13	3431.17396358586	a7	a15
12	3436.8116148707	a7	a15	a51	2
13	3436.82534913334	a7	a15
12	3436.82780193945	a7	a15	a69	1
13	3436.84706668023	a7	a15
12	3436.84908194195	a7	a15	a51	1
13	3436.84985092794	a7	a15
12	3436.85275233801	a7	a15	a71	1
13	3436.87271141266	a7	a15
12	3436.87459015777	a7	a15	a71	1
13	3436.88092038134	a7	a15
12	3436.88565733505	a7	a15	a73	1
13	3437.01605765959	a7	a15
12	3437.01620627262	a7	a15	a73	4
13	3437.15000879856	a7	a15
12	3437.20354404813	a7	a15	a77	1
13	3437.20409149704	a7	a15
12	3437.20413573533	a7	a15	a77	3
13	3437.20440807734	a7	a15
12	3437.20450830473	a7	a15	a77	7
13	3437.20488502146	a7	a15
12	3437.20493133343	a7	a15	a77	10
13	3437.20520125615	a7	a15
12	3437.20526139258	a7	a15	a77	14
13	3437.20555896424	a7	a15
12	3437.25497521379	a7	a15	a81	3
13	3437.25705890662	a7	a15
12	3437.29215542734	a7	a15	a81	1
13	3437.29414960675	a7	a15
12	3437.37928689732	a7	a15	a51	1
13	3437.37990934396	a7	a15
12	3437.38275683861	a7	a15	a75	1
13	3437.38460516989	a7	a15
12	3437.39388415233	a7	a15	a77	2
13	3437.39418068716	a7	a15
12	3437.39422285178	a7	a15	a77	4
13	3437.39450037796	a7	a15
12	3437.39457744937	a7	a15	a77	8
13	3437.39489161039	a7	a15
12	3437.39492029616	a7	a15	a77	10
13	3437.39544458908	a7	a15
12	3437.47125347474	a7	a15	a83	1
13	3437.47219353852	a7	a15
12	3437.47851719547	a7	a15	a81	1
13	3437.47961347572	a7	a15
12	3437.51099086913	a7	a15	a51	3
13	3437.51339114226	a7	a15
12	3437.51657215219	a7	a15	a53	3
13	3437.52890426823	a7	a15
12	3437.53345666531	a7	a15	a53	2
13	3437.53730124966	a7	a15
12	3437.53737382812	a7	a15	a53	6
13	3437.54084722552	a7	a15
12	3437.54371994983	a7	a15	a55	1
13	3437.54931989591	a7	a15
12	3437.55967303946	a7	a15	a57	2
13	3438.23441107229	a7	a15
12	3438.68186518576	a7	a15	a59	2
13	3440.66822754719	a7	a15
12	3440.66836371819	a7	a15	a59	4
13	3443.10062494051	a7	a15
12	3443.10077044303	a7	a15	a59	8
13	3445.00565208548	a7	a15
12	3445.0058093388	a7	a15	a59	12
13	3447.31344679024	a7	a15
12	3448.74191067781	a7	a15	a61	3
13	3449.63960418929	a7	a15
12	3449.63981846853	a7	a15	a61	7
13	3450.52644791323	a7	a15
12	3450.52671990962	a7	a15	a61	9
13	3451.44135599699	a7	a15
12	3451.4415250011	a7	a15	a61	13
13	3452.40362013905	a7	a15
12	3452.41506299624	a7	a15	a61	3
13	3452.7313457255	a7	a15
12	3452.73147463866	a7	a15	a61	6
13	3453.01294252073	a7	a15
12	3453.0129891783	a7	a15	a61	9
13	3453.30820307381	a7	a15
12	3453.30825353311	a7	a15	a61	13
13	3453.58481476613	a7	a15
12	3454.73208587853	a7	a15	a63	3
13	3455.07987284068	a7	a15
12	3456.580195618	a7	a15	a65	1
13	3511.9774312437	a7	a15
12	3511.97768665073	a7	a15	a65	9
13	3520.99780110665	a7	a15
12	3521.00244232593	a7	a15	a65	11
13	3529.94484253898	a7	a15
12	3529.94543871913	a7	a15	a65	13
13	3535.29298666842	a7	a15
12	3536.18554853764	a7	a15	a79	1
13	3536.18596085238	a7	a15
12	3536.18607801474	a7	a15	a79	5
13	3536.18611914253	a7	a15
12	3536.18614679146	a7	a15	a79	7
13	3536.18617927896	a7	a15
12	3536.18625842404	a7	a15	a79	9
13	3536.18629644132	a7	a15
12	3536.18639459504	a7	a15	a79	14
13	3536.1864377965	a7	a15
12	3536.44914864135	a7	a15	a79	8
13	3536.44926373004	a7	a15
12	3536.44937847312	a7	a15	a79	11
13	3536.44941130623	a7	a15
12	3536.44947351633	a7	a15	a79	14
13	3536.44950427577	a7	a15
12	3538.21989424259	a7	a15	a79	7
13	3543.5294477172	a7	a15
12	3544.77660337066	a7	a15	a67	1
13	3585.20034523309	a7	a15
12	3590.95679846003	a7	a15	a51	1
13	3590.9606198884	a7	a15
12	3590.96357175777	a7	a15	a69	3
13	3590.98278050946	a7	a15
12	3590.9850625834	a7	a15	a51	2
13	3590.98587304279	a7	a15
12	3590.9878848484	a7	a15	a71	1
13	3591.00534238569	a7	a15
12	3591.01670091362	a7	a15	a71	2
13	3591.02336223319	a7	a15
12	3591.02820805458	a7	a15	a73	3
13	3591.16606909851	a7	a15
12	3591.16614098574	a7	a15	a73	6
13	3591.28853867178	a7	a15
12	3591.3709349161	a7	a15	a77	3
13	3591.37155632591	a7	a15
12	3591.37165862696	a7	a15	a77	8
13	3591.37194686711	a7	a15
12	3591.37204709449	a7	a15	a77	10
13	3591.37956518542	a7	a15
12	3591.42829124844	a7	a15	a81	2
13	3591.43034245377	a7	a15
12	3591.46600854254	a7	a15	a81	2
13	3591.46793083472	a7	a15
12	3591.54059050673	a7	a15	a51	3
13	3591.54115592744	a7	a15
12	3591.54293997495	a7	a15	a75	1
13	3591.54521237176	a7	a15
12	3591.55454319596	a7	a15	a77	6
13	3591.5548670341	a7	a15
12	3591.55491334607	a7	a15	a77	9
13	3591.55521091773	a7	a15
12	3591.55526898049	a7	a15	a77	13
13	3591.55573832115	a7	a15
12	3591.63095448278	a7	a15	a83	1
13	3591.63199028099	a7	a15
12	3591.64437527562	a7	a15	a81	1
13	3591.64549678553	a7	a15
12	3591.67592167314	a7	a15	a51	1
13	3591.67857286036	a7	a15
12	3591.68241226053	a7	a15	a53	3
13	3591.69302461285	a7	a15
12	3591.6931386647	a7	a15	a53	7
13	3591.69843170762	a7	a15
12	3591.69957948401	a7	a15	a53	1
13	3591.70366357726	a7	a15
12	3591.70372475053	a7	a15	a53	5
13	3591.70775700203	a7	a15
12	3591.71073859401	a7	a15	a55	3
13	3591.71666548875	a7	a15
12	3591.72627280229	a7	a15	a57	2
13	3592.4183439522	a7	a15
12	3592.90964167245	a7	a15	a59	3
13	3595.63170658501	a7	a15
12	3595.63182789471	a7	a15	a59	7
13	3597.93571062084	a7	a15
12	3597.93586994782	a7	a15	a59	11
13	3600.23524347833	a7	a15
12	3600.23537100904	a7	a15	a59	14
13	3602.4743316175	a7	a15
12	3602.70194386795	a7	a15	a61	3
13	3603.78953233579	a7	a15
12	3603.78971481876	a7	a15	a61	5
13	3604.76202174509	a7	a15
12	3604.7621789984	a7	a15	a61	10
13	3605.70572066442	a7	a15
12	3605.70588966853	a7	a15	a61	12
13	3606.65362602354	a7	a15
12	3607.17713786308	a7	a15	a61	2
13	3607.51087501913	a7	a15
12	3607.51099010782	a7	a15	a61	5
13	3607.80544642252	a7	a15
12	3607.80550655895	a7	a15	a61	9
13	3608.0852550229	a7	a15
12	3608.08534488193	a7	a15	a61	13
13	3608.35982311334	a7	a15
12	3609.51288356703	a7	a15	a63	1
13	3609.87958896706	a7	a15
12	3611.35530661188	a7	a15	a65	1
13	3666.83059276061	a7	a15
12	3666.83107074157	a7	a15	a65	9
13	3672.23206615507	a7	a15
12	3672.23274977497	a7	a15	a65	11
13	3680.76552307318	a7	a15
12	3680.76590497409	a7	a15	a65	15
13	3681.91283116603	a7	a15
12	3686.50576503855	a7	a15	a79	3
13	3686.50593369705	a7	a15
12	3686.50600040011	a7	a15	a79	10
13	3686.5060446384	a7	a15
12	3686.50606883122	a7	a15	a79	12
13	3686.50610270117	a7	a15
12	3686.50617527962	a7	a15	a79	14
13	3686.50620811273	a7	a15
12	3686.76258666034	a7	a15	a79	9
13	3686.76264264943	a7	a15
12	3686.76286937069	a7	a15	a79	13
13	3686.76292432295	a7	a15
12	3688.41032180602	a7	a15	a79	1
13	3688.41049046452	a7	a15
12	3688.41054334311	a7	a15	a79	7
13	3695.31760698253	a7	a15
12	3696.02575149495	a7	a15	a67	1
13	3736.7427407224	a7	a15
12	3742.21507176956	a7	a15	a51	3
13	3742.21843629929	a7	a15
12	3742.22056734092	a7	a15	a69	1
13	3742.24023091758	a7	a15
12	3742.24225032664	a7	a15	a51	1
13	3742.24298336902	a7	a15
12	3742.24582256899	a7	a15	a71	1
13	3742.2627779325	a7	a15
12	3742.26694739184	a7	a15	a71	1
13	3742.27316148989	a7	a15
12	3742.27791226807	a7	a15	a73	1
13	3742.41481735008	a7	a15
12	3742.41526388037	a7	a15	a73	5
13	3742.54763453711	a7	a15
12	3742.59736736696	a7	a15	a77	1
13	3742.59789822651	a7	a15
12	3742.59796354712	a7	a15	a77	5
13	3742.59825351532	a7	a15
12	3742.59832540255	a7	a15	a77	9
13	3742.59861779003	a7	a15
12	3742.59870004561	a7	a15	a77	13
13	3742.59899312432	a7	a15
12	3742.64810454436	a7	a15	a81	1
13	3742.64975691381	a7	a15
12	3742.70618182267	a7	a15	a81	1
13	3742.70774848042	a7	a15
12	3742.78284402357	a7	a15	a51	1
13	3742.78346647021	a7	a15
12	3742.7862116638	a7	a15	a75	1
13	3742.78850963588	a7	a15
12	3742.7975691549	a7	a15	a77	3
13	3742.79783493029	a7	a15
12	3742.7979182227	a7	a15	a77	7
13	3742.79817777708	a7	a15
12	3742.79833917773	a7	a15	a77	10
13	3742.79887936879	a7	a15
12	3742.79894676307	a7	a15	a77	14
13	3742.79948280679	a7	a15
12	3742.88073438522	a7	a15	a83	1
13	3742.88175463091	a7	a15
12	3742.8888783789	a7	a15	a81	1
13	3742.88992903842	a7	a15
12	3742.92097118849	a7	a15	a51	3
13	3742.93058748794	a7	a15
12	3742.93291068967	a7	a15	a53	1
13	3742.94363190966	a7	a15
12	3742.94371416524	a7	a15	a53	5
13	3742.94825100979	a7	a15
12	3742.95051718559	a7	a15	a53	2
13	3742.95472673588	a7	a15
12	3742.95478583548	a7	a15	a53	7
13	3742.95847420335	a7	a15
12	3742.9605641172	a7	a15	a55	3
13	3742.96523160296	a7	a15
12	3742.97671558794	a7	a15	a57	2
13	3743.68276984091	a7	a15
12	3744.1700691796	a7	a15	a59	3
13	3746.79510983338	a7	a15
12	3746.7952079871	a7	a15	a59	7
13	3749.21417387362	a7	a15
12	3749.21437951257	a7	a15	a59	11
13	3751.55183219262	a7	a15
12	3751.55192689022	a7	a15	a59	14
13	3753.72941458559	a7	a15
12	3754.15895529996	a7	a15	a61	2
13	3755.24992834299	a7	a15
12	3755.2501889342	a7	a15	a61	4
13	3756.1445400351	a7	a15
12	3756.14487977138	a7	a15	a61	8
13	3756.99113866109	a7	a15
12	3756.99137298581	a7	a15	a61	12
13	3757.83539611354	a7	a15
12	3758.49162802323	a7	a15	a61	3
13	3758.80625458132	a7	a15
12	3758.8063250861	a7	a15	a61	5
13	3759.09608142753	a7	a15
12	3759.09615227792	a7	a15	a61	10
13	3759.38753956088	a7	a15
12	3759.38761144811	a7	a15	a61	12
13	3759.64732687651	a7	a15
12	3760.82131653684	a7	a15	a63	2
13	3761.21610184921	a7	a15
12	3762.69081376404	a7	a15	a65	3
13	3793.78404939241	a7	a15
12	3793.78448935608	a7	a15	a65	5
13	3820.41680544303	a7	a15
12	3820.41729171866	a7	a15	a65	8
13	3838.18702108078	a7	a15
12	3838.18741438688	a7	a15	a65	14
13	3840.48197078176	a7	a15
12	3840.48226939025	a7	a15	a65	15
13	3841.60547763489	a7	a15
12	3841.86725671064	a7	a15	a79	8
13	3841.86738113085	a7	a15
12	3841.86747513722	a7	a15	a79	12
13	3841.86756050331	a7	a15
12	3841.86764483256	a7	a15	a79	15
13	3842.04073027352	a7	a15
12	3842.07537196927	a7	a15	a79	7
13	3843.59652614512	a7	a15
12	3850.37911704595	a7	a15	a67	3
13	3892.99004619562	a7	a15
12	3896.76566788488	a7	a15	a51	1
13	3896.76954495673	a7	a15
12	3896.77271663514	a7	a15	a69	3
13	3896.79179025266	a7	a15
12	3896.79418845212	a7	a15	a51	3
13	3896.79504833398	a7	a15
12	3896.79706428693	a7	a15	a71	1
13	3896.81600311589	a7	a15
12	3896.82281754143	a7	a15	a71	3
13	3896.83015003888	a7	a15
12	3896.83493779751	a7	a15	a73	1
13	3896.96616067786	a7	a15
12	3896.96645168289	a7	a15	a73	4
13	3897.10181671925	a7	a15
12	3897.15268073613	a7	a15	a77	1
13	3897.15324408317	a7	a15
12	3897.15331562479	a7	a15	a77	6
13	3897.15374107277	a7	a15
12	3897.15386445614	a7	a15	a77	11
13	3897.15417343299	a7	a15
12	3897.15427158671	a7	a15	a77	15
13	3897.15450383776	a7	a15
12	3897.20516601742	a7	a15	a81	2
13	3897.20692794578	a7	a15
12	3897.24367234299	a7	a15	a81	3
13	3897.24535719995	a7	a15
12	3897.3171632111	a7	a15	a51	2
13	3897.31787862729	a7	a15
12	3897.31981336148	a7	a15	a75	1
13	3897.32242998753	a7	a15
12	3897.34334571531	a7	a15	a77	1
13	3897.34366644296	a7	a15
12	3897.34371724787	a7	a15	a77	3
13	3897.34396505145	a7	a15
12	3897.34402726155	a7	a15	a77	7
13	3897.34427333707	a7	a15
12	3897.34435351898	a7	a15	a77	11
13	3897.34488506975	a7	a15
12	3897.42100189542	a7	a15	a83	2
13	3897.42201384642	a7	a15
12	3897.42932076861	a7	a15	a81	3
13	3897.43059642133	a7	a15
12	3897.47966878725	a7	a15	a51	1
13	3897.48214716863	a7	a15
12	3897.48503268056	a7	a15	a53	3
13	3897.49671159053	a7	a15
12	3897.49678036725	a7	a15	a53	7
13	3897.50264297822	a7	a15
12	3897.50390999064	a7	a15	a53	1
13	3897.50791182831	a7	a15
12	3897.50795399294	a7	a15	a53	5
13	3897.51181551226	a7	a15
12	3897.51386740882	a7	a15	a55	1
13	3897.52058886482	a7	a15
12	3897.53011703328	a7	a15	a57	1
13	3898.23077179494	a7	a15
12	3898.67693988733	a7	a15	a59	1
13	3901.14164195021	a7	a15
12	3901.14172213212	a7	a15	a59	6
13	3903.43332320151	a7	a15
12	3903.43340234658	a7	a15	a59	10
13	3906.32534335002	a7	a15
12	3906.32547330001	a7	a15	a59	15
13	3908.3080681485	a7	a15
12	3908.60396981125	a7	a15	a61	3
13	3909.97577895819	a7	a15
12	3909.97594657986	a7	a15	a61	6
13	3910.85650431852	a7	a15
12	3910.8567047733	a7	a15	a61	10
13	3911.71382001717	a7	a15
12	3911.71394754788	a7	a15	a61	14
13	3912.51480999751	a7	a15
12	3912.86569018422	a7	a15	a61	3
13	3913.17729920671	a7	a15
12	3913.17735726947	a7	a15	a61	5
13	3913.46795863146	a7	a15
12	3913.46804710805	a7	a15	a61	10
13	3913.73426591147	a7	a15
12	3913.73431222344	a7	a15	a61	13
13	3914.00922454312	a7	a15
12	3915.16362044035	a7	a15	a63	1
13	3915.54327314522	a7	a15
12	3917.24072211211	a7	a15	a65	2
13	3941.47961336146	a7	a15
12	3941.48014629467	a7	a15	a65	5
13	3965.77824013397	a7	a15
12	3965.77874334458	a7	a15	a65	8
13	3983.96897083701	a7	a15
12	3983.96939697621	a7	a15	a65	13
13	3989.54239122754	a7	a15
12	3992.70023860144	a7	a15	a79	2
13	3992.70045080702	a7	a15
12	3992.70049400848	a7	a15	a79	8
13	3992.70054135728	a7	a15
12	3992.70063121631	a7	a15	a79	10
13	3992.70069446325	a7	a15
12	3992.70072591391	a7	a15	a79	15
13	3992.87645839475	a7	a15
12	3992.91345301483	a7	a15	a79	5
13	3992.91351833544	a7	a15
12	3992.91354563876	a7	a15	a79	8
13	3992.9135763982	a7	a15
12	3992.9136828466	a7	a15	a79	11
13	3992.91371775338	a7	a15
12	3992.91377374247	a7	a15	a79	12
13	3992.91382731228	a7	a15
12	3992.91390231002	a7	a15	a79	15
13	3994.47990236653	a7	a15
12	3994.67094026072	a7	a15	a79	3
13	3994.67113103836	a7	a15
12	3994.67121433078	a7	a15	a79	11
13	3994.67124820072	a7	a15
12	3994.67136432625	a7	a15	a79	14
13	3994.67141685923	a7	a15
12	4001.76973370891	a7	a15	a67	3
13	4044.56298684541	a7	a15
12	4047.69707721789	a7	a15	a51	2
13	4047.70002182942	a7	a15
12	4047.70217326214	a7	a15	a69	1
13	4047.72153062685	a7	a15
12	4047.72456924476	a7	a15	a51	3
13	4047.72556184151	a7	a15
12	4047.7275169668	a7	a15	a71	2
13	4047.74722996593	a7	a15
12	4047.74886021623	a7	a15	a71	1
13	4047.75520288183	a7	a15
12	4047.76015515162	a7	a15	a73	1
13	4047.88646066895	a7	a15
12	4047.88661481176	a7	a15	a73	4
13	4048.01716340371	a7	a15
12	4048.07300284637	a7	a15	a77	1
13	4048.07346492919	a7	a15
12	4048.07352610246	a7	a15	a77	6
13	4048.07384164593	a7	a15
12	4048.07396295563	a7	a15	a77	10
13	4048.07426467463	a7	a15
12	4048.07439013167	a7	a15	a77	14
13	4048.074689777	a7	a15
12	4048.12406489875	a7	a15	a81	1
13	4048.12558213404	a7	a15
12	4048.16116389356	a7	a15	a81	1
13	4048.16282974187	a7	a15
12	4048.23649790877	a7	a15	a51	1
13	4048.23727760872	a7	a15
12	4048.23929598095	a7	a15	a75	1
13	4048.24122553097	a7	a15
12	4048.27122635305	a7	a15	a77	2
13	4048.27148694425	a7	a15
12	4048.27152910888	a7	a15	a77	4
13	4048.27178451591	a7	a15
12	4048.27184879969	a7	a15	a77	8
13	4048.27210939089	a7	a15
12	4048.27213358371	a7	a15	a77	10
13	4048.27259877704	a7	a15
12	4048.35822994671	a7	a15	a83	1
13	4048.35939880542	a7	a15
12	4048.36578087074	a7	a15	a81	1
13	4048.36687162121	a7	a15
12	4048.39845810968	a7	a15	a51	1
13	4048.40121263479	a7	a15
12	4048.40501505452	a7	a15	a53	3
13	4048.41586795256	a7	a15
12	4048.41593465562	a7	a15	a53	6
13	4048.42084268712	a7	a15
12	4048.42309711212	a7	a15	a53	3
13	4048.42712417944	a7	a15
12	4048.42719157372	a7	a15	a53	7
13	4048.43120827269	a7	a15
12	4048.43335521246	a7	a15	a55	2
13	4048.43877993343	a7	a15
12	4048.4497047187	a7	a15	a57	2
13	4049.10253131649	a7	a15
12	4049.64090618642	a7	a15	a59	1
13	4052.12146664134	a7	a15
12	4052.12157861952	a7	a15	a59	6
13	4054.40728528167	a7	a15
12	4054.40739380374	a7	a15	a59	10
13	4057.27579934284	a7	a15
12	4057.27602813777	a7	a15	a59	15
13	4059.30447770742	a7	a15
12	4059.57858786238	a7	a15	a61	1
13	4060.67589009215	a7	a15
12	4060.67617487618	a7	a15	a61	5
13	4061.66331960325	a7	a15
12	4061.66343365511	a7	a15	a61	11
13	4062.63695713456	a7	a15
12	4062.63718281899	a7	a15	a61	15
13	4063.59435852026	a7	a15
12	4063.59729898445	a7	a15	a61	3
13	4063.90500639665	a7	a15
12	4063.905117338	a7	a15	a61	6
13	4064.18601565202	a7	a15
12	4064.18615493353	a7	a15	a61	9
13	4064.48480178987	a7	a15
12	4064.48485155795	a7	a15	a61	13
13	4064.76104229524	a7	a15
12	4066.19022263582	a7	a15	a63	2
13	4066.56421111083	a7	a15
12	4068.04163331247	a7	a15	a65	1
13	4125.10868244935	a7	a15
12	4125.10915109879	a7	a15	a65	10
13	4141.42017416869	a7	a15
12	4143.19722891119	a7	a15	a79	8
13	4143.19731531411	a7	a15
12	4143.19740932049	a7	a15	a79	13
13	4143.19746842009	a7	a15
12	4143.46218484953	a7	a15	a79	5
13	4143.46223841934	a7	a15
12	4143.46234728702	a7	a15	a79	11
13	4143.46238081135	a7	a15
12	4143.46247378089	a7	a15	a79	14
13	4143.46251698235	a7	a15
12	4145.15703723585	a7	a15	a79	11
13	4145.15725566244	a7	a15
12	4152.44906494047	a7	a15	a67	1
13	4192.89039705508	a7	a15
12	4198.42690542673	a7	a15	a51	1
13	4198.43071821481	a7	a15
12	4198.43404887459	a7	a15	a69	2
13	4198.45329356989	a7	a15
12	4198.455746376	a7	a15	a51	3
13	4198.456787704	a7	a15
12	4198.45863741772	a7	a15	a71	1
13	4198.47865213585	a7	a15
12	4198.48039090822	a7	a15	a71	3
13	4198.48725475623	a7	a15
12	4198.4919930924	a7	a15	a73	1
13	4198.61931228879	a7	a15
12	4198.61986215697	a7	a15	a73	4
13	4198.74940432771	a7	a15
12	4198.80710903662	a7	a15	a77	2
13	4198.80757837728	a7	a15
12	4198.80766270653	a7	a15	a77	6
13	4198.80796131503	a7	a15
12	4198.80801834096	a7	a15	a77	10
13	4198.80877903227	a7	a15
12	4198.87963772181	a7	a15	a81	3
13	4198.88118226041	a7	a15
12	4198.91661748058	a7	a15	a81	1
13	4198.91832134617	a7	a15
12	4198.9890849925	a7	a15	a51	2
13	4198.98973266879	a7	a15
12	4198.99253488831	a7	a15	a75	3
13	4198.99504472035	a7	a15
12	4199.00356301148	a7	a15	a77	4
13	4199.00398500334	a7	a15
12	4199.00404825028	a7	a15	a77	9
13	4199.0045220839	a7	a15
12	4199.00466966008	a7	a15	a77	15
13	4199.00493025129	a7	a15
12	4199.0789772086	a7	a15	a83	1
13	4199.07999434378	a7	a15
12	4199.09529733785	a7	a15	a81	1
13	4199.09638739709	a7	a15
12	4199.12699476767	a7	a15	a51	1
13	4199.12973132097	a7	a15
12	4199.13267074833	a7	a15	a53	3
13	4199.14403860778	a7	a15
12	4199.14410496522	a7	a15	a53	6
13	4199.14894352877	a7	a15
12	4199.15025685317	a7	a15	a53	3
13	4199.15418576677	a7	a15
12	4199.15426905918	a7	a15	a53	7
13	4199.15802309328	a7	a15
12	4199.16016035592	a7	a15	a55	1
13	4199.16539533607	a7	a15
12	4199.17696157663	a7	a15	a57	2
13	4199.85176631251	a7	a15
12	4200.38449285072	a7	a15	a59	3
13	4203.10670983241	a7	a15
12	4203.10693551684	a7	a15	a59	7
13	4205.4506012581	a7	a15
12	4205.45068040317	a7	a15	a59	11
13	4207.74192376447	a7	a15
12	4207.74205336885	a7	a15	a59	14
13	4209.92212796766	a7	a15
12	4210.45227900762	a7	a15	a61	3
13	4211.44528047026	a7	a15
12	4211.44550719152	a7	a15	a61	4
13	4212.28632407968	a7	a15
12	4212.28651001876	a7	a15	a61	8
13	4213.12525289122	a7	a15
12	4213.12541636554	a7	a15	a61	12
13	4213.98405575693	a7	a15
12	4214.40642157277	a7	a15	a61	2
13	4214.69164970994	a7	a15
12	4214.6917077727	a7	a15	a61	4
13	4214.9726323532	a7	a15
12	4214.97279375386	a7	a15	a61	8
13	4215.24709295841	a7	a15
12	4215.24721945229	a7	a15	a61	11
13	4215.54432833664	a7	a15
12	4215.54440748172	a7	a15	a61	15
13	4215.79330491885	a7	a15
12	4216.90918066604	a7	a15	a63	1
13	4217.28140617586	a7	a15
12	4218.74181322315	a7	a15	a65	3
13	4248.73588757651	a7	a15
12	4248.73630645787	a7	a15	a65	6
13	4261.83360054659	a7	a15
12	4261.83412587635	a7	a15	a65	7
13	4272.25078663537	a7	a15
12	4272.25147163772	a7	a15	a65	9
13	4278.07308752807	a7	a15
12	4278.07388934717	a7	a15	a65	11
13	4286.31825971929	a7	a15
12	4286.31894126553	a7	a15	a65	13
13	4291.7286070393	a7	a15
12	4292.98551136148	a7	a15	a79	9
13	4292.98561366254	a7	a15
12	4292.98569695495	a7	a15	a79	12
13	4292.98575294405	a7	a15
12	4292.98582344883	a7	a15	a79	14
13	4292.98586353978	a7	a15
12	4294.88148935577	a7	a15	a79	8
13	4294.88165835989	a7	a15
12	4294.88174061547	a7	a15	a79	11
13	4294.88182287105	a7	a15
12	4294.88187678647	a7	a15	a79	14
13	4294.88190616346	a7	a15
12	4301.84703982334	a7	a15	a67	3
13	4344.30623922349	a7	a15
12	4347.58248797555	a7	a15	a51	1
13	4347.58529537924	a7	a15
12	4347.60330693206	a7	a15	a69	1
13	4347.62782877214	a7	a15
12	4347.6302269716	a7	a15	a51	3
13	4347.63109929549	a7	a15
12	4347.63301329298	a7	a15	a71	3
13	4347.64869093011	a7	a15
12	4347.65755621537	a7	a15	a71	3
13	4347.66416707563	a7	a15
12	4347.66899285155	a7	a15	a73	3
13	4347.80212212593	a7	a15
12	4347.80232258071	a7	a15	a73	5
13	4347.93311310084	a7	a15
12	4347.99013799157	a7	a15	a77	4
13	4347.99056862373	a7	a15
12	4347.99069926494	a7	a15	a77	8
13	4347.99106561332	a7	a15
12	4347.9911298971	a7	a15	a77	12
13	4347.99140085666	a7	a15
12	4348.03981828844	a7	a15	a81	1
13	4348.04144300896	a7	a15
12	4348.07602975245	a7	a15	a81	2
13	4348.07780861578	a7	a15
12	4348.15007256241	a7	a15	a51	2
13	4348.15074132102	a7	a15
12	4348.15357741048	a7	a15	a75	2
13	4348.15531929336	a7	a15
12	4348.16460968099	a7	a15	a77	3
13	4348.16496842592	a7	a15
12	4348.16504757099	a7	a15	a77	7
13	4348.16544537004	a7	a15
12	4348.1655034328	a7	a15	a77	11
13	4348.16575019954	a7	a15
12	4348.16592231416	a7	a15	a77	15
13	4348.16642137743	a7	a15
12	4348.2404849241	a7	a15	a83	3
13	4348.24147579279	a7	a15
12	4348.24785647567	a7	a15	a81	1
13	4348.24922924527	a7	a15
12	4348.29570606746	a7	a15	a51	1
13	4348.29847234336	a7	a15
12	4348.30169240741	a7	a15	a53	3
13	4348.31264034867	a7	a15
12	4348.31280589666	a7	a15	a53	6
13	4348.31752729785	a7	a15
12	4348.32228222338	a7	a15	a53	1
13	4348.32616378818	a7	a15
12	4348.32623740347	a7	a15	a53	5
13	4348.32985215605	a7	a15
12	4348.34323907895	a7	a15	a55	1
13	4348.34889847025	a7	a15
12	4348.36001610684	a7	a15	a57	3
13	4349.00570858828	a7	a15
12	4349.52625680765	a7	a15	a59	2
13	4351.60162108948	a7	a15
12	4351.60167051195	a7	a15	a59	4
13	4353.99124454418	a7	a15
12	4353.9913278366	a7	a15	a59	8
13	4355.94805987168	a7	a15
12	4355.94818947606	a7	a15	a59	12
13	4358.31427331908	a7	a15
12	4359.5087705398	a7	a15	a61	2
13	4360.59571236818	a7	a15
12	4360.59582953054	a7	a15	a61	6
13	4361.56051813856	a7	a15
12	4361.56078598761	a7	a15	a61	11
13	4362.38461502475	a7	a15
12	4362.38506051821	a7	a15	a61	12
13	4363.23630623888	a7	a15
12	4363.57284043027	a7	a15	a61	3
13	4363.86090431129	a7	a15
12	4363.86099728084	a7	a15	a61	5
13	4364.13466125112	a7	a15
12	4364.13481954127	a7	a15	a61	8
13	4364.40553060534	a7	a15
12	4364.40558002781	a7	a15	a61	12
13	4364.66444317779	a7	a15
12	4366.06169625679	a7	a15	a63	1
13	4366.43260844221	a7	a15
12	4367.89438583983	a7	a15	a65	1
13	4423.78240940855	a7	a15
12	4423.78277368327	a7	a15	a65	9
13	4429.22261619546	a7	a15
12	4429.22328080672	a7	a15	a65	11
13	4437.25598579702	a7	a15
12	4437.25642990803	a7	a15	a65	15
13	4438.42586924495	a7	a15
12	4442.32346040738	a7	a15	a79	5
13	4442.32361766069	a7	a15
12	4442.32376523688	a7	a15	a79	15
13	4442.50398030124	a7	a15
12	4442.54020247921	a7	a15	a79	4
13	4442.5402584683	a7	a15
12	4442.54029233824	a7	a15	a79	7
13	4443.71289782379	a7	a15
12	4444.13436574048	a7	a15	a79	1
13	4444.13457137943	a7	a15
12	4444.13462840536	a7	a15	a79	7
13	4449.47215983687	a7	a15
12	4450.90158590736	a7	a15	a67	1
13	4491.41976616196	a7	a15
12	4496.91152542422	a7	a15	a51	3
13	4496.9142377847	a7	a15
12	4496.9165039605	a7	a15	a69	3
13	4496.93561144796	a7	a15
12	4496.93773315808	a7	a15	a51	2
13	4496.93874510909	a7	a15
12	4496.95514853075	a7	a15	a71	2
13	4496.97248683201	a7	a15
12	4496.97683566381	a7	a15	a71	3
13	4496.98310471411	a7	a15
12	4496.98819833908	a7	a15	a73	1
13	4497.11913747224	a7	a15
12	4497.11921869098	a7	a15	a73	5
13	4497.2488431173	a7	a15
12	4497.30610993621	a7	a15	a77	3
13	4497.30652467022	a7	a15
12	4497.30659517501	a7	a15	a77	7
13	4497.3069646339	a7	a15
12	4497.30705311049	a7	a15	a77	12
13	4497.30729158255	a7	a15
12	4497.3074056344	a7	a15	a77	15
13	4497.30765136431	a7	a15
12	4497.36882186717	a7	a15	a81	3
13	4497.37043898423	a7	a15
12	4497.40586487288	a7	a15	a81	1
13	4497.40724144421	a7	a15
12	4497.48035801487	a7	a15	a51	1
13	4497.48104889262	a7	a15
12	4497.48394408168	a7	a15	a75	1
13	4497.49816254629	a7	a15
12	4497.5064731248	a7	a15	a77	1
13	4497.50681804526	a7	a15
12	4497.50690548502	a7	a15	a77	5
13	4497.50717367968	a7	a15
12	4497.50719890933	a7	a15	a77	7
13	4497.50746157421	a7	a15
12	4497.5075586911	a7	a15	a77	11
13	4497.50815798175	a7	a15
12	4497.58209710821	a7	a15	a83	2
13	4497.58300572133	a7	a15
12	4497.58939573572	a7	a15	a81	1
13	4497.5907145899	a7	a15
12	4497.6217366945	a7	a15	a51	2
13	4497.6243847712	a7	a15
12	4497.62731555827	a7	a15	a53	3
13	4497.63845151228	a7	a15
12	4497.63853687837	a7	a15	a53	7
13	4497.6425228179	a7	a15
12	4497.64390042607	a7	a15	a53	1
13	4497.64780722052	a7	a15
12	4497.64786528328	a7	a15	a53	5
13	4497.65141748015	a7	a15
12	4497.65437798982	a7	a15	a55	2
13	4497.65976400228	a7	a15
12	4497.66982372151	a7	a15	a57	2
13	4498.35020075455	a7	a15
12	4498.82984479448	a7	a15	a59	1
13	4501.28886465569	a7	a15
12	4501.28893343242	a7	a15	a59	6
13	4503.51086471646	a7	a15
12	4503.51108314304	a7	a15	a59	8
13	4505.46528288132	a7	a15
12	4505.46539589634	a7	a15	a59	12
13	4507.7393728436	a7	a15
12	4508.81441180564	a7	a15	a61	1
13	4509.90594715889	a7	a15
12	4509.90615487151	a7	a15	a61	5
13	4510.89126256333	a7	a15
12	4510.89160852062	a7	a15	a61	10
13	4511.86385116318	a7	a15
12	4511.86412557885	a7	a15	a61	14
13	4512.71095611028	a7	a15
12	4513.1002634775	a7	a15	a61	1
13	4513.39621179782	a7	a15
12	4513.39632896018	a7	a15	a61	4
13	4513.66582450796	a7	a15
12	4513.66590572671	a7	a15	a61	8
13	4513.92646652128	a7	a15
12	4513.92650004562	a7	a15	a61	12
13	4514.18654173144	a7	a15
12	4515.59953362083	a7	a15	a63	3
13	4515.95881078897	a7	a15
12	4517.44260676125	a7	a15	a65	1
13	4574.50549680715	a7	a15
12	4574.50591465167	a7	a15	a65	10
13	4590.69774523828	a7	a15
12	4593.10799445256	a7	a15	a79	5
13	4593.10808845894	a7	a15
12	4593.1081285499	a7	a15	a79	9
13	4593.10817693553	a7	a15
12	4593.10820769497	a7	a15	a79	11
13	4593.10824225614	a7	a15
12	4593.10826886824	a7	a15	a79	13
13	4593.10830135574	a7	a15
12	4593.10839536212	a7	a15	a79	15
13	4593.28600555122	a7	a15
12	4595.00849788623	a7	a15	a79	9
13	4595.00875951427	a7	a15
12	4602.01466325624	a7	a15	a67	2
13	4642.19726631819	a7	a15
12	4647.89764093918	a7	a15	a51	1
13	4647.90089798367	a7	a15
12	4647.90314307716	a7	a15	a69	1
13	4647.92230448005	a7	a15
12	4647.92545473053	a7	a15	a51	2
13	4647.92689040146	a7	a15
12	4647.92889287555	a7	a15	a71	2
13	4647.94676203635	a7	a15
12	4647.94917371467	a7	a15	a71	1
13	4647.95581498876	a7	a15
12	4647.98437253645	a7	a15	a73	1
13	4648.12320855093	a7	a15
12	4648.12354828721	a7	a15	a73	7
13	4648.25418984871	a7	a15
12	4648.30450607107	a7	a15	a77	3
13	4648.30494188741	a7	a15
12	4648.30500306067	a7	a15	a77	7
13	4648.30540293339	a7	a15
12	4648.30552009575	a7	a15	a77	12
13	4648.30582285158	a7	a15
12	4648.38558691734	a7	a15	a81	2
13	4648.38711901392	a7	a15
12	4648.42307196039	a7	a15	a81	2
13	4648.42481591694	a7	a15
12	4648.49606169156	a7	a15	a51	2
13	4648.49660844924	a7	a15
12	4648.49854629394	a7	a15	a75	1
13	4648.50083908184	a7	a15
12	4648.51015158862	a7	a15	a77	4
13	4648.51047784605	a7	a15
12	4648.51056321214	a7	a15	a77	8
13	4648.51081861917	a7	a15
12	4648.51088808712	a7	a15	a77	11
13	4648.51122367606	a7	a15
12	4648.51126480385	a7	a15	a77	15
13	4648.51174796898	a7	a15
12	4648.5844581003	a7	a15	a83	1
13	4648.58551740011	a7	a15
12	4648.59196685971	a7	a15	a81	1
13	4648.59297639143	a7	a15
12	4648.62436035146	a7	a15	a51	3
13	4648.62712248003	a7	a15
12	4648.62917541342	a7	a15	a53	1
13	4648.64035871623	a7	a15
12	4648.64046516463	a7	a15	a53	4
13	4648.64471791638	a7	a15
12	4648.64705183207	a7	a15	a53	2
13	4648.65107233277	a7	a15
12	4648.65114422	a7	a15	a53	6
13	4648.6546321331	a7	a15
12	4648.65769909116	a7	a15	a55	2
13	4648.66299317091	a7	a15
12	4648.67341474558	a7	a15	a57	3
13	4649.31951954176	a7	a15
12	4649.79902533702	a7	a15	a59	1
13	4652.22376432108	a7	a15
12	4652.22386765897	a7	a15	a59	5
13	4654.48333582782	a7	a15
12	4654.48345402701	a7	a15	a59	9
13	4656.515339668	a7	a15
12	4656.51551040017	a7	a15	a59	13
13	4658.76817382061	a7	a15
12	4659.70535035627	a7	a15	a61	3
13	4660.80134963001	a7	a15
12	4660.80155215845	a7	a15	a61	7
13	4661.77085122631	a7	a15
12	4661.77106757923	a7	a15	a61	10
13	4662.66143481426	a7	a15
12	4662.66165220401	a7	a15	a61	12
13	4663.51120373622	a7	a15
12	4664.10188486058	a7	a15	a61	2
13	4664.42575653116	a7	a15
12	4664.4259086003	a7	a15	a61	4
13	4664.70587618206	a7	a15
12	4664.70597433577	a7	a15	a61	8
13	4664.97124996492	a7	a15
12	4664.97132599949	a7	a15	a61	12
13	4665.23120386537	a7	a15
12	4668.16763960801	a7	a15	a63	1
13	4668.56214393808	a7	a15
12	4670.02029206743	a7	a15	a65	2
13	4693.51817700878	a7	a15
12	4693.51858517618	a7	a15	a65	4
13	4733.49314901407	a7	a15
12	4733.49359416191	a7	a15	a65	11
13	4741.69521928118	a7	a15
12	4741.69589979058	a7	a15	a65	13
13	4747.17455242102	a7	a15
12	4747.20710523976	a7	a15	a79	1
13	4747.20720339347	a7	a15
12	4747.20723726342	a7	a15	a79	4
13	4747.20728253855	a7	a15
12	4747.20730569453	a7	a15	a79	6
13	4747.20733749081	a7	a15
12	4747.20736168362	a7	a15	a79	8
13	4747.20739451673	a7	a15
12	4747.20743668136	a7	a15	a79	10
13	4747.20747366181	a7	a15
12	4747.20749785463	a7	a15	a79	12
13	4747.20752826845	a7	a15
12	4747.20755488055	a7	a15	a79	14
13	4747.20758736805	a7	a15
12	4747.46853628454	a7	a15	a79	11
13	4747.46859434731	a7	a15
12	4747.46866830821	a7	a15	a79	14
13	4747.4687007957	a7	a15
12	4749.3243434874	a7	a15	a79	11
13	4749.32447101811	a7	a15
12	4756.59061171651	a7	a15	a67	1
13	4799.94414977554	a7	a15
12	4812.36472547649	a7	a15	a73	6
13	4812.48884914727	a7	a15
12	4812.56671960662	a7	a15	a77	3
13	4812.56724908372	a7	a15
12	4812.56733997959	a7	a15	a77	6
13	4812.56760679181	a7	a15
12	4812.56771324021	a7	a15	a77	10
13	4812.56796864724	a7	a15
12	4812.56800977503	a7	a15	a77	14
13	4812.56826829257	a7	a15
12	4812.63878102481	a7	a15	a81	1
13	4812.64025782353	a7	a15
12	4812.67647481732	a7	a15	a81	3
13	4812.67816831456	a7	a15
12	4812.74985923703	a7	a15	a51	1
13	4812.75076543086	a7	a15
12	4812.75428202973	a7	a15	a75	3
13	4812.75644694131	a7	a15
12	4812.76479311782	a7	a15	a77	3
13	4812.76510002099	a7	a15
12	4812.7651770924	a7	a15	a77	7
13	4812.76577741989	a7	a15
12	4812.76588179462	a7	a15	a77	13
13	4812.76616346814	a7	a15
12	4812.85100042217	a7	a15	a83	1
13	4812.85210603394	a7	a15
12	4812.85935178285	a7	a15	a81	3
13	4812.86057766749	a7	a15
12	4812.89082318264	a7	a15	a51	3
13	4812.89337206879	a7	a15
12	4812.89538940418	a7	a15	a53	1
13	4812.91278680504	a7	a15
12	4812.91596435885	a7	a15	a53	2
13	4812.91994926155	a7	a15
12	4812.92002011194	a7	a15	a53	7
13	4812.92353325469	a7	a15
12	4812.92549149048	a7	a15	a55	1
13	4812.93200419702	a7	a15
12	4812.94213234737	a7	a15	a57	2
13	4813.90387427019	a7	a15
12	4814.36125296872	a7	a15	a59	3
13	4817.09673487239	a7	a15
12	4817.09690249406	a7	a15	a59	7
13	4819.51747823979	a7	a15
12	4819.51764067729	a7	a15	a59	11
13	4821.91908163224	a7	a15
12	4821.91918497013	a7	a15	a59	14
13	4824.08928003162	a7	a15
12	4824.5040230362	a7	a15	a61	2
13	4825.60370722168	a7	a15
12	4825.60376113711	a7	a15	a61	4
13	4826.58504117954	a7	a15
12	4826.58527308498	a7	a15	a61	10
13	4827.53264551089	a7	a15
12	4827.53294619305	a7	a15	a61	13
13	4828.49209602825	a7	a15
12	4828.52239856933	a7	a15	a61	2
13	4828.84545459634	a7	a15
12	4828.84549883463	a7	a15	a61	5
13	4829.1398625254	a7	a15
12	4829.13993095651	a7	a15	a61	9
13	4829.42274119435	a7	a15
12	4829.42288254953	a7	a15	a61	13
13	4829.69243719691	a7	a15
12	4830.9084622237	a7	a15	a63	2
13	4831.18456033706	a7	a15
12	4832.72693748948	a7	a15	a65	1
13	4891.79777991297	a7	a15
12	4891.79808059514	a7	a15	a65	10
13	4908.39569489469	a7	a15
12	4908.42970481228	a7	a15	a79	2
13	4908.42987036027	a7	a15
12	4908.42994950535	a7	a15	a79	4
13	4908.42999478048	a7	a15
12	4908.43001793646	a7	a15	a79	5
13	4908.44246617803	a7	a15
12	4908.69292612558	a7	a15	a79	8
13	4908.69302946347	a7	a15
12	4908.69310031387	a7	a15	a79	9
13	4908.69316356081	a7	a15
12	4908.69321609378	a7	a15	a79	12
13	4908.69324581639	a7	a15
12	4908.69329212835	a7	a15	a79	14
13	4908.69332185096	a7	a15
12	4910.42714264568	a7	a15	a79	7
13	4917.62933412329	a7	a15
12	4917.69857120281	a7	a15	a67	2
13	4958.87916877937	a7	a15
12	4962.88281296016	a7	a15	a51	2
13	4962.88589581637	a7	a15
12	4962.88816821318	a7	a15	a69	1
13	4962.90801219913	a7	a15
12	4962.91108572382	a7	a15	a51	3
13	4962.91191588309	a7	a15
12	4962.9282055985	a7	a15	a71	2
13	4962.94384832885	a7	a15
12	4962.95223252265	a7	a15	a71	3
13	4962.95913369672	a7	a15
12	4962.96310892229	a7	a15	a73	1
13	4963.09113316652	a7	a15
12	4963.09131461265	a7	a15	a73	4
13	4963.22271686546	a7	a15
12	4963.27582563022	a7	a15	a77	1
13	4963.27664645796	a7	a15
12	4963.27673942751	a7	a15	a77	4
13	4963.2770971356	a7	a15
12	4963.27715727203	a7	a15	a77	9
13	4963.27742615792	a7	a15
12	4963.27749147853	a7	a15	a77	13
13	4963.27776382053	a7	a15
12	4963.32590579981	a7	a15	a81	1
13	4963.32725195731	a7	a15
12	4963.37574196755	a7	a15	a81	1
13	4963.37732348661	a7	a15
12	4963.50947053259	a7	a15	a51	1
13	4963.51015207883	a7	a15
12	4963.5132370087	a7	a15	a75	3
13	4963.51565629048	a7	a15
12	4963.55307359364	a7	a15	a77	3
13	4963.55343130173	a7	a15
12	4963.55351355731	a7	a15	a77	7
13	4963.55388405304	a7	a15
12	4963.55397978747	a7	a15	a77	11
13	4963.55455592215	a7	a15
12	4963.64432371804	a7	a15	a83	2
13	4963.64540306333	a7	a15
12	4963.65281574269	a7	a15	a81	2
13	4963.65387400566	a7	a15
12	4963.71047379402	a7	a15	a51	1
13	4963.7131947948	a7	a15
12	4963.71526362633	a7	a15	a53	1
13	4963.72649980773	a7	a15
12	4963.72666017155	a7	a15	a53	5
13	4963.73227601577	a7	a15
12	4963.73355270533	a7	a15	a53	1
13	4963.73745500683	a7	a15
12	4963.73753415191	a7	a15	a53	5
13	4963.74119003228	a7	a15
12	4963.74949715467	a7	a15	a55	2
13	4963.75431878325	a7	a15
12	4963.77453914033	a7	a15	a57	2
13	4964.6486180424	a7	a15
12	4965.09478095062	a7	a15	a59	1
13	4967.56371468294	a7	a15
12	4967.5639206675	a7	a15	a59	6
13	4969.81872549791	a7	a15
12	4969.81884369711	a7	a15	a59	10
13	4973.04790435813	a7	a15
12	4973.04803292568	a7	a15	a59	15
13	4975.01513054633	a7	a15
12	4975.12864393846	a7	a15	a61	1
13	4976.22322724113	a7	a15
12	4976.22334958767	a7	a15	a61	4
13	4977.21143645219	a7	a15
12	4977.21149762545	a7	a15	a61	11
13	4978.18673326518	a7	a15
12	4978.18693683046	a7	a15	a61	14
13	4979.12766487178	a7	a15
12	4979.14552124495	a7	a15	a61	2
13	4979.47097961877	a7	a15
12	4979.47101970972	a7	a15	a61	4
13	4979.75028915588	a7	a15
12	4979.75034065202	a7	a15	a61	8
13	4980.01559001467	a7	a15
12	4980.01567019658	a7	a15	a61	12
13	4980.2742029418	a7	a15
12	4981.50341374549	a7	a15	a63	2
13	4981.84652700087	a7	a15
12	4983.28694732459	a7	a15	a65	3
13	5015.21112191363	a7	a15
12	5015.21151210922	a7	a15	a65	6
13	5029.29888413136	a7	a15
12	5029.29942535925	a7	a15	a65	7
13	5040.07287142618	a7	a15
12	5040.07372508704	a7	a15	a65	9
13	5045.46510903965	a7	a15
12	5045.46599968096	a7	a15	a65	12
13	5053.40580736158	a7	a15
12	5053.40649754811	a7	a15	a65	14
13	5055.6916788805	a7	a15
12	5058.10676631272	a7	a15	a79	3
13	5058.10700893212	a7	a15
12	5058.10710812267	a7	a15	a79	11
13	5058.10716618544	a7	a15
12	5058.37970968264	a7	a15	a79	1
13	5058.37976256123	a7	a15
12	5058.37982788184	a7	a15	a79	4
13	5058.37987004646	a7	a15
12	5058.3798976954	a7	a15	a79	6
13	5058.37992707239	a7	a15
12	5058.37995230204	a7	a15	a79	8
13	5058.37998306148	a7	a15
12	5058.38000621747	a7	a15	a79	9
13	5058.38003801374	a7	a15
12	5058.38006116972	a7	a15	a79	10
13	5058.38008847305	a7	a15
12	5058.38011162903	a7	a15	a79	11
13	5058.38014238847	a7	a15
12	5058.38016658129	a7	a15	a79	12
13	5058.38019388461	a7	a15
12	5058.38021842304	a7	a15	a79	13
13	5058.38024365269	a7	a15
12	5058.38026888234	a7	a15	a79	14
13	5058.40661382405	a7	a15
12	5060.01716149834	a7	a15	a79	2
13	5060.01730492719	a7	a15
12	5060.01735884261	a7	a15	a79	9
13	5060.0173999704	a7	a15
12	5060.01749812412	a7	a15	a79	11
13	5060.01754754659	a7	a15
12	5060.017595241	a7	a15	a79	15
13	5065.5334225552	a7	a15
12	5066.61081755207	a7	a15	a67	2
13	5107.5888379516	a7	a15
12	5111.46932997605	a7	a15	a51	1
13	5111.47225246844	a7	a15
12	5111.47446783932	a7	a15	a69	1
13	5111.49366933316	a7	a15
12	5111.49573505419	a7	a15	a51	1
13	5111.49653998379	a7	a15
12	5111.49856457703	a7	a15	a71	2
13	5111.51762264202	a7	a15
12	5111.51910393369	a7	a15	a71	1
13	5111.52597745883	a7	a15
12	5111.53000971032	a7	a15	a73	1
13	5111.6663369296	a7	a15
12	5111.66650455127	a7	a15	a73	7
13	5111.79746269306	a7	a15
12	5111.8468696111	a7	a15	a77	4
13	5111.84727052065	a7	a15
12	5111.84744885628	a7	a15	a77	9
13	5111.84776439974	a7	a15
12	5111.84784147115	a7	a15	a77	13
13	5111.84820436341	a7	a15
12	5111.89774607	a7	a15	a81	1
13	5111.89909326434	a7	a15
12	5111.9345105127	a7	a15	a81	3
13	5111.93651402362	a7	a15
12	5112.00774424572	a7	a15	a51	1
13	5112.00831381377	a7	a15
12	5112.01126360948	a7	a15	a75	3
13	5112.01354983075	a7	a15
12	5112.03887590922	a7	a15	a77	2
13	5112.03920700521	a7	a15
12	5112.0392778556	a7	a15	a77	5
13	5112.03974926994	a7	a15
12	5112.0398844041	a7	a15	a77	11
13	5112.04027356286	a7	a15
12	5112.11709751003	a7	a15	a83	1
13	5112.11806072979	a7	a15
12	5112.12445316346	a7	a15	a81	1
13	5112.12551764745	a7	a15
12	5112.1566894019	a7	a15	a51	1
13	5112.15965094841	a7	a15
12	5112.16257862497	a7	a15	a53	3
13	5112.17349062261	a7	a15
12	5112.17358462899	a7	a15	a53	5
13	5112.17778035481	a7	a15
12	5112.17904218306	a7	a15	a53	1
13	5112.18316947777	a7	a15
12	5112.18323376154	a7	a15	a53	5
13	5112.18701717263	a7	a15
12	5112.18982457632	a7	a15	a55	1
13	5112.19555550924	a7	a15
12	5112.20591591064	a7	a15	a57	3
13	5112.88017181517	a7	a15
12	5113.41241726191	a7	a15	a59	2
13	5115.79621266682	a7	a15
12	5115.79627833304	a7	a15	a59	5
13	5118.05567772516	a7	a15
12	5118.05578002621	a7	a15	a59	9
13	5120.0138613293	a7	a15
12	5120.01398056533	a7	a15	a59	13
13	5122.46950940294	a7	a15
12	5123.38207354827	a7	a15	a61	2
13	5124.49317639812	a7	a15
12	5124.49329148681	a7	a15	a61	6
13	5125.4333442029	a7	a15
12	5125.43358785914	a7	a15	a61	9
13	5126.3541584447	a7	a15
12	5126.35437272394	a7	a15	a61	13
13	5127.25582096074	a7	a15
12	5127.40868362534	a7	a15	a61	1
13	5127.72014679969	a7	a15
12	5127.72027363918	a7	a15	a61	6
13	5128.00583390917	a7	a15
12	5128.00587952992	a7	a15	a61	9
13	5128.29679850904	a7	a15
12	5128.29688491196	a7	a15	a61	13
13	5128.58911203131	a7	a15
12	5129.74738396355	a7	a15	a63	1
13	5130.1050872161	a7	a15
12	5131.56587063452	a7	a15	a65	2
13	5156.6232387785	a7	a15
12	5156.62370535427	a7	a15	a65	5
13	5182.55045933929	a7	a15
12	5182.55098812516	a7	a15	a65	8
13	5201.24652408982	a7	a15
12	5201.24713893301	a7	a15	a65	14
13	5203.57840378149	a7	a15
12	5208.03201951124	a7	a15	a79	3
13	5208.03252686919	a7	a15
12	5208.03256488647	a7	a15	a79	14
13	5208.03260083009	a7	a15
12	5209.9967241166	a7	a15	a79	14
13	5209.99684853681	a7	a15
12	5216.82354812859	a7	a15	a67	2
13	5257.69828973473	a7	a15
12	5261.56464900627	a7	a15	a51	2
13	5261.56760917033	a7	a15
12	5261.56980380451	a7	a15	a69	2
13	5261.58933639434	a7	a15
12	5261.59142319768	a7	a15	a51	2
13	5261.5923231705	a7	a15
12	5261.59425721347	a7	a15	a71	1
13	5261.61228535565	a7	a15
12	5261.61573214096	a7	a15	a71	3
13	5261.62237687116	a7	a15
12	5261.64047897424	a7	a15	a73	3
13	5261.77804348334	a7	a15
12	5261.77814163706	a7	a15	a73	7
13	5261.90701193868	a7	a15
12	5261.95981587394	a7	a15	a77	3
13	5261.96037196314	a7	a15
12	5261.9604448872	a7	a15	a77	5
13	5261.96074556937	a7	a15
12	5261.96082782495	a7	a15	a77	10
13	5261.96110846163	a7	a15
12	5261.96118207692	a7	a15	a77	14
13	5261.96146824339	a7	a15
12	5262.01125360622	a7	a15	a81	3
13	5262.02636685947	a7	a15
12	5262.06218709105	a7	a15	a81	3
13	5262.06372748232	a7	a15
12	5262.13514848206	a7	a15	a51	3
13	5262.13576574453	a7	a15
12	5262.13759714083	a7	a15	a75	1
13	5262.1397706927	a7	a15
12	5262.14908838365	a7	a15	a77	3
13	5262.14938077114	a7	a15
12	5262.14946095305	a7	a15	a77	7
13	5262.14972361793	a7	a15
12	5262.14979550516	a7	a15	a77	11
13	5262.15019745154	a7	a15
12	5262.15028696497	a7	a15	a77	15
13	5262.15054651934	a7	a15
12	5262.22410512734	a7	a15	a83	3
13	5262.22515682369	a7	a15
12	5262.23166434605	a7	a15	a81	1
13	5262.23291442351	a7	a15
12	5262.26373503649	a7	a15	a51	3
13	5262.26602851562	a7	a15
12	5262.26808179462	a7	a15	a53	1
13	5262.27942753493	a7	a15
12	5262.27951497468	a7	a15	a53	4
13	5262.28335195558	a7	a15
12	5262.28561087353	a7	a15	a53	3
13	5262.2897340209	a7	a15
12	5262.28981938699	a7	a15	a53	7
13	5262.29350982853	a7	a15
12	5262.31094317301	a7	a15	a55	2
13	5262.3165137421	a7	a15
12	5262.32759681753	a7	a15	a57	2
13	5263.02999449889	a7	a15
12	5263.52497436601	a7	a15	a59	2
13	5265.62938316239	a7	a15
12	5265.62949203007	a7	a15	a59	4
13	5268.26748932021	a7	a15
12	5268.26762341754	a7	a15	a59	10
13	5271.38751640772	a7	a15
12	5271.38763149641	a7	a15	a59	15
13	5273.37965082986	a7	a15
12	5273.53315564096	a7	a15	a61	2
13	5274.62993772516	a7	a15
12	5274.63004209988	a7	a15	a61	4
13	5275.61033680341	a7	a15
12	5275.61051824955	a7	a15	a61	10
13	5276.55736119836	a7	a15
12	5276.55751395872	a7	a15	a61	12
13	5277.61001350929	a7	a15
12	5277.61337250923	a7	a15	a61	3
13	5277.92491517427	a7	a15
12	5277.92502507879	a7	a15	a61	6
13	5278.21597654541	a7	a15
12	5278.2160442853	a7	a15	a61	9
13	5278.52204990558	a7	a15
12	5278.52212386648	a7	a15	a61	14
13	5278.80568926585	a7	a15
12	5279.94998431605	a7	a15	a63	2
13	5280.32497195443	a7	a15
12	5281.78610374943	a7	a15	a65	1
13	5340.83264690677	a7	a15
12	5340.83297696593	a7	a15	a65	10
13	5357.49626232367	a7	a15
12	5357.65799891382	a7	a15	a79	2
13	5357.65826261554	a7	a15
12	5357.65833968694	a7	a15	a79	5
13	5357.65840500755	a7	a15
12	5357.65848518946	a7	a15	a79	9
13	5357.65852528042	a7	a15
12	5357.92216443824	a7	a15	a79	8
13	5357.92221075021	a7	a15
12	5357.92223736231	a7	a15	a79	9
13	5357.92226881297	a7	a15
12	5357.92229438823	a7	a15	a79	10
13	5357.92231961789	a7	a15
12	5357.92234277387	a7	a15	a79	11
13	5357.92236904036	a7	a15
12	5357.92241120498	a7	a15	a79	12
13	5357.92244403809	a7	a15
12	5357.92250002718	a7	a15	a79	15
13	5359.43093707557	a7	a15
12	5367.15790394903	a7	a15	a67	3
13	5410.28391443247	a7	a15
12	5411.68436649319	a7	a15	a51	3
13	5411.68778355589	a7	a15
12	5411.69083668949	a7	a15	a69	3
13	5411.71011007056	a7	a15
12	5411.72649240991	a7	a15	a51	3
13	5411.72736404258	a7	a15
12	5411.72933783089	a7	a15	a71	1
13	5411.74650954733	a7	a15
12	5411.75078441822	a7	a15	a71	1
13	5411.75734032622	a7	a15
12	5411.76230953099	a7	a15	a73	1
13	5411.90440984781	a7	a15
12	5411.90455638716	a7	a15	a73	7
13	5412.02895551045	a7	a15
12	5412.08321343406	a7	a15	a77	1
13	5412.08373980065	a7	a15
12	5412.0837767811	a7	a15	a77	4
13	5412.08405430728	a7	a15
12	5412.08411340688	a7	a15	a77	8
13	5412.08438851378	a7	a15
12	5412.08454058292	a7	a15	a77	10
13	5412.0848181091	a7	a15
12	5412.08491626281	a7	a15	a77	14
13	5412.0851968995	a7	a15
12	5412.13395268512	a7	a15	a81	1
13	5412.13527050247	a7	a15
12	5412.1877188033	a7	a15	a81	1
13	5412.1892273983	a7	a15
12	5412.26044275909	a7	a15	a51	1
13	5412.26095979417	a7	a15
12	5412.26387675677	a7	a15	a75	3
13	5412.26651653879	a7	a15
12	5412.27503794043	a7	a15	a77	3
13	5412.2753534839	a7	a15
12	5412.2754599323	a7	a15	a77	8
13	5412.27581764039	a7	a15
12	5412.27603191963	a7	a15	a77	13
13	5412.27635264727	a7	a15
12	5412.36113326659	a7	a15	a83	1
13	5412.36224544499	a7	a15
12	5412.36856495459	a7	a15	a81	1
13	5412.36968750134	a7	a15
12	5412.4004866864	a7	a15	a51	3
13	5412.4030843038	a7	a15
12	5412.40512375834	a7	a15	a53	1
13	5412.42262553393	a7	a15
12	5412.42431246455	a7	a15	a53	3
13	5412.42847673971	a7	a15
12	5412.42854206032	a7	a15	a53	7
13	5412.43195290201	a7	a15
12	5412.43399857756	a7	a15	a55	1
13	5412.43948896474	a7	a15
12	5412.44985247664	a7	a15	a57	3
13	5413.12915776785	a7	a15
12	5413.61460877527	a7	a15	a59	2
13	5415.61474652713	a7	a15
12	5415.61481495825	a7	a15	a59	4
13	5418.2212610123	a7	a15
12	5418.22134741522	a7	a15	a59	9
13	5420.21320327434	a7	a15
12	5420.21336156449	a7	a15	a59	13
13	5422.5598810214	a7	a15
12	5423.53528117229	a7	a15	a61	3
13	5424.63229723559	a7	a15
12	5424.63248317468	a7	a15	a61	5
13	5425.56849085163	a7	a15
12	5425.56868162928	a7	a15	a61	9
13	5426.52534271476	a7	a15
12	5426.52556217818	a7	a15	a61	13
13	5427.46062979136	a7	a15
12	5427.52559925783	a7	a15	a61	3
13	5427.84029113652	a7	a15
12	5427.84040207787	a7	a15	a61	6
13	5428.12126444827	a7	a15
12	5428.12132665837	a7	a15	a61	9
13	5428.41734997644	a7	a15
12	5428.41739836207	a7	a15	a61	13
13	5428.70934173423	a7	a15
12	5429.90395715414	a7	a15	a63	2
13	5430.27049320445	a7	a15
12	5431.7376500479	a7	a15	a65	1
13	5489.39987049612	a7	a15
12	5489.40016703094	a7	a15	a65	10
13	5505.99589912927	a7	a15
12	5506.27708015364	a7	a15	a79	7
13	5507.7811735544	a7	a15
12	5507.91328189188	a7	a15	a79	10
13	5507.91341356993	a7	a15
12	5507.91350757631	a7	a15	a79	15
13	5515.01129978745	a7	a15
12	5515.09322461744	a7	a15	a67	2
13	5556.29138756214	a7	a15
12	5559.7710882344	a7	a15	a51	1
13	5559.77464181372	a7	a15
12	5559.77697434696	a7	a15	a69	1
13	5559.79655566804	a7	a15
12	5559.7995275829	a7	a15	a51	2
13	5559.80059310371	a7	a15
12	5559.80281400438	a7	a15	a71	2
13	5559.82051105057	a7	a15
12	5559.8239377904	a7	a15	a71	3
13	5559.83071419865	a7	a15
12	5559.83465140694	a7	a15	a73	1
13	5559.96264834784	a7	a15
12	5559.96277898906	a7	a15	a73	4
13	5560.0914961847	a7	a15
12	5560.15080556865	a7	a15	a77	4
13	5560.1512151185	a7	a15
12	5560.15127525493	a7	a15	a77	8
13	5560.15153688297	a7	a15
12	5560.15166234001	a7	a15	a77	11
13	5560.15196094851	a7	a15
12	5560.20167476972	a7	a15	a81	1
13	5560.20380788502	a7	a15
12	5560.23959009931	a7	a15	a81	2
13	5560.24111148194	a7	a15
12	5560.31216336841	a7	a15	a51	1
13	5560.31304951676	a7	a15
12	5560.3149410495	a7	a15	a75	1
13	5560.3169055063	a7	a15
12	5560.32527829491	a7	a15	a77	1
13	5560.32559798572	a7	a15
12	5560.32565915899	a7	a15	a77	4
13	5560.3259259712	a7	a15
12	5560.32600407944	a7	a15	a77	6
13	5560.3262867898	a7	a15
12	5560.32638183301	a7	a15	a77	10
13	5560.326706708	a7	a15
12	5560.42989045817	a7	a15	a83	1
13	5560.43093697035	a7	a15
12	5560.43827465197	a7	a15	a81	3
13	5560.43973486133	a7	a15
12	5560.47074832563	a7	a15	a51	1
13	5560.47321288254	a7	a15
12	5560.47611325578	a7	a15	a53	1
13	5560.48780080603	a7	a15
12	5560.48791451228	a7	a15	a53	6
13	5560.49339245744	a7	a15
12	5560.49564169827	a7	a15	a53	3
13	5560.49968777423	a7	a15
12	5560.49975827902	a7	a15	a53	7
13	5560.5032368606	a7	a15
12	5560.50535096726	a7	a15	a55	2
13	5560.5113044741	a7	a15
12	5560.52154771313	a7	a15	a57	3
13	5561.25578936368	a7	a15
12	5561.70136438643	a7	a15	a59	3
13	5564.37046292623	a7	a15
12	5564.37064782848	a7	a15	a59	7
13	5566.78889933566	a7	a15
12	5566.78906903099	a7	a15	a59	11
13	5569.12217184241	a7	a15
12	5569.12228451181	a7	a15	a59	14
13	5571.61150357621	a7	a15
12	5571.65436184408	a7	a15	a61	2
13	5572.75381516097	a7	a15
12	5572.7540408454	a7	a15	a61	5
13	5573.73946926485	a7	a15
12	5573.73963170235	a7	a15	a61	9
13	5574.69519858124	a7	a15
12	5574.69559534345	a7	a15	a61	15
13	5575.64958692429	a7	a15
12	5575.66814696285	a7	a15	a61	1
13	5575.98269437586	a7	a15
12	5575.98278596295	a7	a15	a61	6
13	5576.26787931156	a7	a15
12	5576.26792251303	a7	a15	a61	8
13	5576.5444560971	a7	a15
12	5576.54451830721	a7	a15	a61	12
13	5576.80554533194	a7	a15
12	5578.09927423325	a7	a15	a63	1
13	5578.47380048003	a7	a15
12	5579.90831291765	a7	a15	a65	2
13	5604.86665329194	a7	a15
12	5604.86767975863	a7	a15	a65	5
13	5630.65663629227	a7	a15
12	5630.65718996219	a7	a15	a65	8
13	5649.27119993274	a7	a15
12	5649.27175602194	a7	a15	a65	14
13	5651.62352739398	a7	a15
12	5656.12840977822	a7	a15	a79	5
13	5656.12858811385	a7	a15
12	5656.12862613113	a7	a15	a79	9
13	5656.12866933259	a7	a15
12	5656.12875055134	a7	a15	a79	12
13	5656.12878442128	a7	a15
12	5656.12885803657	a7	a15	a79	15
13	5656.30844892623	a7	a15
12	5656.35026793978	a7	a15	a79	7
13	5657.57585465938	a7	a15
12	5658.06080452986	a7	a15	a79	5
13	5658.06094588504	a7	a15
12	5658.06106719474	a7	a15	a79	10
13	5658.06110728569	a7	a15
12	5658.06115152399	a7	a15	a79	12
13	5658.06118090098	a7	a15
12	5658.06120543941	a7	a15	a79	13
13	5658.06123377957	a7	a15
12	5658.06125589872	a7	a15	a79	14
13	5658.06128873183	a7	a15
12	5664.78538796595	a7	a15	a67	1
13	5706.21121776776	a7	a15
12	5709.42772477565	a7	a15	a51	2
13	5709.43088435764	a7	a15
12	5709.43310318465	a7	a15	a69	1
13	5709.45201332784	a7	a15
12	5709.45600790766	a7	a15	a51	2
13	5709.45682769857	a7	a15
12	5709.45878144141	a7	a15	a71	2
13	5709.47616398097	a7	a15
12	5709.47965949752	a7	a15	a71	3
13	5709.48630802945	a7	a15
12	5709.50224211045	a7	a15	a73	1
13	5709.6348260096	a7	a15
12	5709.63515848804	a7	a15	a73	5
13	5709.76195546518	a7	a15
12	5709.81849546272	a7	a15	a77	1
13	5709.81908196575	a7	a15
12	5709.81913069699	a7	a15	a77	3
13	5709.81947043328	a7	a15
12	5709.81954197489	a7	a15	a77	7
13	5709.81987963751	a7	a15
12	5709.81995774575	a7	a15	a77	11
13	5709.82024667712	a7	a15
12	5709.82036591314	a7	a15	a77	15
13	5709.82062028334	a7	a15
12	5709.87043951611	a7	a15	a81	3
13	5709.87209914341	a7	a15
12	5709.90572163031	a7	a15	a81	2
13	5709.90732319484	a7	a15
12	5709.97761127949	a7	a15	a51	2
13	5709.97827900126	a7	a15
12	5709.98036995194	a7	a15	a75	2
13	5709.98259396311	a7	a15
12	5709.99099612872	a7	a15	a77	2
13	5709.99138459625	a7	a15
12	5709.99148171313	a7	a15	a77	5
13	5709.99202294103	a7	a15
12	5709.99207858451	a7	a15	a77	11
13	5709.9923298442	a7	a15
12	5709.99248813435	a7	a15	a77	15
13	5709.99285828446	a7	a15
12	5710.06615526442	a7	a15	a83	1
13	5710.06713541915	a7	a15
12	5710.07364708886	a7	a15	a81	1
13	5710.07470396938	a7	a15
12	5710.10465087603	a7	a15	a51	1
13	5710.10761864355	a7	a15
12	5710.10963597894	a7	a15	a53	1
13	5710.12102388387	a7	a15
12	5710.12108920447	a7	a15	a53	6
13	5710.12513631727	a7	a15
12	5710.12749753629	a7	a15	a53	3
13	5710.13158681371	a7	a15
12	5710.13165006065	a7	a15	a53	7
13	5710.13473395369	a7	a15
12	5710.15074303242	a7	a15	a55	2
13	5710.15698650746	a7	a15
12	5710.16656617207	a7	a15	a57	2
13	5710.85841267439	a7	a15
12	5711.33255976052	a7	a15	a59	3
13	5714.07473374319	a7	a15
12	5714.07480666726	a7	a15	a59	7
13	5716.46854151853	a7	a15
12	5716.46866904924	a7	a15	a59	11
13	5719.01106461828	a7	a15
12	5719.0112101208	a7	a15	a59	14
13	5721.29991289062	a7	a15
12	5721.37959366396	a7	a15	a61	3
13	5722.42414138095	a7	a15
12	5722.42431349556	a7	a15	a61	4
13	5723.30231267094	a7	a15
12	5723.30253524487	a7	a15	a61	8
13	5724.17113343688	a7	a15
12	5724.17136119497	a7	a15	a61	12
13	5725.06816959494	a7	a15
12	5725.3782752066	a7	a15	a61	1
13	5725.69388814042	a7	a15
12	5725.69398733098	a7	a15	a61	6
13	5725.95446863486	a7	a15
12	5725.9545616044	a7	a15	a61	8
13	5726.21833485956	a7	a15
12	5726.21838220836	a7	a15	a61	12
13	5726.48479489994	a7	a15
12	5727.7761732962	a7	a15	a63	1
13	5728.18189790954	a7	a15
12	5729.60383008192	a7	a15	a65	2
13	5754.5055336874	a7	a15
12	5754.50597779841	a7	a15	a65	5
13	5789.98386303656	a7	a15
12	5789.9843493122	a7	a15	a65	11
13	5800.89329866016	a7	a15
12	5800.89369853288	a7	a15	a65	13
13	5807.18144159026	a7	a15
12	5808.11210991234	a7	a15	a79	14
13	5808.11223951672	a7	a15
12	5808.37192867863	a7	a15	a79	4
13	5808.37197188009	a7	a15
12	5808.37201853767	a7	a15	a79	6
13	5808.3720638128	a7	a15
12	5808.37214399471	a7	a15	a79	8
13	5808.3873678437	a7	a15
12	5810.05821438819	a7	a15	a79	15
13	5817.11892281145	a7	a15
12	5817.18938370194	a7	a15	a67	3
13	5860.66831140734	a7	a15
12	5861.79773167636	a7	a15	a51	3
13	5861.80093480543	a7	a15
12	5861.80322932138	a7	a15	a69	3
13	5861.82216918718	a7	a15
12	5861.82445437163	a7	a15	a51	1
13	5861.82561700932	a7	a15
12	5861.8276606112	a7	a15	a71	2
13	5861.84700242339	a7	a15
12	5861.84856286013	a7	a15	a71	3
13	5861.85512602598	a7	a15
12	5861.87657157647	a7	a15	a73	2
13	5862.01749024695	a7	a15
12	5862.01757146569	a7	a15	a73	7
13	5862.1457284248	a7	a15
12	5862.1957408545	a7	a15	a77	2
13	5862.19624095461	a7	a15
12	5862.19630212788	a7	a15	a77	6
13	5862.1967082216	a7	a15
12	5862.19677803516	a7	a15	a77	11
13	5862.19707249631	a7	a15
12	5862.19713366958	a7	a15	a77	15
13	5862.19739322396	a7	a15
12	5862.2475902103	a7	a15	a81	3
13	5862.24944683625	a7	a15
12	5862.28543296144	a7	a15	a81	3
13	5862.28703763648	a7	a15
12	5862.37454133025	a7	a15	a51	1
13	5862.37515962955	a7	a15
12	5862.37796910691	a7	a15	a75	1
13	5862.37988932542	a7	a15
12	5862.38928512461	a7	a15	a77	2
13	5862.38963453802	a7	a15
12	5862.38967255531	a7	a15	a77	5
13	5862.38994558853	a7	a15
12	5862.39000468813	a7	a15	a77	9
13	5862.39044672547	a7	a15
12	5862.39061884009	a7	a15	a77	15
13	5862.39090569779	a7	a15
12	5862.46663958571	a7	a15	a83	1
13	5862.46765361039	a7	a15
12	5862.47512746302	a7	a15	a81	2
13	5862.47640726308	a7	a15
12	5862.50702707568	a7	a15	a51	2
13	5862.50956248298	a7	a15
12	5862.51241412497	a7	a15	a53	2
13	5862.52380617724	a7	a15
12	5862.5238939626	a7	a15	a53	7
13	5862.52820028416	a7	a15
12	5862.52949909287	a7	a15	a53	2
13	5862.53329736525	a7	a15
12	5862.53336579637	a7	a15	a53	6
13	5862.53709943937	a7	a15
12	5862.54032157708	a7	a15	a55	3
13	5862.54625814895	a7	a15
12	5862.55669147441	a7	a15	a57	2
13	5863.28901601696	a7	a15
12	5863.80805875183	a7	a15	a59	2
13	5865.90391365908	a7	a15
12	5865.90400662863	a7	a15	a59	4
13	5868.40895378945	a7	a15
12	5868.40908996046	a7	a15	a59	9
13	5870.53431875019	a7	a15
12	5870.53447185617	a7	a15	a59	13
13	5872.79937857044	a7	a15
12	5873.65246778383	a7	a15	a61	1
13	5874.73698307258	a7	a15
12	5874.73715380475	a7	a15	a61	5
13	5875.72092985476	a7	a15
12	5875.72128445234	a7	a15	a61	9
13	5876.64119457398	a7	a15
12	5876.64142993553	a7	a15	a61	12
13	5877.52830199963	a7	a15
12	5877.63638410418	a7	a15	a61	2
13	5877.95728144062	a7	a15
12	5877.95734054022	a7	a15	a61	4
13	5878.22491932561	a7	a15
12	5878.22498257255	a7	a15	a61	8
13	5878.55174493924	a7	a15
12	5878.55181337035	a7	a15	a61	14
13	5878.96737512901	a7	a15
12	5880.12511965783	a7	a15	a63	1
13	5880.49712570423	a7	a15
12	5881.9549109413	a7	a15	a65	2
13	5906.92295332673	a7	a15
12	5906.92339640091	a7	a15	a65	5
13	5931.70462668619	a7	a15
12	5931.70543679997	a7	a15	a65	8
13	5950.51456426501	a7	a15
12	5950.51478165476	a7	a15	a65	14
13	5952.81008042353	a7	a15
12	5952.81053110117	a7	a15	a65	15
13	5954.20879267505	a7	a15
12	5956.48056980395	a7	a15	a79	6
13	5956.48064894903	a7	a15
12	5956.48074813958	a7	a15	a79	11
13	5956.48079583399	a7	a15
12	5956.48084110912	a7	a15	a79	14
13	5956.48087808957	a7	a15
12	5956.73860797886	a7	a15	a79	8
13	5956.73868712393	a7	a15
12	5956.73871235359	a7	a15	a79	9
13	5956.73874622353	a7	a15
12	5956.73876834268	a7	a15	a79	10
13	5956.73879771967	a7	a15
12	5956.73884852459	a7	a15	a79	11
13	5956.73888239453	a7	a15
12	5956.73894978881	a7	a15	a79	14
13	5956.73901718309	a7	a15
12	5958.3650441134	a7	a15	a79	5
13	5958.36523419983	a7	a15
12	5958.36528258547	a7	a15	a79	9
13	5958.36531852908	a7	a15
12	5958.36534168506	a7	a15	a79	10
13	5958.36537348134	a7	a15
12	5958.36542705115	a7	a15	a79	11
13	5958.36545470008	a7	a15
12	5958.36547681923	a7	a15	a79	12
13	5958.36550308572	a7	a15
12	5958.36552520487	a7	a15	a79	13
13	5958.36555181697	a7	a15
12	5958.36557808345	a7	a15	a79	14
13	5958.36560849728	a7	a15
12	5958.36563510938	a7	a15	a79	15
13	5965.2909435895	a7	a15
12	5965.37216786461	a7	a15	a67	3
13	6008.78313518005	a7	a15
12	6010.22690517218	a7	a15	a51	1
13	6010.23065920628	a7	a15
12	6010.23278921107	a7	a15	a69	1
13	6010.25243170542	a7	a15
12	6010.25546686721	a7	a15	a51	3
13	6010.25650923205	a7	a15
12	6010.25889257021	a7	a15	a71	2
13	6010.27670366825	a7	a15
12	6010.28117035363	a7	a15	a71	1
13	6010.28778328756	a7	a15
12	6010.29164065955	a7	a15	a73	1
13	6010.42782859732	a7	a15
12	6010.42789702843	a7	a15	a73	4
13	6010.55557185924	a7	a15
12	6010.61277024704	a7	a15	a77	1
13	6010.61322368957	a7	a15
12	6010.61328728212	a7	a15	a77	6
13	6010.61366469007	a7	a15
12	6010.61372931946	a7	a15	a77	10
13	6010.61399302117	a7	a15
12	6010.61407320308	a7	a15	a77	14
13	6010.61441190253	a7	a15
12	6010.6640033772	a7	a15	a81	3
13	6010.6657577021	a7	a15
12	6010.71840680333	a7	a15	a81	1
13	6010.71992265616	a7	a15
12	6010.79302851286	a7	a15	a51	2
13	6010.79354658477	a7	a15
12	6010.79558189197	a7	a15	a75	1
13	6010.79794829516	a7	a15
12	6010.80627442619	a7	a15	a77	4
13	6010.80659204333	a7	a15
12	6010.80671438986	a7	a15	a77	8
13	6010.80699917389	a7	a15
12	6010.80703097017	a7	a15	a77	10
13	6010.80750791429	a7	a15
12	6010.88387358037	a7	a15	a83	1
13	6010.88490661369	a7	a15
12	6010.89228957044	a7	a15	a81	1
13	6010.89325175337	a7	a15
12	6010.92340015163	a7	a15	a51	1
13	6010.92651342166	a7	a15
12	6010.92954789223	a7	a15	a53	3
13	6010.94023938962	a7	a15
12	6010.94027222273	a7	a15	a53	4
13	6010.9440639285	a7	a15
12	6010.94630487465	a7	a15	a53	3
13	6010.95018816751	a7	a15
12	6010.95025798107	a7	a15	a53	7
13	6010.95392941397	a7	a15
12	6010.95622738604	a7	a15	a55	1
13	6010.96164070182	a7	a15
12	6010.97311812018	a7	a15	a57	2
13	6011.66155585448	a7	a15
12	6012.19317263357	a7	a15	a59	3
13	6014.93529270082	a7	a15
12	6014.9353421233	a7	a15	a59	7
13	6017.57304115055	a7	a15
12	6017.57311822195	a7	a15	a59	11
13	6019.85890506601	a7	a15
12	6019.85909791733	a7	a15	a59	15
13	6021.82513934868	a7	a15
12	6022.19135674501	a7	a15	a61	2
13	6023.28664889724	a7	a15
12	6023.28681444524	a7	a15	a61	5
13	6024.27008106362	a7	a15
12	6024.27026769393	a7	a15	a61	11
13	6025.24817387513	a7	a15
12	6025.24828032353	a7	a15	a61	15
13	6026.19985815238	a7	a15
12	6026.20328489221	a7	a15	a61	3
13	6026.52263146904	a7	a15
12	6026.5227012826	a7	a15	a61	6
13	6026.8071908476	a7	a15
12	6026.80725616821	a7	a15	a61	8
13	6027.08272423147	a7	a15
12	6027.08278229423	a7	a15	a61	12
13	6027.34924475389	a7	a15
12	6028.56873350096	a7	a15	a63	3
13	6028.94258062079	a7	a15
12	6030.43284782621	a7	a15	a65	1
13	6091.42922426384	a7	a15
12	6091.42971917977	a7	a15	a65	11
13	6100.21852057534	a7	a15
12	6100.21895293555	a7	a15	a65	14
13	6102.64748915517	a7	a15
12	6107.95261015996	a7	a15	a79	6
13	6107.95275980981	a7	a15
12	6107.95287386167	a7	a15	a79	15
13	6108.13390664327	a7	a15
12	6108.17202381009	a7	a15	a79	4
13	6108.17207634306	a7	a15
12	6108.17210191833	a7	a15	a79	6
13	6108.17214408295	a7	a15
12	6108.17217138628	a7	a15	a79	8
13	6108.17220940356	a7	a15
12	6108.17223255954	a7	a15	a79	9
13	6108.17226124531	a7	a15
12	6108.17230133627	a7	a15	a79	10
13	6108.17233071326	a7	a15
12	6108.17238359185	a7	a15	a79	12
13	6108.17242886698	a7	a15
12	6108.1724530598	a7	a15	a79	13
13	6108.17248589291	a7	a15
12	6108.17250904889	a7	a15	a79	14
13	6108.172541882	a7	a15
12	6108.17256400115	a7	a15	a79	15
13	6109.70765911542	a7	a15
12	6109.85304066955	a7	a15	a79	2
13	6109.85318720891	a7	a15
12	6109.85324527167	a7	a15	a79	7
13	6115.52772217248	a7	a15
12	6116.69890892207	a7	a15	a67	1
13	6158.23767701817	a7	a15
12	6161.24404279174	a7	a15	a51	3
13	6161.24727668026	a7	a15
12	6161.24950380194	a7	a15	a69	1
13	6161.2684277696	a7	a15
12	6161.27137238113	a7	a15	a51	2
13	6161.27287268144	a7	a15
12	6161.27487619236	a7	a15	a71	3
13	6161.29284108761	a7	a15
12	6161.29432652662	a7	a15	a71	2
13	6161.3011779326	a7	a15
12	6161.30607317647	a7	a15	a73	3
13	6161.46891641523	a7	a15
12	6161.4689658377	a7	a15	a73	7
13	6161.58606840716	a7	a15
12	6161.63563672585	a7	a15	a77	2
13	6161.63612300148	a7	a15
12	6161.6362180447	a7	a15	a77	7
13	6161.63661895425	a7	a15
12	6161.63668323802	a7	a15	a77	10
13	6161.6369459029	a7	a15
12	6161.63697009572	a7	a15	a77	13
13	6161.63729289703	a7	a15
12	6161.69944044411	a7	a15	a81	3
13	6161.70110318192	a7	a15
12	6161.73579430013	a7	a15	a81	3
13	6161.73740104884	a7	a15
12	6161.8092485334	a7	a15	a51	1
13	6161.80989102552	a7	a15
12	6161.81256536872	a7	a15	a75	1
13	6161.81454364999	a7	a15
12	6161.82362528816	a7	a15	a77	5
13	6161.8239311545	a7	a15
12	6161.82399232777	a7	a15	a77	8
13	6161.82433517456	a7	a15
12	6161.82453148199	a7	a15	a77	12
13	6161.82487225511	a7	a15
12	6161.9088946024	a7	a15	a83	3
13	6161.90996634423	a7	a15
12	6161.92445092983	a7	a15	a81	3
13	6161.92546668256	a7	a15
12	6161.95577751832	a7	a15	a51	1
13	6161.95807756406	a7	a15
12	6161.96126686867	a7	a15	a53	3
13	6161.97249993956	a7	a15
12	6161.97257908464	a7	a15	a53	6
13	6161.97663449212	a7	a15
12	6161.97894179571	a7	a15	a53	3
13	6161.98288246011	a7	a15
12	6161.98294570705	a7	a15	a53	7
13	6161.98648718995	a7	a15
12	6161.98880831801	a7	a15	a55	3
13	6161.99425239323	a7	a15
12	6162.00471924303	a7	a15	a57	2
13	6162.76870838228	a7	a15
12	6163.20344191217	a7	a15	a59	1
13	6165.67997011559	a7	a15
12	6165.68007034298	a7	a15	a59	6
13	6168.24924425078	a7	a15
12	6168.24936141314	a7	a15	a59	10
13	6171.15689676129	a7	a15
12	6171.15708235476	a7	a15	a59	15
13	6173.0577005315	a7	a15
12	6173.0889503942	a7	a15	a61	2
13	6174.15937993323	a7	a15
12	6174.15955619519	a7	a15	a61	4
13	6174.99016786159	a7	a15
12	6174.99040840732	a7	a15	a61	8
13	6175.83650797004	a7	a15
12	6175.83668734251	a7	a15	a61	12
13	6176.69941532009	a7	a15
12	6177.25970750047	a7	a15	a61	2
13	6177.76078326643	a7	a15
12	6177.76091943743	a7	a15	a61	7
13	6178.04692070793	a7	a15
12	6178.04697773386	a7	a15	a61	11
13	6178.3290957115	a7	a15
12	6178.32917070924	a7	a15	a61	15
13	6178.59161439625	a7	a15
12	6179.72263000879	a7	a15	a63	1
13	6180.11072497022	a7	a15
12	6181.57057385465	a7	a15	a65	2
13	6206.82523373621	a7	a15
12	6206.82598716968	a7	a15	a65	5
13	6233.05766777531	a7	a15
12	6233.05835899867	a7	a15	a65	8
13	6253.09929661286	a7	a15
12	6253.09975765885	a7	a15	a65	15
13	6254.28647550621	a7	a15
12	6258.25894585887	a7	a15	a79	9
13	6258.25915564516	a7	a15
12	6258.52740629967	a7	a15	a79	12
13	6258.52744950113	a7	a15
12	6258.52753521282	a7	a15	a79	15
13	6260.06518992722	a7	a15
12	6267.58115844939	a7	a15	a67	2
13	6308.91698094641	a7	a15
12	6312.87151059664	a7	a15	a51	1
13	6312.87412480341	a7	a15
12	6312.87736594976	a7	a15	a69	1
13	6312.89639325532	a7	a15
12	6312.89958048625	a7	a15	a51	1
13	6312.90044244179	a7	a15
12	6312.9025492906	a7	a15	a71	3
13	6312.92148500906	a7	a15
12	6312.92300535485	a7	a15	a71	3
13	6312.92958752934	a7	a15
12	6312.9334383347	a7	a15	a73	1
13	6313.06214619883	a7	a15
12	6313.06234250627	a7	a15	a73	5
13	6313.19376480455	a7	a15
12	6313.24391236842	a7	a15	a77	1
13	6313.24436684778	a7	a15
12	6313.24446811201	a7	a15	a77	5
13	6313.24478469231	a7	a15
12	6313.24489563366	a7	a15	a77	10
13	6313.24516244588	a7	a15
12	6313.24523640677	a7	a15	a77	14
13	6313.24552430131	a7	a15
12	6313.294790901	a7	a15	a81	1
13	6313.29614535318	a7	a15
12	6313.33262086451	a7	a15	a81	2
13	6313.33413706296	a7	a15
12	6313.42109641832	a7	a15	a75	1
13	6313.42365912895	a7	a15
12	6313.43201256331	a7	a15	a77	1
13	6313.43235022592	a7	a15
12	6313.43239550105	a7	a15	a77	3
13	6313.43264468707	a7	a15
12	6313.43270689718	a7	a15	a77	6
13	6313.43296334105	a7	a15
12	6313.43302451431	a7	a15	a77	9
13	6313.43339777493	a7	a15
12	6313.43351286362	a7	a15	a77	14
13	6313.43404476	a7	a15
12	6313.50803054404	a7	a15	a83	3
13	6313.50905701073	a7	a15
12	6313.51555174547	a7	a15	a81	1
13	6313.51674687066	a7	a15
12	6313.54652615565	a7	a15	a51	2
13	6313.56295618941	a7	a15
12	6313.56534574858	a7	a15	a53	3
13	6313.57684010191	a7	a15
12	6313.57697523608	a7	a15	a53	6
13	6313.58182105748	a7	a15
12	6313.58576033943	a7	a15	a53	1
13	6313.58989627443	a7	a15
12	6313.58995641086	a7	a15	a53	5
13	6313.59371217301	a7	a15
12	6313.59658697099	a7	a15	a55	1
13	6313.60236559831	a7	a15
12	6313.62046770139	a7	a15	a57	1
13	6314.35534216693	a7	a15
12	6314.79978116408	a7	a15	a59	2
13	6317.17243128345	a7	a15
12	6317.17250731802	a7	a15	a59	5
13	6319.44139686132	a7	a15
12	6319.44155411464	a7	a15	a59	8
13	6321.40072098402	a7	a15
12	6321.40087823733	a7	a15	a59	12
13	6323.74700196887	a7	a15
12	6324.75937116457	a7	a15	a61	2
13	6325.85412969237	a7	a15
12	6325.8543733486	a7	a15	a61	6
13	6327.04597261537	a7	a15
12	6327.0461067127	a7	a15	a61	11
13	6327.89315878121	a7	a15
12	6327.89342144609	a7	a15	a61	15
13	6328.71080344291	a7	a15
12	6328.77454045813	a7	a15	a61	2
13	6329.09414555249	a7	a15
12	6329.09418460661	a7	a15	a61	5
13	6329.39441954863	a7	a15
12	6329.39446378693	a7	a15	a61	9
13	6329.68832945126	a7	a15
12	6329.68836746854	a7	a15	a61	13
13	6329.95485412102	a7	a15
12	6331.12379992446	a7	a15	a63	3
13	6331.48677064465	a7	a15
12	6332.97342862727	a7	a15	a65	2
13	6358.23148276116	a7	a15
12	6358.23199668573	a7	a15	a65	5
13	6384.0592124326	a7	a15
12	6384.06042760327	a7	a15	a65	8
13	6402.79511342246	a7	a15
12	6402.79543311327	a7	a15	a65	14
13	6405.11053612266	a7	a15
12	6408.54982303847	a7	a15	a79	3
13	6408.54999930043	a7	a15
12	6408.55003731771	a7	a15	a79	10
13	6408.55006980521	a7	a15
12	6408.55010056465	a7	a15	a79	13
13	6408.55012890481	a7	a15
12	6408.80233488257	a7	a15	a79	12
13	6408.80240884347	a7	a15
12	6408.80246033961	a7	a15	a79	14
13	6408.80249732006	a7	a15
12	6410.48605373417	a7	a15	a79	8
13	6410.48618230171	a7	a15
12	6410.48627319759	a7	a15	a79	12
13	6410.48629842724	a7	a15
12	6410.48642181061	a7	a15	a79	14
13	6410.48647054186	a7	a15
12	6417.04155149329	a7	a15	a67	3
13	6461.01777397286	a7	a15
12	6461.4944744381	a7	a15	a51	3
13	6461.49732504325	a7	a15
12	6461.49936968196	a7	a15	a69	1
13	6461.51928313587	a7	a15
12	6461.5221772881	a7	a15	a51	3
13	6461.52317195852	a7	a15
12	6461.52501959857	a7	a15	a71	1
13	6461.54288841377	a7	a15
12	6461.56239784762	a7	a15	a71	1
13	6461.56916285068	a7	a15
12	6461.573793356	a7	a15	a73	1
13	6461.70805692793	a7	a15
12	6461.70821729175	a7	a15	a73	6
13	6461.8368162882	a7	a15
12	6461.89482997395	a7	a15	a77	2
13	6461.89540403496	a7	a15
12	6461.89547350291	a7	a15	a77	6
13	6461.89582810049	a7	a15
12	6461.8959051719	a7	a15	a77	10
13	6461.89616783678	a7	a15
12	6461.89623730472	a7	a15	a77	14
13	6461.89651897825	a7	a15
12	6461.94566634191	a7	a15	a81	3
13	6461.9471897982	a7	a15
12	6461.98217226706	a7	a15	a81	1
13	6461.9841021627	a7	a15
12	6462.05771330367	a7	a15	a75	3
13	6462.06011461364	a7	a15
12	6462.06855790704	a7	a15	a77	5
13	6462.06894291845	a7	a15
12	6462.06901480568	a7	a15	a77	9
13	6462.06947896217	a7	a15
12	6462.14354907546	a7	a15	a83	1
13	6462.14461770678	a7	a15
12	6462.15184168216	a7	a15	a81	1
13	6462.15284706655	a7	a15
12	6462.1835187209	a7	a15	a51	1
13	6462.18589238193	a7	a15
12	6462.18800579737	a7	a15	a53	1
13	6462.19961212888	a7	a15
12	6462.19968159683	a7	a15	a53	4
13	6462.2036094736	a7	a15
12	6462.20581862347	a7	a15	a53	2
13	6462.2098636626	a7	a15
12	6462.20994488134	a7	a15	a53	6
13	6462.21349189404	a7	a15
12	6462.21549022078	a7	a15	a55	1
13	6462.22188576496	a7	a15
12	6462.23204882209	a7	a15	a57	1
13	6462.93640681292	a7	a15
12	6463.37816801076	a7	a15	a59	3
13	6466.34310392954	a7	a15
12	6466.34322316557	a7	a15	a59	7
13	6468.78486152406	a7	a15
12	6468.78493859546	a7	a15	a59	11
13	6471.11095256566	a7	a15
12	6471.11103896858	a7	a15	a59	14
13	6473.19158327831	a7	a15
12	6473.41778612433	a7	a15	a61	3
13	6474.51935251104	a7	a15
12	6474.51959513044	a7	a15	a61	5
13	6475.47867653453	a7	a15
12	6475.4788769893	a7	a15	a61	8
13	6476.58022391259	a7	a15
12	6476.58043819184	a7	a15	a61	14
13	6477.39562555448	a7	a15
12	6477.48796124517	a7	a15	a61	3
13	6477.79981910807	a7	a15
12	6477.79994905806	a7	a15	a61	6
13	6478.08191496656	a7	a15
12	6478.08194987334	a7	a15	a61	8
13	6478.3672371101	a7	a15
12	6478.3672962097	a7	a15	a61	12
13	6478.63300938323	a7	a15
12	6479.8227952255	a7	a15	a63	1
13	6480.18600752826	a7	a15
12	6481.69918913382	a7	a15	a65	1
13	6539.23000594678	a7	a15
12	6539.23039959849	a7	a15	a65	10
13	6556.0463544239	a7	a15
12	6556.08045592858	a7	a15	a79	5
13	6556.08058276807	a7	a15
12	6556.08065983948	a7	a15	a79	9
13	6556.08069129014	a7	a15
12	6556.08077354572	a7	a15	a79	13
13	6556.08080948934	a7	a15
12	6556.08083368215	a7	a15	a79	15
13	6556.25776992848	a7	a15
12	6556.29217315217	a7	a15	a79	6
13	6556.29223017809	a7	a15
12	6556.29225437091	a7	a15	a79	8
13	6556.29229342503	a7	a15
12	6556.29232833181	a7	a15	a79	9
13	6556.29235667197	a7	a15
12	6556.29242752236	a7	a15	a79	12
13	6556.29245586252	a7	a15
12	6556.29254364789	a7	a15	a79	13
13	6556.29257095121	a7	a15
12	6557.8973496753	a7	a15	a79	4
13	6557.89751003912	a7	a15
12	6557.89753423194	a7	a15	a79	8
13	6557.89757224923	a7	a15
12	6557.89762616465	a7	a15	a79	9
13	6557.8976513943	a7	a15
12	6557.89770738339	a7	a15	a79	12
13	6557.89773572355	a7	a15
12	6557.897772704	a7	a15	a79	13
13	6557.89780242661	a7	a15
12	6557.89782454575	a7	a15	a79	14
13	6557.89785184908	a7	a15
12	6564.54967469455	a7	a15	a67	3
13	6607.86164983829	a7	a15
12	6608.94231846902	a7	a15	a51	1
13	6608.94551192096	a7	a15
12	6608.94853049339	a7	a15	a69	3
13	6608.96807483402	a7	a15
12	6608.97023352459	a7	a15	a51	1
13	6608.97104882255	a7	a15
12	6608.97407361599	a7	a15	a71	3
13	6608.9937150735	a7	a15
12	6608.99636211338	a7	a15	a71	3
13	6609.00281468349	a7	a15
12	6609.00776799012	a7	a15	a73	1
13	6609.13754448557	a7	a15
12	6609.13768065657	a7	a15	a73	4
13	6609.27589422441	a7	a15
12	6609.32928811881	a7	a15	a77	1
13	6609.32983245721	a7	a15
12	6609.32989466731	a7	a15	a77	5
13	6609.33015629536	a7	a15
12	6609.33022161596	a7	a15	a77	8
13	6609.33052022446	a7	a15
12	6609.33063012897	a7	a15	a77	12
13	6609.33088104305	a7	a15
12	6609.41016194368	a7	a15	a81	2
13	6609.41215715992	a7	a15
12	6609.44747729139	a7	a15	a81	1
13	6609.44888980634	a7	a15
12	6609.52380839631	a7	a15	a75	2
13	6609.52590142065	a7	a15
12	6609.53513720164	a7	a15	a77	6
13	6609.53556023034	a7	a15
12	6609.53564352275	a7	a15	a77	11
13	6609.53594627859	a7	a15
12	6609.53602127632	a7	a15	a77	15
13	6609.53649269066	a7	a15
12	0.464913724428616	a7	a16	a19	1
13	0.465029849953845	a7	a16
12	0.465082382929544	a7	a16	a19	3
13	0.465105884523935	a7	a16
12	9.77965349915398	a7	a16	a21	3
13	9.78976298647085	a7	a16
12	15.4850743963196	a7	a16	a21	1
13	15.4987295138845	a7	a16
12	21.8339668742555	a7	a16	a23	3
13	21.8347527952209	a7	a16
12	21.8357253464947	a7	a16	a25	1
13	21.836969202939	a7	a16
12	21.8525435021753	a7	a16	a23	1
13	21.8531386454921	a7	a16
12	21.8541115423775	a7	a16	a25	1
13	21.8664868598831	a7	a16
12	25.3579130996828	a7	a16	a27	1
13	25.3882208249325	a7	a16
12	25.4064781076579	a7	a16	a29	1
13	25.4212326159839	a7	a16
12	25.4212917155815	a7	a16	a29	5
13	25.4376616129103	a7	a16
12	25.437715182721	a7	a16	a29	9
13	25.4535977675778	a7	a16
12	25.4536534110587	a7	a16	a29	13
13	25.4698809163744	a7	a16
12	25.4699493474874	a7	a16	a29	16
13	25.485293814955	a7	a16
12	25.4853653565732	a7	a16	a29	20
13	25.5025813113001	a7	a16
12	25.50265319853	a7	a16	a29	24
13	25.5199935734624	a7	a16
12	25.5200630414106	a7	a16	a29	28
13	25.5361122110982	a7	a16
12	25.5361806422113	a7	a16	a29	32
13	25.5451157410319	a7	a16
12	25.5451820984749	a7	a16	a29	35
13	25.5632295949092	a7	a16
12	25.5633021733625	a7	a16	a29	38
13	25.5729969266607	a7	a16
12	25.5836652680677	a7	a16	a23	2
13	25.5842372554018	a7	a16
12	25.5862418031587	a7	a16	a25	2
13	25.5947421224831	a7	a16
12	25.6128494097384	a7	a16	a29	1
13	25.6489620288028	a7	a16
12	25.6490252757407	a7	a16	a29	4
13	25.6698355919627	a7	a16
12	25.6725469156098	a7	a16	a29	7
13	25.6976545674886	a7	a16
12	25.6977115934162	a7	a16	a29	10
13	25.717207202799	a7	a16
12	25.717281163699	a7	a16	a29	14
13	25.7367622573912	a7	a16
12	25.7368054588515	a7	a16	a29	16
13	25.7558486625423	a7	a16
12	25.7559077621399	a7	a16	a29	19
13	25.7740489193401	a7	a16
12	25.7740910839653	a7	a16	a29	22
13	25.7936257474682	a7	a16
12	25.7936755155505	a7	a16	a29	25
13	25.8179706343644	a7	a16
12	25.8180190199999	a7	a16	a29	28
13	25.8386637882262	a7	a16
12	25.8387187404836	a7	a16	a29	31
13	25.8549123758545	a7	a16
12	25.8549535036446	a7	a16	a29	34
13	25.8735978714541	a7	a16
12	25.8736707955191	a7	a16	a29	38
13	25.89190250298	a7	a16
12	25.8974447319162	a7	a16	a31	1
13	25.8983982745475	a7	a16
12	25.9002604302913	a7	a16	a33	2
13	26.1241874233824	a7	a16
12	26.1242295880076	a7	a16	a33	5
13	26.3285171972561	a7	a16
12	26.3286122404687	a7	a16	a33	7
13	26.5068483323341	a7	a16
12	26.507090951735	a7	a16	a33	9
13	26.6787614584731	a7	a16
12	26.6789798850563	a7	a16	a33	10
13	26.8355222772399	a7	a16
12	26.8356605219128	a7	a16	a33	12
13	27.0063636615524	a7	a16
12	27.0065271358781	a7	a16	a33	14
13	27.1804396255988	a7	a16
12	27.1806411172096	a7	a16	a33	17
13	27.369050634553	a7	a16
12	27.3691318532984	a7	a16	a33	19
13	27.5572596971209	a7	a16
12	27.5573346948559	a7	a16	a33	22
13	27.7408489683323	a7	a16
12	27.7409163626103	a7	a16	a33	25
13	27.9150534999245	a7	a16
12	27.9151665149446	a7	a16	a33	28
13	28.117447502766	a7	a16
12	28.1176037192464	a7	a16	a33	31
13	28.3045098257722	a7	a16
12	28.304639430153	a7	a16	a33	33
13	28.5181724975128	a7	a16
12	28.5182419654609	a7	a16	a33	37
13	28.7211001247916	a7	a16
12	28.7211740856916	a7	a16	a33	41
13	28.9437241618407	a7	a16
12	28.943804343751	a7	a16	a33	45
13	29.1673304272907	a7	a16
12	29.1674189038813	a7	a16	a33	50
13	29.37619151593	a7	a16
12	29.37626547683	a7	a16	a33	54
13	29.6044421111658	a7	a16
12	29.604521256241	a7	a16	a33	57
13	29.8018437532575	a7	a16
12	29.8019111475355	a7	a16	a33	61
13	30.0145936645453	a7	a16
12	30.0146655517752	a7	a16	a33	65
13	30.2698579600874	a7	a16
12	30.2699447086196	a7	a16	a33	69
13	30.485919868126	a7	a16
12	30.4859893360741	a7	a16	a33	73
13	30.6777730602712	a7	a16
12	30.6778584263567	a7	a16	a33	77
13	30.8581547094599	a7	a16
12	30.8582497526725	a7	a16	a33	79
13	31.0482829536991	a7	a16
12	33.2596208940637	a7	a16	a39	2
13	33.2736897088122	a7	a16
12	33.2808839615895	a7	a16	a41	1
13	33.2818703373306	a7	a16
12	33.28463350273	a7	a16	a43	2
13	33.5161145303595	a7	a16
12	33.5162348032249	a7	a16	a43	5
13	33.6673597322896	a7	a16
12	33.7248871424082	a7	a16	a33	1
13	33.9058134756081	a7	a16
12	33.9058746488759	a7	a16	a33	6
13	34.0754908397748	a7	a16
12	34.0755288570599	a7	a16	a33	10
13	34.2394787444287	a7	a16
12	34.2395357703562	a7	a16	a33	12
13	34.4210738362337	a7	a16
12	34.4211688794463	a7	a16	a33	15
13	34.5996389504206	a7	a16
12	34.5996800782108	a7	a16	a33	19
13	34.7784446103383	a7	a16
12	34.7784857381285	a7	a16	a33	22
13	34.9518621841301	a7	a16
12	34.9518919067348	a7	a16	a33	25
13	35.1187957371516	a7	a16
12	35.1188347912717	a7	a16	a33	28
13	35.3480209573312	a7	a16
12	35.3480918077261	a7	a16	a33	32
13	35.522682733179	a7	a16
12	35.5227701729346	a7	a16	a33	35
13	35.6953534401255	a7	a16
12	35.6953890381288	a7	a16	a33	38
13	35.8647470571011	a7	a16
12	35.8648134145441	a7	a16	a33	41
13	36.0493227040536	a7	a16
12	36.0493596845036	a7	a16	a33	44
13	36.2175243063372	a7	a16
12	36.2175695814676	a7	a16	a33	47
13	36.3905527213748	a7	a16
12	36.3906653907832	a7	a16	a33	49
13	36.5375914835205	a7	a16
12	36.5377929751313	a7	a16	a33	51
13	36.696380006027	a7	a16
12	36.6964529300919	a7	a16	a33	52
13	36.8466198235734	a7	a16
12	36.846787790851	a7	a16	a33	55
13	37.009083235097	a7	a16
12	37.0092446357526	a7	a16	a33	58
13	37.166382171253	a7	a16
12	37.1665805523586	a7	a16	a33	61
13	37.3417548703312	a7	a16
12	37.3419605092821	a7	a16	a33	64
13	37.4922310862683	a7	a16
12	37.5043499599057	a7	a16	a33	67
13	37.6510154614345	a7	a16
12	37.6511872304406	a7	a16	a33	68
13	37.8020539875787	a7	a16
12	37.8021898129698	a7	a16	a33	71
13	37.9709927795805	a7	a16
12	37.9711310242534	a7	a16	a33	74
13	38.1268453308464	a7	a16
12	38.1270554627491	a7	a16	a33	77
13	38.2815100147604	a7	a16
12	40.4325172886519	a7	a16	a45	2
13	40.7635970364777	a7	a16
12	40.7638206472361	a7	a16	a45	5
13	41.0897770474846	a7	a16
12	41.8664781300254	a7	a16	a23	3
13	41.8666364201758	a7	a16
12	41.9463044058814	a7	a16	a47	1
13	865.441376632853	a7	a16
12	867.149457997539	a7	a16	a57	3
13	870.99736471575	a7	a16
12	875.807694903016	a7	a16	a59	3
13	884.565205308096	a7	a16
12	884.565729601018	a7	a16	a59	10
13	887.43281006493	a7	a16
12	887.43331120187	a7	a16	a59	13
13	892.728357626121	a7	a16
12	895.330244025249	a7	a16	a61	2
13	896.48906755374	a7	a16
12	896.489448417814	a7	a16	a61	6
13	899.569795828091	a7	a16
12	901.346148978873	a7	a16	a61	5
13	901.613612675574	a7	a16
12	901.613713939797	a7	a16	a61	6
13	901.861408648275	a7	a16
12	901.861557261298	a7	a16	a61	8
13	902.110614025416	a7	a16
12	902.110735335116	a7	a16	a61	10
13	902.367822732282	a7	a16
12	902.367934710467	a7	a16	a61	13
13	902.627487701374	a7	a16
12	904.513117390678	a7	a16	a63	3
13	904.899615280526	a7	a16
12	910.943663047822	a7	a16	a65	2
13	940.088864304712	a7	a16
12	940.090848806991	a7	a16	a65	4
13	994.134537752648	a7	a16
12	994.134895460739	a7	a16	a65	12
13	1001.53183601078	a7	a16
12	1001.53245223641	a7	a16	a65	14
13	1003.99209558109	a7	a16
12	1009.18703730965	a7	a16	a67	3
13	1066.17084898336	a7	a16
12	1066.86068575375	a7	a16	a51	1
13	1066.87772855702	a7	a16
12	1066.87781737922	a7	a16	a51	3
13	1066.88894987712	a7	a16
12	1066.89519231533	a7	a16	a69	1
13	1066.91429461861	a7	a16
12	1066.91438240398	a7	a16	a69	3
13	1066.93342975501	a7	a16
12	1066.94030120648	a7	a16	a71	1
13	1066.95649691552	a7	a16
12	1066.95668665633	a7	a16	a71	2
13	1066.96413631614	a7	a16
12	1066.96417744393	a7	a16	a71	3
13	1066.97010883162	a7	a16
12	1066.97185589868	a7	a16	a71	1
13	1066.97866825055	a7	a16
12	1066.97870177488	a7	a16	a71	3
13	1066.98496045683	a7	a16
12	1067.00881111902	a7	a16	a73	1
13	1067.10183906992	a7	a16
12	1067.10192581845	a7	a16	a73	3
13	1067.21468577712	a7	a16
12	1067.2149664138	a7	a16	a73	6
13	1067.31225126379	a7	a16
12	1067.46509803025	a7	a16	a51	2
13	1067.46635882167	a7	a16
12	1067.4734452436	a7	a16	a75	2
13	1067.47568100557	a7	a16
12	1067.50192053571	a7	a16	a49	1
13	1067.50354525623	a7	a16
12	1067.52580299418	a7	a16	a77	1
13	1067.52696148454	a7	a16
12	1067.52702576831	a7	a16	a77	5
13	1067.52727495433	a7	a16
12	1067.52734649595	a7	a16	a77	8
13	1067.5276409571	a7	a16
12	1067.52771906534	a7	a16	a77	11
13	1067.52804290349	a7	a16
12	1067.52812723274	a7	a16	a77	14
13	1067.52855993857	a7	a16
12	1067.68362864254	a7	a16	a53	5
13	1067.68870325887	a7	a16
12	1069.89348529123	a7	a16	a59	2
13	1072.26852393294	a7	a16
12	1072.2705582033	a7	a16	a59	4
13	1074.7994324065	a7	a16
12	1074.80004102867	a7	a16	a59	8
13	1076.91395172704	a7	a16
12	1076.91443385534	a7	a16	a59	13
13	1079.24409713929	a7	a16
12	1081.44250678346	a7	a16	a61	2
13	1082.63592811501	a7	a16
12	1082.6360788017	a7	a16	a61	7
13	1083.68976310912	a7	a16
12	1083.68992139927	a7	a16	a61	11
13	1084.55177567053	a7	a16
12	1084.5519495132	a7	a16	a61	14
13	1086.87374252793	a7	a16
12	1087.38999686775	a7	a16	a61	5
13	1087.70161729542	a7	a16
12	1087.70183053783	a7	a16	a61	9
13	1088.11585294205	a7	a16
12	1088.11635407899	a7	a16	a61	13
13	1088.39980784578	a7	a16
12	1090.08803692983	a7	a16	a63	3
13	1090.46331972058	a7	a16
12	1093.42891955941	a7	a16	a65	1
13	1163.40563400445	a7	a16
12	1163.40628271758	a7	a16	a65	11
13	1176.89887258713	a7	a16
12	1176.89946116382	a7	a16	a65	15
13	1177.94282205029	a7	a16
12	1181.21745748702	a7	a16	a79	2
13	1181.24296086427	a7	a16
12	1181.49532582341	a7	a16	a79	5
13	1181.49538492301	a7	a16
12	1183.16421516895	a7	a16	a79	5
13	1183.16446642864	a7	a16
12	1183.1644947688	a7	a16	a79	8
13	1183.16452552824	a7	a16
12	1183.16455939818	a7	a16	a79	9
13	1183.16458462783	a7	a16
12	1183.16464061693	a7	a16	a79	10
13	1183.16466792025	a7	a16
12	1183.16472701985	a7	a16	a79	12
13	1183.16475432317	a7	a16
12	1183.16482102622	a7	a16	a79	14
13	1183.16485144005	a7	a16
12	1183.16490846598	a7	a16	a79	15
13	1191.56458601414	a7	a16
12	1191.63095347986	a7	a16	a67	3
13	1238.52764478795	a7	a16
12	1243.6759109676	a7	a16	a51	3
13	1243.67884071783	a7	a16
12	1243.68116703006	a7	a16	a69	1
13	1243.700868624	a7	a16
12	1243.70379007955	a7	a16	a51	3
13	1243.70490502284	a7	a16
12	1243.707726251	a7	a16	a71	3
13	1243.72390398824	a7	a16
12	1243.73676592699	a7	a16	a71	3
13	1243.74350639163	a7	a16
12	1243.74832905704	a7	a16	a73	3
13	1243.86685139929	a7	a16
12	1243.86701625606	a7	a16	a73	4
13	1243.99632513891	a7	a16
12	1244.05101887884	a7	a16	a77	2
13	1244.05151137549	a7	a16
12	1244.05160019769	a7	a16	a77	6
13	1244.05196516363	a7	a16
12	1244.0520294474	a7	a16	a77	10
13	1244.05224061614	a7	a16
12	1244.05233669619	a7	a16	a77	13
13	1244.05256756479	a7	a16
12	1244.12940602765	a7	a16	a81	2
13	1244.13124917476	a7	a16
12	1244.1671274691	a7	a16	a81	3
13	1244.1686509254	a7	a16
12	1244.24900495029	a7	a16	a51	1
13	1244.24964744241	a7	a16
12	1244.25286093983	a7	a16	a75	3
13	1244.25517792055	a7	a16
12	1244.26347674826	a7	a16	a77	1
13	1244.26380888109	a7	a16
12	1244.26385104571	a7	a16	a77	3
13	1244.26410541591	a7	a16
12	1244.264190782	a7	a16	a77	7
13	1244.26468673476	a7	a16
12	1244.26481979526	a7	a16	a77	13
13	1244.26509939511	a7	a16
12	1244.36189900629	a7	a16	a83	1
13	1244.36292236248	a7	a16
12	1244.3700468017	a7	a16	a81	1
13	1244.37107983502	a7	a16
12	1244.40238741486	a7	a16	a51	1
13	1244.405663468	a7	a16
12	1244.40778828862	a7	a16	a53	1
13	1244.41862770781	a7	a16
12	1244.41869821259	a7	a16	a53	5
13	1244.42301870423	a7	a16
12	1244.42460955481	a7	a16	a53	2
13	1244.42853846841	a7	a16
12	1244.42861242931	a7	a16	a53	6
13	1244.43217499453	a7	a16
12	1244.4341829984	a7	a16	a55	1
13	1244.43995713278	a7	a16
12	1244.45045335957	a7	a16	a57	2
13	1245.10621281809	a7	a16
12	1245.5882377769	a7	a16	a59	2
13	1247.68124415267	a7	a16
12	1247.68129703126	a7	a16	a59	4
13	1250.40829209446	a7	a16
12	1250.40848943873	a7	a16	a59	8
13	1252.35500761176	a7	a16
12	1252.35519977186	a7	a16	a59	11
13	1255.17964661549	a7	a16
12	1255.1802711358	a7	a16	a59	15
13	1257.4711716503	a7	a16
12	1258.52000287848	a7	a16	a61	2
13	1259.54385294865	a7	a16
12	1259.54411250303	a7	a16	a61	6
13	1260.83381226334	a7	a16
12	1260.83417308194	a7	a16	a61	9
13	1261.78066765417	a7	a16
12	1261.7809524382	a7	a16	a61	13
13	1262.71295965994	a7	a16
12	1265.56633109086	a7	a16	a61	9
13	1265.8642383382	a7	a16
12	1265.86432197623	a7	a16	a61	13
13	1266.17716103069	a7	a16
12	1267.38307691578	a7	a16	a63	1
13	1267.78212223775	a7	a16
12	1269.93835308661	a7	a16	a65	2
13	1300.43968481648	a7	a16
12	1300.44036083293	a7	a16	a65	5
13	1325.82309887414	a7	a16
12	1325.8239290334	a7	a16	a65	8
13	1350.28848190087	a7	a16
12	1350.39473330034	a7	a16	a79	10
13	1350.39491163597	a7	a16
12	1350.64996718205	a7	a16	a79	6
13	1350.65010127939	a7	a16
12	1350.650137223	a7	a16	a79	8
13	1350.6501697105	a7	a16
12	1350.65020254361	a7	a16	a79	9
13	1350.65023088377	a7	a16
12	1350.65026682738	a7	a16	a79	10
13	1350.65029758682	a7	a16
12	1350.65032903748	a7	a16	a79	11
13	1350.65035979692	a7	a16
12	1350.65038917392	a7	a16	a79	12
13	1350.65042200703	a7	a16
12	1350.65048732764	a7	a16	a79	14
13	1350.65056128854	a7	a16
12	1352.28667316774	a7	a16	a79	7
13	1359.52123359867	a7	a16
12	1359.60400344922	a7	a16	a67	1
13	1401.41357143159	a7	a16
12	1404.97819338713	a7	a16	a51	1
13	1404.98121057711	a7	a16
12	1404.9846300591	a7	a16	a69	2
13	1405.00426702366	a7	a16
12	1405.02740710823	a7	a16	a51	2
13	1405.02850960949	a7	a16
12	1405.04001778729	a7	a16	a71	1
13	1405.05903230521	a7	a16
12	1405.06484549371	a7	a16	a71	1
13	1405.07119783643	a7	a16
12	1405.08185580948	a7	a16	a73	1
13	1405.19705924274	a7	a16
12	1405.19715428595	a7	a16	a73	4
13	1405.31299295349	a7	a16
12	1405.31306345827	a7	a16	a73	7
13	1405.39828196759	a7	a16
12	1405.44810154597	a7	a16	a77	1
13	1405.44863102307	a7	a16
12	1405.44869530684	a7	a16	a77	4
13	1405.44897179619	a7	a16
12	1405.44904368342	a7	a16	a77	7
13	1405.44946360161	a7	a16
12	1405.44951406092	a7	a16	a77	10
13	1405.44978329242	a7	a16
12	1405.44981681675	a7	a16	a77	12
13	1405.45007948163	a7	a16
12	1405.45011853575	a7	a16	a77	14
13	1405.45038465675	a7	a16
12	1405.52361078631	a7	a16	a81	1
13	1405.5251784809	a7	a16
12	1405.56151574756	a7	a16	a81	2
13	1405.56326903562	a7	a16
12	1405.64421371088	a7	a16	a51	2
13	1405.64490147813	a7	a16
12	1405.64711512095	a7	a16	a75	1
13	1405.64939719489	a7	a16
12	1405.65952949258	a7	a16	a77	2
13	1405.65991450399	a7	a16
12	1405.65998017021	a7	a16	a77	6
13	1405.6602490561	a7	a16
12	1405.66031541354	a7	a16	a77	9
13	1405.66062680967	a7	a16
12	1405.66073636857	a7	a16	a77	12
13	1405.66101493159	a7	a16
12	1405.661062626	a7	a16	a77	15
13	1405.66129660511	a7	a16
12	1405.7356508112	a7	a16	a83	2
13	1405.73660228016	a7	a16
12	1405.74474489139	a7	a16	a81	2
13	1405.74590960276	a7	a16
12	1405.77738203938	a7	a16	a51	2
13	1405.77979198964	a7	a16
12	1405.78348243119	a7	a16	a53	2
13	1405.79430595224	a7	a16
12	1405.79437542019	a7	a16	a53	4
13	1405.79801643926	a7	a16
12	1405.79809869484	a7	a16	a53	7
13	1405.80151472071	a7	a16
12	1405.80300672634	a7	a16	a53	2
13	1405.80681640391	a7	a16
12	1405.80688794553	a7	a16	a53	5
13	1405.81065753215	a7	a16
12	1405.81632832863	a7	a16	a55	1
13	1405.82130168074	a7	a16
12	1405.83308634788	a7	a16	a57	1
13	1406.52841454228	a7	a16
12	1407.29232868381	a7	a16	a59	1
13	1409.87955319854	a7	a16
12	1409.87969248005	a7	a16	a59	6
13	1412.10356299123	a7	a16
12	1412.10367255014	a7	a16	a59	9
13	1414.00375710244	a7	a16
12	1414.00387219113	a7	a16	a59	11
13	1416.31079526322	a7	a16
12	1416.31087648197	a7	a16	a59	14
13	1418.28336737292	a7	a16
12	1421.07054760008	a7	a16	a61	1
13	1422.11764627689	a7	a16
12	1422.11776862342	a7	a16	a61	4
13	1423.09616108026	a7	a16
12	1423.09638780152	a7	a16	a61	7
13	1424.07047566485	a7	a16
12	1424.07072243159	a7	a16	a61	12
13	1425.03965757035	a7	a16
12	1425.97202975802	a7	a16	a61	2
13	1426.29554475735	a7	a16
12	1426.29563980056	a7	a16	a61	6
13	1426.57242015138	a7	a16
12	1426.57249307545	a7	a16	a61	9
13	1426.85628104873	a7	a16
12	1426.85637609195	a7	a16	a61	13
13	1427.14373008657	a7	a16
12	1429.97980745453	a7	a16	a63	1
13	1430.39723447943	a7	a16
12	1432.28963539281	a7	a16	a65	1
13	1491.29676499392	a7	a16
12	1491.29737568976	a7	a16	a65	7
13	1501.59535270588	a7	a16
12	1501.59578091875	a7	a16	a65	12
13	1509.42716917782	a7	a16
12	1509.42760395732	a7	a16	a65	14
13	1511.74120113661	a7	a16
12	1511.74163487927	a7	a16	a65	15
13	1512.88240296226	a7	a16
12	1522.09815402141	a7	a16	a79	3
13	1522.09840182498	a7	a16
12	1522.09849686819	a7	a16	a79	11
13	1522.09853384864	a7	a16
12	1522.09857082909	a7	a16	a79	14
13	1522.09860677271	a7	a16
12	1524.09068624259	a7	a16	a79	4
13	1524.0910415314	a7	a16
12	1524.09109440998	a7	a16	a79	9
13	1524.09114072195	a7	a16
12	1524.09118841636	a7	a16	a79	10
13	1524.09121675652	a7	a16
12	1524.09129693843	a7	a16	a79	11
13	1524.09132320492	a7	a16
12	1524.09138023084	a7	a16	a79	12
13	1524.09142239547	a7	a16
12	1524.09148806169	a7	a16	a79	14
13	1524.09151536501	a7	a16
12	1533.33111121095	a7	a16	a67	3
13	1577.51093318691	a7	a16
12	1603.9820127838	a7	a16	a71	3
13	1603.99290197107	a7	a16
12	1604.00211736097	a7	a16	a71	2
13	1604.00927048595	a7	a16
12	1604.43453321891	a7	a16	a77	2
13	1604.43516637952	a7	a16
12	1604.4352399948	a7	a16	a77	6
13	1604.43552166833	a7	a16
12	1604.43561671154	a7	a16	a77	8
13	1604.43585103626	a7	a16
12	1604.498964568	a7	a16	a81	2
13	1604.50041648267	a7	a16
12	1604.5434921403	a7	a16	a81	2
13	1604.54517803409	a7	a16
12	1604.63139052261	a7	a16	a75	2
13	1604.63329587981	a7	a16
12	1604.73876965299	a7	a16	a81	1
13	1604.73993125386	a7	a16
12	1604.80501269851	a7	a16	a53	2
13	1604.80928031157	a7	a16
12	1604.80936671449	a7	a16	a53	5
13	1604.81298976175	a7	a16
12	1604.83722992831	a7	a16	a57	1
13	1605.90127567396	a7	a16
12	1608.81305098623	a7	a16	a59	2
13	1610.82178306379	a7	a16
12	1610.82192960314	a7	a16	a59	3
13	1613.67060313447	a7	a16
12	1613.6708436802	a7	a16	a59	9
13	1615.64661131551	a7	a16
12	1615.64666937828	a7	a16	a59	10
13	1618.49349319588	a7	a16
12	1618.49378765704	a7	a16	a59	15
13	1620.64041153796	a7	a16
12	1622.90959415997	a7	a16	a61	1
13	1624.07275096773	a7	a16
12	1624.07288817557	a7	a16	a61	4
13	1625.05914364379	a7	a16
12	1625.05940630866	a7	a16	a61	8
13	1625.99657143915	a7	a16
12	1625.99683410402	a7	a16	a61	10
13	1626.96735076184	a7	a16
12	1626.96757540944	a7	a16	a61	13
13	1627.92071160137	a7	a16
12	1628.70316262546	a7	a16	a61	3
13	1629.04390705837	a7	a16
12	1629.04406431169	a7	a16	a61	6
13	1629.34290540179	a7	a16
12	1629.34299837134	a7	a16	a61	10
13	1629.64171504124	a7	a16
12	1629.64174752874	a7	a16	a61	15
13	1629.93569337498	a7	a16
12	1631.06335828226	a7	a16	a63	3
13	1631.47570827155	a7	a16
12	1632.9786328136	a7	a16	a65	3
13	1665.44074991236	a7	a16
12	1665.44126660183	a7	a16	a65	6
13	1679.25062167455	a7	a16
12	1679.2517324705	a7	a16	a65	7
13	1689.92678911251	a7	a16
12	1689.92761305076	a7	a16	a65	9
13	1695.3702705701	a7	a16
12	1695.37085707313	a7	a16	a65	12
13	1702.97854091303	a7	a16
12	1702.97895564705	a7	a16	a65	15
13	1704.14691472914	a7	a16
12	1707.24474386952	a7	a16	a79	10
13	1707.24490112284	a7	a16
12	1707.50390873851	a7	a16	a79	13
13	1707.5040207167	a7	a16
12	1709.48646556971	a7	a16	a79	14
13	1709.48664494217	a7	a16
12	1716.76475901168	a7	a16	a67	1
13	1757.85703206674	a7	a16
12	1762.79985041872	a7	a16	a51	3
13	1762.80299306574	a7	a16
12	1762.80542617199	a7	a16	a69	2
13	1762.82523836167	a7	a16
12	1762.82776616551	a7	a16	a51	3
13	1762.82861567903	a7	a16
12	1762.83120880348	a7	a16	a71	2
13	1762.85047043375	a7	a16
12	1762.85424727822	a7	a16	a71	3
13	1762.86069673782	a7	a16
12	1762.86627249109	a7	a16	a73	3
13	1763.00073859146	a7	a16
12	1763.00089480794	a7	a16	a73	6
13	1763.13381948021	a7	a16
12	1763.18231916757	a7	a16	a77	5
13	1763.1827283718	a7	a16
12	1763.18278643457	a7	a16	a77	9
13	1763.18309541141	a7	a16
12	1763.18317559332	a7	a16	a77	13
13	1763.18345208267	a7	a16
12	1763.23225141536	a7	a16	a81	3
13	1763.23405101539	a7	a16
12	1763.26902830008	a7	a16	a81	2
13	1763.27054760904	a7	a16
12	1763.38811433498	a7	a16	a51	2
13	1763.38883908268	a7	a16
12	1763.39137345314	a7	a16	a75	2
13	1763.39328710503	a7	a16
12	1763.40306929808	a7	a16	a77	4
13	1763.40350822492	a7	a16
12	1763.40356836135	a7	a16	a77	8
13	1763.40386178567	a7	a16
12	1763.4039544096	a7	a16	a77	12
13	1763.40423297261	a7	a16
12	1763.40430589668	a7	a16	a77	14
13	1763.40455681076	a7	a16
12	1763.48072340451	a7	a16	a83	1
13	1763.48185770206	a7	a16
12	1763.48849897614	a7	a16	a81	1
13	1763.48978810772	a7	a16
12	1763.52127022146	a7	a16	a51	1
13	1763.52357130404	a7	a16
12	1763.53402018203	a7	a16	a53	1
13	1763.54464324831	a7	a16
12	1763.54472031971	a7	a16	a53	5
13	1763.54851617282	a7	a16
12	1763.55095861058	a7	a16	a53	2
13	1763.55526424091	a7	a16
12	1763.55535375434	a7	a16	a53	6
13	1763.55905698351	a7	a16
12	1763.56136013976	a7	a16	a55	1
13	1763.56653809399	a7	a16
12	1763.5772983681	a7	a16	a57	1
13	1764.35011788584	a7	a16
12	1764.78332070159	a7	a16	a59	3
13	1767.50671932963	a7	a16
12	1767.50679225369	a7	a16	a59	7
13	1769.91800261406	a7	a16
12	1769.91810698879	a7	a16	a59	10
13	1772.87926398944	a7	a16
12	1772.87959197493	a7	a16	a59	14
13	1775.2050816522	a7	a16
12	1775.74441801384	a7	a16	a61	2
13	1776.79796269413	a7	a16
12	1776.81202114053	a7	a16	a61	6
13	1777.77072755595	a7	a16
12	1777.77105035726	a7	a16	a61	10
13	1778.6948420437	a7	a16
12	1778.6950404248	a7	a16	a61	13
13	1779.63984080857	a7	a16
12	1781.61944680722	a7	a16	a61	1
13	1781.93597734006	a7	a16
12	1781.93605130096	a7	a16	a61	5
13	1782.22119303521	a7	a16
12	1782.22132160275	a7	a16	a61	8
13	1782.48529323902	a7	a16
12	1782.48543044686	a7	a16	a61	10
13	1782.95025845959	a7	a16
12	1782.95041156556	a7	a16	a61	12
13	1783.20534476511	a7	a16
12	1783.20548715713	a7	a16	a61	15
13	1783.47944109561	a7	a16
12	1786.4176567384	a7	a16	a63	1
13	1787.80617102601	a7	a16
12	1790.2686397462	a7	a16	a65	3
13	1824.34216820284	a7	a16
12	1824.34334051767	a7	a16	a65	6
13	1837.98566699415	a7	a16
12	1837.98697824488	a7	a16	a65	7
13	1848.76950076581	a7	a16
12	1848.77033852853	a7	a16	a65	9
13	1854.42185609967	a7	a16
12	1854.4226703608	a7	a16	a65	12
13	1861.95593398278	a7	a16
12	1861.9567306177	a7	a16	a65	14
13	1864.2507371444	a7	a16
12	1866.32433085759	a7	a16	a79	2
13	1866.32459801542	a7	a16
12	1866.32486793814	a7	a16	a79	11
13	1866.32492081673	a7	a16
12	1866.32499546885	a7	a16	a79	13
13	1866.32502415462	a7	a16
12	1866.32513924331	a7	a16	a79	15
13	1866.54492926457	a7	a16
12	1866.58329630863	a7	a16	a79	15
13	1868.2454030249	a7	a16
12	1868.78516448891	a7	a16	a79	9
13	1868.78536183318	a7	a16
12	1875.88460042921	a7	a16	a67	3
13	1920.11182823156	a7	a16
12	1922.82816877782	a7	a16	a51	3
13	1922.83090325745	a7	a16
12	1922.83341205265	a7	a16	a69	2
13	1922.85272759835	a7	a16
12	1922.85521012706	a7	a16	a51	1
13	1922.8560603318	a7	a16
12	1922.85829816744	a7	a16	a71	2
13	1922.87702997501	a7	a16
12	1922.88071834288	a7	a16	a71	3
13	1922.88738622907	a7	a16
12	1922.89200083625	a7	a16	a73	1
13	1923.02230369829	a7	a16
12	1923.02241671331	a7	a16	a73	5
13	1923.15554184036	a7	a16
12	1923.20575057749	a7	a16	a77	2
13	1923.2063128877	a7	a16
12	1923.20641726243	a7	a16	a77	7
13	1923.20711989098	a7	a16
12	1923.25741503103	a7	a16	a81	2
13	1923.25906740049	a7	a16
12	1923.29356566738	a7	a16	a81	1
13	1923.29544337565	a7	a16
12	1923.38550770637	a7	a16	a51	3
13	1923.38614916165	a7	a16
12	1923.38874885273	a7	a16	a75	2
13	1923.39095696576	a7	a16
12	1923.40008837202	a7	a16	a77	4
13	1923.4005314462	a7	a16
12	1923.4006558664	a7	a16	a77	8
13	1923.40092820841	a7	a16
12	1923.40099560269	a7	a16	a77	12
13	1923.40130043219	a7	a16
12	1923.49789233075	a7	a16	a83	3
13	1923.49897789704	a7	a16
12	1923.50589254997	a7	a16	a81	2
13	1923.50703099485	a7	a16
12	1923.53858568705	a7	a16	a51	2
13	1923.54166197663	a7	a16
12	1923.54419531026	a7	a16	a53	3
13	1923.55561570269	a7	a16
12	1923.55569484777	a7	a16	a53	7
13	1923.55972502559	a7	a16
12	1923.56094572606	a7	a16	a53	2
13	1923.56468282518	a7	a16
12	1923.56477026493	a7	a16	a53	5
13	1923.56860966511	a7	a16
12	1923.57115094781	a7	a16	a55	1
13	1923.5770823355	a7	a16
12	1923.58749561548	a7	a16	a57	3
13	1924.24141918475	a7	a16
12	1924.69372326695	a7	a16	a59	1
13	1927.13660340821	a7	a16
12	1927.13671089345	a7	a16	a59	6
13	1929.41690815977	a7	a16
12	1929.4170305063	a7	a16	a59	10
13	1932.41129641489	a7	a16
12	1932.41158016208	a7	a16	a59	15
13	1934.59908091911	a7	a16
12	1934.63310742606	a7	a16	a61	1
13	1935.81447935192	a7	a16
12	1935.81464697359	a7	a16	a61	7
13	1936.67196993008	a7	a16
12	1936.67223812474	a7	a16	a61	10
13	1937.51641746896	a7	a16
12	1937.51661377639	a7	a16	a61	13
13	1938.38426741167	a7	a16
12	1938.57440498743	a7	a16	a61	1
13	1938.90414376193	a7	a16
12	1938.90424191565	a7	a16	a61	6
13	1939.19367199965	a7	a16
12	1939.19375425523	a7	a16	a61	10
13	1939.48567550823	a7	a16
12	1939.48577158828	a7	a16	a61	14
13	1939.76096005169	a7	a16
12	1940.86976216458	a7	a16	a63	2
13	1941.24935265934	a7	a16
12	1943.16315350248	a7	a16	a65	1
13	2002.52644907536	a7	a16
12	2002.5271897212	a7	a16	a65	10
13	2019.29002403105	a7	a16
12	2019.54626329715	a7	a16	a79	14
13	2019.54636870871	a7	a16
12	2021.19548388184	a7	a16	a79	4
13	2021.19560208104	a7	a16
12	2021.19565910697	a7	a16	a79	6
13	2021.19569816109	a7	a16
12	2021.19573064858	a7	a16	a79	8
13	2021.19576348169	a7	a16
12	2021.19579838847	a7	a16	a79	9
13	2021.1958256918	a7	a16
12	2021.19585956174	a7	a16	a79	10
13	2021.1958879019	a7	a16
12	2021.19594596466	a7	a16	a79	11
13	2021.19597119432	a7	a16
12	2021.1960240729	a7	a16	a79	13
13	2021.19605137623	a7	a16
12	2021.19609457769	a7	a16	a79	14
13	2021.19612533713	a7	a16
12	2021.19616024391	a7	a16	a79	15
13	2028.41771012306	a7	a16
12	2028.4901102407	a7	a16	a67	1
13	2069.4134251495	a7	a16
12	2074.30247496401	a7	a16	a51	2
13	2074.30542372288	a7	a16
12	2074.30795809335	a7	a16	a69	2
13	2074.33164217071	a7	a16
12	2074.33403311233	a7	a16	a51	1
13	2074.33488539074	a7	a16
12	2074.33724660975	a7	a16	a71	1
13	2074.35683933602	a7	a16
12	2074.35923338814	a7	a16	a71	1
13	2074.36567006011	a7	a16
12	2074.37046611342	a7	a16	a73	3
13	2074.50799398768	a7	a16
12	2074.50819236879	a7	a16	a73	7
13	2074.63809950546	a7	a16
12	2074.68725550941	a7	a16	a77	1
13	2074.68806458636	a7	a16
12	2074.68814787877	a7	a16	a77	5
13	2074.68846134857	a7	a16
12	2074.6885539725	a7	a16	a77	8
13	2074.68886536863	a7	a16
12	2074.68892135772	a7	a16	a77	12
13	2074.68920199441	a7	a16
12	2074.68926420451	a7	a16	a77	15
13	2074.68949956606	a7	a16
12	2074.75916796897	a7	a16	a81	3
13	2074.76074741436	a7	a16
12	2074.79453441241	a7	a16	a81	2
13	2074.79622998332	a7	a16
12	2074.86855095589	a7	a16	a51	3
13	2074.86911015559	a7	a16
12	2074.87146377115	a7	a16	a75	1
13	2074.87370056995	a7	a16
12	2074.88242968421	a7	a16	a77	4
13	2074.88276216265	a7	a16
12	2074.88284545506	a7	a16	a77	8
13	2074.88309982526	a7	a16
12	2074.88318830185	a7	a16	a77	12
13	2074.88346686487	a7	a16
12	2074.88349313136	a7	a16	a77	14
13	2074.88376236286	a7	a16
12	2074.95611478608	a7	a16	a83	3
13	2074.95718998403	a7	a16
12	2074.96407284068	a7	a16	a81	3
13	2074.96518156296	a7	a16
12	2074.99557914724	a7	a16	a51	1
13	2074.99838032993	a7	a16
12	2075.00100836116	a7	a16	a53	2
13	2075.01233924016	a7	a16
12	2075.01242045891	a7	a16	a53	7
13	2075.01808710805	a7	a16
12	2075.01934997314	a7	a16	a53	2
13	2075.02317658568	a7	a16
12	2075.02326402544	a7	a16	a53	4
13	2075.02685320276	a7	a16
12	2075.0302536761	a7	a16	a55	3
13	2075.0356794339	a7	a16
12	2075.04561369609	a7	a16	a57	1
13	2075.75098225548	a7	a16
12	2076.23325432665	a7	a16	a59	3
13	2078.96708420648	a7	a16
12	2078.96714745341	a7	a16	a59	7
13	2081.42454259411	a7	a16
12	2081.42476620487	a7	a16	a59	11
13	2083.75178970679	a7	a16
12	2083.75196907925	a7	a16	a59	14
13	2086.02560110605	a7	a16
12	2086.17242040478	a7	a16	a61	3
13	2087.2770876195	a7	a16
12	2087.27729775141	a7	a16	a61	7
13	2088.23783245262	a7	a16
12	2088.23800767774	a7	a16	a61	8
13	2089.1945439974	a7	a16
12	2089.19475723981	a7	a16	a61	12
13	2090.17038134707	a7	a16
12	2090.31620355609	a7	a16	a61	1
13	2090.65389934835	a7	a16
12	2090.65402791589	a7	a16	a61	6
13	2090.94654223855	a7	a16
12	2090.94665698163	a7	a16	a61	10
13	2091.23143167627	a7	a16
12	2091.23150114422	a7	a16	a61	14
13	2091.5158452067	a7	a16
12	2092.93462609177	a7	a16	a63	3
13	2093.31440563612	a7	a16
12	2094.82940585036	a7	a16	a65	1
13	2153.81576107885	a7	a16
12	2153.81708822771	a7	a16	a65	10
13	2170.77449465681	a7	a16
12	2171.06727993902	a7	a16	a79	5
13	2171.06739606455	a7	a16
12	2171.06743408184	a7	a16	a79	9
13	2171.06746449566	a7	a16
12	2171.06751841109	a7	a16	a79	11
13	2171.06757543701	a7	a16
12	2171.06763453661	a7	a16	a79	14
13	2171.06766598727	a7	a16
12	2172.76574707793	a7	a16	a79	9
13	2172.76592299428	a7	a16
12	2172.76605709161	a7	a16	a79	13
13	2172.76609718257	a7	a16
12	2180.26324714865	a7	a16	a67	3
13	2223.32705305907	a7	a16
12	2225.89499278755	a7	a16	a51	1
13	2225.89825190571	a7	a16
12	2225.90088097378	a7	a16	a69	2
13	2225.9202151825	a7	a16
12	2225.92252594221	a7	a16	a51	1
13	2225.92342142208	a7	a16
12	2225.93999488469	a7	a16	a71	3
13	2225.95941687878	a7	a16
12	2225.96878537465	a7	a16	a71	2
13	2225.97537411576	a7	a16
12	2225.98007961882	a7	a16	a73	3
13	2226.11377327708	a7	a16
12	2226.11384723798	a7	a16	a73	5
13	2226.24062866259	a7	a16
12	2226.30132740551	a7	a16	a77	2
13	2226.3019781923	a7	a16
12	2226.30205319004	a7	a16	a77	6
13	2226.30246239427	a7	a16
12	2226.30255640065	a7	a16	a77	11
13	2226.30284982497	a7	a16
12	2226.30291099823	a7	a16	a77	15
13	2226.30317573678	a7	a16
12	2226.36404210136	a7	a16	a81	2
13	2226.3657027655	a7	a16
12	2226.40147564828	a7	a16	a81	1
13	2226.40333227423	a7	a16
12	2226.48536597191	a7	a16	a51	2
13	2226.48609694061	a7	a16
12	2226.48852036973	a7	a16	a75	2
13	2226.49032446271	a7	a16
12	2226.50004962984	a7	a16	a77	3
13	2226.50056666491	a7	a16
12	2226.50060986637	a7	a16	a77	7
13	2226.50091918883	a7	a16
12	2226.5009803621	a7	a16	a77	10
13	2226.50119775184	a7	a16
12	2226.50127447764	a7	a16	a77	13
13	2226.50150258135	a7	a16
12	2226.501527811	a7	a16	a77	14
13	2226.50174001657	a7	a16
12	2226.58339146772	a7	a16	a83	1
13	2226.58442864838	a7	a16
12	2226.5913875396	a7	a16	a81	2
13	2226.5925204547	a7	a16
12	2226.62294326864	a7	a16	a51	2
13	2226.62553328258	a7	a16
12	2226.62815820331	a7	a16	a53	2
13	2226.63889428461	a7	a16
12	2226.63898068753	a7	a16	a53	6
13	2226.64280315273	a7	a16
12	2226.6443317932	a7	a16	a53	2
13	2226.64828489963	a7	a16
12	2226.64835367635	a7	a16	a53	5
13	2226.65207453172	a7	a16
12	2226.65461304953	a7	a16	a55	2
13	2226.66095156778	a7	a16
12	2226.66969554334	a7	a16	a57	1
13	2227.34098921014	a7	a16
12	2227.77307777383	a7	a16	a59	1
13	2230.24245077859	a7	a16
12	2230.24262600371	a7	a16	a59	6
13	2232.59810336982	a7	a16
12	2232.59830486143	a7	a16	a59	10
13	2235.4888533954	a7	a16
12	2235.48893979832	a7	a16	a59	15
13	2237.65916239052	a7	a16
12	2237.69808552379	a7	a16	a61	2
13	2238.79375231908	a7	a16
12	2238.79388088663	a7	a16	a61	6
13	2239.7782890604	a7	a16
12	2239.77863605453	a7	a16	a61	11
13	2240.7026240484	a7	a16
12	2240.70287288881	a7	a16	a61	14
13	2241.76226808367	a7	a16
12	2241.80197506423	a7	a16	a61	2
13	2242.11130408644	a7	a16
12	2242.1114212488	a7	a16	a61	5
13	2242.42249872052	a7	a16
12	2242.42269260867	a7	a16	a61	11
13	2242.71477733601	a7	a16
12	2242.71483747244	a7	a16	a61	15
13	2242.99989280377	a7	a16
12	2244.10473939095	a7	a16	a63	1
13	2245.03800913216	a7	a16
12	2246.51689707294	a7	a16	a65	2
13	2272.3604699295	a7	a16
12	2272.36091715102	a7	a16	a65	5
13	2297.48372755826	a7	a16
12	2297.48467073254	a7	a16	a65	8
13	2315.83536538341	a7	a16
12	2315.83595637939	a7	a16	a65	14
13	2318.2688473062	a7	a16
12	2321.71508689222	a7	a16	a79	13
13	2321.71523481402	a7	a16
12	2321.97285721807	a7	a16	a79	3
13	2321.97295087883	a7	a16
12	2321.97306389385	a7	a16	a79	9
13	2321.97310502164	a7	a16
12	2321.97315340728	a7	a16	a79	10
13	2321.9731924614	a7	a16
12	2321.97323808214	a7	a16	a79	13
13	2321.97326745913	a7	a16
12	2321.97330962376	a7	a16	a79	14
13	2321.97336250235	a7	a16
12	2323.68025392601	a7	a16	a79	8
13	2323.68037316204	a7	a16
12	2323.68045541762	a7	a16	a79	12
13	2323.68049136124	a7	a16
12	2323.68056082919	a7	a16	a79	15
13	2331.00658151642	a7	a16
12	2331.08607876995	a7	a16	a67	3
13	2374.36089720174	a7	a16
12	2376.57320458287	a7	a16	a51	1
13	2376.57631266873	a7	a16
12	2376.57899876272	a7	a16	a69	3
13	2376.59815187093	a7	a16
12	2376.60062472252	a7	a16	a51	3
13	2376.60149324467	a7	a16
12	2376.60285737398	a7	a16	a71	1
13	2376.62217257407	a7	a16
12	2376.6258536841	a7	a16	a71	2
13	2376.63243689542	a7	a16
12	2376.63726474501	a7	a16	a73	2
13	2376.77427247369	a7	a16
12	2376.77468720771	a7	a16	a73	7
13	2376.9014738165	a7	a16
12	2376.95355611456	a7	a16	a77	4
13	2376.95396635563	a7	a16
12	2376.95401923422	a7	a16	a77	8
13	2376.95431576904	a7	a16
12	2376.95439042116	a7	a16	a77	11
13	2376.95471460492	a7	a16
12	2376.9547851097	a7	a16	a77	15
13	2376.95502669227	a7	a16
12	2377.03029746054	a7	a16	a81	2
13	2377.03189798824	a7	a16
12	2377.06658495912	a7	a16	a81	1
13	2377.06836382245	a7	a16
12	2377.14096750537	a7	a16	a51	2
13	2377.14178625944	a7	a16
12	2377.144276046	a7	a16	a75	2
13	2377.1462522536	a7	a16
12	2377.17383275707	a7	a16	a77	3
13	2377.17434529919	a7	a16
12	2377.17445313004	a7	a16	a77	9
13	2377.17470922829	a7	a16
12	2377.17479597682	a7	a16	a77	13
13	2377.17508283452	a7	a16
12	2377.17516820061	a7	a16	a77	15
13	2377.17542464447	a7	a16
12	2377.25011098339	a7	a16	a83	1
13	2377.25129574024	a7	a16
12	2377.25838458145	a7	a16	a81	1
13	2377.25948811955	a7	a16
12	2377.29073037879	a7	a16	a51	1
13	2377.29341543595	a7	a16
12	2377.29589589099	a7	a16	a53	3
13	2377.30703046256	a7	a16
12	2377.30706536934	a7	a16	a53	7
13	2377.31200623395	a7	a16
12	2377.31362024051	a7	a16	a53	2
13	2377.31746689853	a7	a16
12	2377.3175429331	a7	a16	a53	5
13	2377.33207072016	a7	a16
12	2377.33488641854	a7	a16	a55	2
13	2377.34142435473	a7	a16
12	2377.35155803486	a7	a16	a57	3
13	2378.02619480347	a7	a16
12	2378.56391059192	a7	a16	a59	1
13	2381.16804173893	a7	a16
12	2381.16820728692	a7	a16	a59	6
13	2383.36916374358	a7	a16
12	2383.36935383	a7	a16	a59	10
13	2386.26074081791	a7	a16
12	2386.2608379348	a7	a16	a59	15
13	2388.53261402687	a7	a16
12	2388.56901039312	a7	a16	a61	1
13	2389.67309110482	a7	a16
12	2389.67323246	a7	a16	a61	6
13	2390.77139215235	a7	a16
12	2390.77172255712	a7	a16	a61	10
13	2391.69112739448	a7	a16
12	2391.69132992292	a7	a16	a61	14
13	2392.66987099278	a7	a16
12	2392.67337031106	a7	a16	a61	2
13	2392.98368087046	a7	a16
12	2392.9837620892	a7	a16	a61	5
13	2393.29252672754	a7	a16
12	2393.2928211887	a7	a16	a61	10
13	2393.5900500003	a7	a16
12	2393.59014296985	a7	a16	a61	14
13	2393.87242234814	a7	a16
12	2394.97944006791	a7	a16	a63	1
13	2395.38034650879	a7	a16
12	2396.83669054516	a7	a16	a65	1
13	2456.83868998565	a7	a16
12	2456.8393628916	a7	a16	a65	10
13	2473.62825632229	a7	a16
12	2473.66537847308	a7	a16	a79	15
13	2473.88922528426	a7	a16
12	2473.92441166401	a7	a16	a79	3
13	2473.92453919472	a7	a16
12	2473.92456442438	a7	a16	a79	5
13	2473.92460555217	a7	a16
12	2473.92465532025	a7	a16	a79	6
13	2473.92468780775	a7	a16
12	2473.92472167769	a7	a16	a79	7
13	2475.43146626567	a7	a16
12	2475.5718036173	a7	a16	a79	14
13	2475.57195672328	a7	a16
12	2483.60838395139	a7	a16	a67	2
13	2524.13976760908	a7	a16
12	2529.70401546557	a7	a16	a51	3
13	2529.70708034997	a7	a16
12	2529.70966725341	a7	a16	a69	1
13	2529.72876229886	a7	a16
12	2529.73565690631	a7	a16	a71	3
13	2529.75421694486	a7	a16
12	2529.75716259323	a7	a16	a71	2
13	2529.76379107969	a7	a16
12	2529.76871915666	a7	a16	a73	2
13	2529.90367291512	a7	a16
12	2529.90392797654	a7	a16	a73	7
13	2530.02919976932	a7	a16
12	2530.08337198123	a7	a16	a77	4
13	2530.08374351379	a7	a16
12	2530.08376978028	a7	a16	a77	8
13	2530.08407875712	a7	a16
12	2530.08415064435	a7	a16	a77	12
13	2530.0844122724	a7	a16
12	2530.13293822625	a7	a16	a81	1
13	2530.13474646657	a7	a16
12	2530.17027776679	a7	a16	a81	3
13	2530.17189695752	a7	a16
12	2530.2444225322	a7	a16	a51	3
13	2530.24502078602	a7	a16
12	2530.24740827152	a7	a16	a75	1
13	2530.24958389706	a7	a16
12	2530.25844088764	a7	a16	a77	5
13	2530.25876161528	a7	a16
12	2530.25887981448	a7	a16	a77	9
13	2530.2591645985	a7	a16
12	2530.25928176086	a7	a16	a77	11
13	2530.25962668132	a7	a16
12	2530.25972483504	a7	a16	a77	15
13	2530.25999061042	a7	a16
12	2530.34653212127	a7	a16	a83	1
13	2530.34768231694	a7	a16
12	2530.35518139923	a7	a16	a81	3
13	2530.35632606512	a7	a16
12	2530.38785760133	a7	a16	a51	2
13	2530.39042964347	a7	a16
12	2530.39293118083	a7	a16	a53	2
13	2530.40368074098	a7	a16
12	2530.40375573872	a7	a16	a53	5
13	2530.40898968203	a7	a16
12	2530.41122648084	a7	a16	a53	3
13	2530.41522382556	a7	a16
12	2530.41526391651	a7	a16	a53	7
13	2530.41906737307	a7	a16
12	2530.44069748021	a7	a16	a55	3
13	2530.44679441589	a7	a16
12	2530.46532162134	a7	a16	a57	3
13	2531.06882251984	a7	a16
12	2531.63221967557	a7	a16	a59	3
13	2534.36208020522	a7	a16
12	2534.36217939578	a7	a16	a59	7
13	2536.7787135585	a7	a16
12	2536.77884005238	a7	a16	a59	11
13	2539.11035063077	a7	a16
12	2539.1104816176	a7	a16	a59	14
13	2541.53245190647	a7	a16
12	2541.56447213761	a7	a16	a61	3
13	2542.67042952074	a7	a16
12	2542.67069011195	a7	a16	a61	6
13	2543.62267299769	a7	a16
12	2543.62287241564	a7	a16	a61	10
13	2544.54318690294	a7	a16
12	2544.54339979974	a7	a16	a61	14
13	2545.47306066376	a7	a16
12	2545.52512499002	a7	a16	a61	2
13	2545.83696418988	a7	a16
12	2545.83704126129	a7	a16	a61	5
13	2546.14185590371	a7	a16
12	2546.14191396647	a7	a16	a61	11
13	2546.44485573919	a7	a16
12	2546.44489686698	a7	a16	a61	15
13	2546.73147876511	a7	a16
12	2547.83314330554	a7	a16	a63	3
13	2548.20981580087	a7	a16
12	2549.68412058513	a7	a16	a65	3
13	2582.31460690784	a7	a16
12	2582.31500263322	a7	a16	a65	6
13	2595.81414737393	a7	a16
12	2595.81505356776	a7	a16	a65	7
13	2606.43045279486	a7	a16
12	2606.43143398643	a7	a16	a65	9
13	2611.98351527487	a7	a16
12	2611.98417677563	a7	a16	a65	12
13	2619.67060547243	a7	a16
12	2619.67111421283	a7	a16	a65	15
13	2620.85650456572	a7	a16
12	2625.66767009642	a7	a16	a79	7
13	2627.20009950779	a7	a16
12	2627.34886010734	a7	a16	a79	2
13	2627.34919051211	a7	a16
12	2627.34931078497	a7	a16	a79	10
13	2627.34934983909	a7	a16
12	2627.34946043483	a7	a16	a79	14
13	2627.34951435025	a7	a16
12	2634.05270200393	a7	a16	a67	2
13	2674.53611890747	a7	a16
12	2679.6968927739	a7	a16	a51	3
13	2679.69995212851	a7	a16
12	2679.7171228081	a7	a16	a69	3
13	2679.73584113681	a7	a16
12	2679.74161630802	a7	a16	a71	1
13	2679.75952728784	a7	a16
12	2679.76325782034	a7	a16	a71	1
13	2679.76971903074	a7	a16
12	2679.77560376085	a7	a16	a73	3
13	2679.90721510873	a7	a16
12	2679.90733745526	a7	a16	a73	4
13	2680.03922183637	a7	a16
12	2680.0954124205	a7	a16	a77	5
13	2680.09586931914	a7	a16
12	2680.09596539919	a7	a16	a77	10
13	2680.09624292537	a7	a16
12	2680.09631792311	a7	a16	a77	14
13	2680.09661100181	a7	a16
12	2680.14543037999	a7	a16	a81	2
13	2680.14724069398	a7	a16
12	2680.19799376951	a7	a16	a81	2
13	2680.19962367421	a7	a16
12	2680.27126310053	a7	a16	a51	2
13	2680.27196054491	a7	a16
12	2680.2743449199	a7	a16	a75	3
13	2680.27660245541	a7	a16
12	2680.28538997804	a7	a16	a77	5
13	2680.28592152881	a7	a16
12	2680.28607256112	a7	a16	a77	12
13	2680.28634352068	a7	a16
12	2680.28637428012	a7	a16	a77	14
13	2680.28663176082	a7	a16
12	2680.37461032503	a7	a16	a83	3
13	2680.37578644159	a7	a16
12	2680.38270316819	a7	a16	a81	3
13	2680.38381119924	a7	a16
12	2680.41550724662	a7	a16	a51	2
13	2680.4181605075	a7	a16
12	2680.42058808396	a7	a16	a53	2
13	2680.43135250541	a7	a16
12	2680.43148349224	a7	a16	a53	5
13	2680.43525100519	a7	a16
12	2680.43759839973	a7	a16	a53	1
13	2680.44189331611	a7	a16
12	2680.44192614922	a7	a16	a53	6
13	2680.44572200232	a7	a16
12	2680.44801133411	a7	a16	a55	2
13	2680.45371703737	a7	a16
12	2680.46555112698	a7	a16	a57	3
13	2681.14795413569	a7	a16
12	2681.70266537862	a7	a16	a59	2
13	2683.79645560169	a7	a16
12	2683.79651573812	a7	a16	a59	4
13	2686.19711893035	a7	a16
12	2686.19722641559	a7	a16	a59	9
13	2688.15206760915	a7	a16
12	2688.15215954186	a7	a16	a59	13
13	2690.55734243449	a7	a16
12	2691.60440966064	a7	a16	a61	3
13	2692.64309442105	a7	a16
12	2692.64331699497	a7	a16	a61	5
13	2693.50589186659	a7	a16
12	2693.50614416311	a7	a16	a61	9
13	2694.39688500438	a7	a16
12	2694.39706541368	a7	a16	a61	12
13	2695.29966453738	a7	a16
12	2695.46544824033	a7	a16	a61	1
13	2695.78965411741	a7	a16
12	2695.78973118881	a7	a16	a61	7
13	2696.07816038138	a7	a16
12	2696.07822777566	a7	a16	a61	11
13	2696.36609051068	a7	a16
12	2696.36620214325	a7	a16	a61	15
13	2696.6514651872	a7	a16
12	2697.75247030054	a7	a16	a63	1
13	2698.17506283764	a7	a16
12	2699.64535645272	a7	a16	a65	1
13	2757.76048338431	a7	a16
12	2757.77669706515	a7	a16	a65	10
13	2774.99324589848	a7	a16
12	2775.12654002964	a7	a16	a79	2
13	2775.12677953853	a7	a16
12	2775.12685211699	a7	a16	a79	9
13	2775.12688702377	a7	a16
12	2775.12698103015	a7	a16	a79	13
13	2775.12701248081	a7	a16
12	2775.35857472718	a7	a16	a79	2
13	2775.35880283089	a7	a16
12	2775.35885536387	a7	a16	a79	7
13	2776.85791942344	a7	a16
12	2776.9856609573	a7	a16	a79	8
13	2776.98580023881	a7	a16
12	2776.9858531174	a7	a16	a79	10
13	2776.98589528203	a7	a16
12	2776.98594366766	a7	a16	a79	13
13	2776.98597857444	a7	a16
12	2776.98601762856	a7	a16	a79	15
13	2786.07162722632	a7	a16
12	2786.26952240189	a7	a16	a67	1
13	2828.91446561648	a7	a16
12	2834.14293375188	a7	a16	a51	1
13	2834.14611994598	a7	a16
12	2834.14873518958	a7	a16	a69	3
13	2834.1678651418	a7	a16
12	2834.17029168143	a7	a16	a51	3
13	2834.17140144054	a7	a16
12	2834.17264944432	a7	a16	a71	1
13	2834.19224355303	a7	a16
12	2834.19602903779	a7	a16	a71	2
13	2834.20298274484	a7	a16
12	2834.22447460729	a7	a16	a73	3
13	2834.36231871625	a7	a16
12	2834.36243795228	a7	a16	a73	6
13	2834.49276327908	a7	a16
12	2834.54210245722	a7	a16	a77	4
13	2834.54264783246	a7	a16
12	2834.54281891024	a7	a16	a77	8
13	2834.54312270291	a7	a16
12	2834.54322189346	a7	a16	a77	13
13	2834.54353087031	a7	a16
12	2834.59305287703	a7	a16	a81	2
13	2834.59443808865	a7	a16
12	2834.62887207178	a7	a16	a81	1
13	2834.63037962993	a7	a16
12	2834.70366693276	a7	a16	a51	3
13	2834.70411968407	a7	a16
12	2834.70654933419	a7	a16	a75	2
13	2834.70851171732	a7	a16
12	2834.71735177293	a7	a16	a77	5
13	2834.71762169566	a7	a16
12	2834.71770084073	a7	a16	a77	8
13	2834.71793620229	a7	a16
12	2834.71805336465	a7	a16	a77	12
13	2834.71848261436	a7	a16
12	2834.71858906275	a7	a16	a77	15
13	2834.71891324651	a7	a16
12	2834.79355603836	a7	a16	a83	2
13	2834.79471660239	a7	a16
12	2834.8016544113	a7	a16	a81	2
13	2834.80280875432	a7	a16
12	2834.83444466526	a7	a16	a51	2
13	2834.83713490659	a7	a16
12	2834.83975360631	a7	a16	a53	3
13	2834.85088092003	a7	a16
12	2834.85104232069	a7	a16	a53	5
13	2834.85649572742	a7	a16
12	2834.85771020687	a7	a16	a53	2
13	2834.86145974801	a7	a16
12	2834.86153785625	a7	a16	a53	5
13	2834.86496010313	a7	a16
12	2834.86722973505	a7	a16	a55	1
13	2834.87386478812	a7	a16
12	2834.88441804084	a7	a16	a57	2
13	2835.54521720891	a7	a16
12	2836.13959741511	a7	a16	a59	1
13	2838.65984757001	a7	a16
12	2838.65996680604	a7	a16	a59	6
13	2840.89414518564	a7	a16
12	2840.89438780504	a7	a16	a59	10
13	2843.78608826275	a7	a16
12	2843.78619885849	a7	a16	a59	15
13	2845.96151092832	a7	a16
12	2846.08284205671	a7	a16	a61	1
13	2847.17494283067	a7	a16
12	2847.17512116629	a7	a16	a61	6
13	2848.16077734385	a7	a16
12	2848.16100613879	a7	a16	a61	11
13	2849.17368362011	a7	a16
12	2849.1738609189	a7	a16	a61	15
13	2850.07695288485	a7	a16
12	2850.22729949641	a7	a16	a61	3
13	2850.54697094822	a7	a16
12	2850.5470532038	a7	a16	a61	6
13	2850.82962600641	a7	a16
12	2850.82968061306	a7	a16	a61	8
13	2851.10691509763	a7	a16
12	2851.10701947235	a7	a16	a61	12
13	2851.38120980923	a7	a16
12	2852.55310955572	a7	a16	a63	1
13	2852.92201097237	a7	a16
12	2854.47680560692	a7	a16	a65	2
13	2880.9303232918	a7	a16
12	2880.9307611818	a7	a16	a65	5
13	2907.05250616742	a7	a16
12	2907.05342514889	a7	a16	a65	8
13	2925.42788958882	a7	a16
12	2925.42848438652	a7	a16	a65	15
13	2926.593520285	a7	a16
12	2928.65315716163	a7	a16	a79	1
13	2928.65343054047	a7	a16
12	2928.6535055382	a7	a16	a79	5
13	2928.65354770283	a7	a16
12	2928.65358019033	a7	a16	a79	6
13	2928.65361094977	a7	a16
12	2928.65380933087	a7	a16	a79	11
13	2928.65384942183	a7	a16
12	2928.65388743911	a7	a16	a79	14
13	2928.65393582475	a7	a16
12	2928.92442949907	a7	a16	a79	8
13	2928.92449931263	a7	a16
12	2928.924622696	a7	a16	a79	11
13	2928.9246551835	a7	a16
12	2928.92473432857	a7	a16	a79	14
13	2928.92476405118	a7	a16
12	2930.58748872113	a7	a16	a79	4
13	2930.58757443283	a7	a16
12	2937.64333438802	a7	a16	a67	2
13	2978.18427801045	a7	a16
12	2985.35569829755	a7	a16	a51	3
13	2985.3591049919	a7	a16
12	2985.37704154698	a7	a16	a69	0
13	2985.39649844786	a7	a16
12	2985.3989965291	a7	a16	a51	2
13	2985.39990168609	a7	a16
12	2985.40236002199	a7	a16	a71	3
13	2985.42127776864	a7	a16
12	2985.424992403	a7	a16	a71	1
13	2985.43184588266	a7	a16
12	2985.43737843447	a7	a16	a73	3
13	2985.57614912834	a7	a16
12	2985.57639796875	a7	a16	a73	5
13	2985.70604797033	a7	a16
12	2985.75760286497	a7	a16	a77	4
13	2985.75808395643	a7	a16
12	2985.75819040483	a7	a16	a77	9
13	2985.75847104151	a7	a16
12	2985.75854500241	a7	a16	a77	12
13	2985.75883186011	a7	a16
12	2985.81016314399	a7	a16	a81	1
13	2985.81197656848	a7	a16
12	2985.86709126345	a7	a16	a81	2
13	2985.86822521538	a7	a16
12	2985.94019815698	a7	a16	a51	1
13	2985.94089352768	a7	a16
12	2985.94332939882	a7	a16	a75	1
13	2985.94523371919	a7	a16
12	2985.95388818132	a7	a16	a77	2
13	2985.95423517545	a7	a16
12	2985.95449058249	a7	a16	a77	6
13	2985.95474598952	a7	a16
12	2985.95484932741	a7	a16	a77	10
13	2985.95511095546	a7	a16
12	2985.95521429335	a7	a16	a77	14
13	2985.9556594412	a7	a16
12	2986.03010834489	a7	a16	a83	1
13	2986.0311707552	a7	a16
12	2986.03820671783	a7	a16	a81	3
13	2986.03952349833	a7	a16
12	2986.06992834047	a7	a16	a51	1
13	2986.07220281095	a7	a16
12	2986.07476759524	a7	a16	a53	1
13	2986.08670536836	a7	a16
12	2986.08680110279	a7	a16	a53	7
13	2986.0911710169	a7	a16
12	2986.09250473239	a7	a16	a53	3
13	2986.09652212258	a7	a16
12	2986.09659504664	a7	a16	a53	6
13	2986.10018733447	a7	a16
12	2986.1463458483	a7	a16	a55	1
13	2986.15109870016	a7	a16
12	2986.16238741453	a7	a16	a57	3
13	2986.80071767592	a7	a16
12	2987.30041894422	a7	a16	a59	2
13	2989.46110611011	a7	a16
12	2989.4612802984	a7	a16	a59	4
13	2991.98946327823	a7	a16
12	2991.98964472436	a7	a16	a59	8
13	2993.93442965481	a7	a16
12	2993.93457100999	a7	a16	a59	12
13	2996.2794128678	a7	a16
12	2997.31239227056	a7	a16	a61	1
13	2998.48410193062	a7	a16
12	2998.48429927489	a7	a16	a61	7
13	2999.40809199816	a7	a16
12	2999.40834844203	a7	a16	a61	9
13	3000.2930777137	a7	a16
12	3000.29321492154	a7	a16	a61	13
13	3001.17047137741	a7	a16
12	3001.2865336557	a7	a16	a61	1
13	3001.60602573505	a7	a16
12	3001.60610488012	a7	a16	a61	7
13	3001.90820197789	a7	a16
12	3001.90831257363	a7	a16	a61	11
13	3002.18128670299	a7	a16
12	3002.18133958158	a7	a16	a61	13
13	3002.46513792321	a7	a16
12	3003.59148916049	a7	a16	a63	1
13	3003.97300747722	a7	a16
12	3005.70923787659	a7	a16	a65	1
13	3064.66077203688	a7	a16
12	3064.66152097739	a7	a16	a65	10
13	3081.51556013651	a7	a16
12	3081.55199763056	a7	a16	a79	11
13	3081.55224128679	a7	a16
12	3081.76939187163	a7	a16	a79	6
13	3081.76946894304	a7	a16
12	3081.76954394077	a7	a16	a79	8
13	3081.76958714223	a7	a16
12	3081.76962204901	a7	a16	a79	9
13	3081.7696483155	a7	a16
12	3081.76986259474	a7	a16	a79	11
13	3081.7699057962	a7	a16
12	3081.76998805178	a7	a16	a79	14
13	3081.77004404088	a7	a16
12	3083.53887910074	a7	a16	a79	6
13	3083.53901285246	a7	a16
12	3083.53907748184	a7	a16	a79	12
13	3083.53911860963	a7	a16
12	3083.53920086521	a7	a16	a79	15
13	3090.41519747051	a7	a16
12	3090.48270510918	a7	a16	a67	2
13	3131.00555492321	a7	a16
12	3136.48387438399	a7	a16	a51	3
13	3136.48693166493	a7	a16
12	3136.48952617183	a7	a16	a69	2
13	3136.50856384573	a7	a16
12	3136.51091677006	a7	a16	a51	3
13	3136.51172481018	a7	a16
12	3136.51295069481	a7	a16	a71	1
13	3136.53297094273	a7	a16
12	3136.53594804176	a7	a16	a71	2
13	3136.542718229	a7	a16
12	3136.5471735092	a7	a16	a73	2
13	3136.67896630321	a7	a16
12	3136.67913738099	a7	a16	a73	5
13	3136.81240904738	a7	a16
12	3136.86186642472	a7	a16	a77	1
13	3136.86261467402	a7	a16
12	3136.86265372814	a7	a16	a77	5
13	3136.8630048696	a7	a16
12	3136.86308608835	a7	a16	a77	8
13	3136.86341752995	a7	a16
12	3136.86345001745	a7	a16	a77	13
13	3136.86373722076	a7	a16
12	3136.93520971664	a7	a16	a81	3
13	3136.9370307446	a7	a16
12	3136.97092972084	a7	a16	a81	1
13	3136.97280362738	a7	a16
12	3137.0461973786	a7	a16	a51	2
13	3137.04691486846	a7	a16
12	3137.04934970276	a7	a16	a75	2
13	3137.05118351834	a7	a16
12	3137.06001182316	a7	a16	a77	2
13	3137.06062286461	a7	a16
12	3137.06071237804	a7	a16	a77	7
13	3137.06096363773	a7	a16
12	3137.06100580235	a7	a16	a77	10
13	3137.06127365141	a7	a16
12	3137.06138459276	a7	a16	a77	14
13	3137.06169979061	a7	a16
12	3137.25687534786	a7	a16	a81	2
13	3137.25808533436	a7	a16
12	3137.30223722676	a7	a16	a51	2
13	3137.30430605829	a7	a16
12	3137.30812437616	a7	a16	a53	2
13	3137.31636928845	a7	a16
12	3137.31640834257	a7	a16	a53	3
13	3137.3210481794	a7	a16
12	3137.32111488246	a7	a16	a53	6
13	3137.32456477827	a7	a16
12	3137.33597065501	a7	a16	a53	2
13	3137.33950695374	a7	a16
12	3137.33957020068	a7	a16	a53	4
13	3137.34291779543	a7	a16
12	3137.34298657216	a7	a16	a53	6
13	3137.34609465801	a7	a16
12	3137.54113508109	a7	a16	a55	2
13	3137.54591108893	a7	a16
12	3137.54595325355	a7	a16	a55	3
13	3137.54959738313	a7	a16
12	3137.55932255026	a7	a16	a57	1
13	3138.29187070356	a7	a16
12	3138.73625785896	a7	a16	a59	3
13	3141.44770005085	a7	a16
12	3141.44786663568	a7	a16	a59	7
13	3143.86193209416	a7	a16
12	3143.86205444069	a7	a16	a59	11
13	3146.19652207264	a7	a16
12	3146.1966540963	a7	a16	a59	14
13	3148.65949849639	a7	a16
12	3148.79022127662	a7	a16	a61	3
13	3149.90954588279	a7	a16
12	3149.90981304062	a7	a16	a61	7
13	3150.88821690264	a7	a16
12	3150.88837415595	a7	a16	a61	11
13	3151.87730189369	a7	a16
12	3151.87757734621	a7	a16	a61	14
13	3152.81575304525	a7	a16
12	3152.8390998056	a7	a16	a61	3
13	3153.1717437919	a7	a16
12	3153.17187996291	a7	a16	a61	6
13	3153.47164210815	a7	a16
12	3153.47172021639	a7	a16	a61	10
13	3153.75351331905	a7	a16
12	3153.75357760282	a7	a16	a61	14
13	3154.0262444834	a7	a16
12	3155.15698464343	a7	a16	a63	3
13	3155.5257771924	a7	a16
12	3157.02395406678	a7	a16	a65	1
13	3214.92645758095	a7	a16
12	3214.92721585298	a7	a16	a65	10
13	3231.68408732448	a7	a16
12	3231.71908776515	a7	a16	a79	11
13	3231.71940952963	a7	a16
12	3231.96686783972	a7	a16	a79	7
13	3233.52215842703	a7	a16
12	3233.68690080199	a7	a16	a79	9
13	3233.68731622723	a7	a16
12	3233.68740193893	a7	a16	a79	12
13	3233.6874544719	a7	a16
12	3233.68753258014	a7	a16	a79	14
13	3233.68761794623	a7	a16
12	3240.67360305011	a7	a16	a67	3
13	3284.2014185648	a7	a16
12	3287.55649581179	a7	a16	a51	2
13	3287.55998890906	a7	a16
12	3287.56261590346	a7	a16	a69	3
13	3287.58153365011	a7	a16
12	3287.583891413	a7	a16	a51	1
13	3287.5850360789	a7	a16
12	3287.58727909871	a7	a16	a71	1
13	3287.60624315733	a7	a16
12	3287.61012472213	a7	a16	a71	2
13	3287.61658766059	a7	a16
12	3287.62137541922	a7	a16	a73	2
13	3287.75289483439	a7	a16
12	3287.75306902268	a7	a16	a73	6
13	3287.87844933753	a7	a16
12	3287.92921589193	a7	a16	a77	4
13	3287.9296233681	a7	a16
12	3287.92970769735	a7	a16	a77	7
13	3287.93015491887	a7	a16
12	3287.93021298163	a7	a16	a77	12
13	3287.93050640595	a7	a16
12	3287.97908489278	a7	a16	a81	1
13	3287.98086686661	a7	a16
12	3288.01655196402	a7	a16	a81	3
13	3288.01812415157	a7	a16
12	3288.08904297754	a7	a16	a51	1
13	3288.08981818454	a7	a16
12	3288.09241269144	a7	a16	a75	2
13	3288.09453751206	a7	a16
12	3288.10314427978	a7	a16	a77	3
13	3288.10363712204	a7	a16
12	3288.10370451632	a7	a16	a77	8
13	3288.10402524396	a7	a16
12	3288.10409263824	a7	a16	a77	12
13	3288.10433318397	a7	a16
12	3288.10436912758	a7	a16	a77	15
13	3288.10462971879	a7	a16
12	3288.17676717155	a7	a16	a83	2
13	3288.17785066418	a7	a16
12	3288.184703107	a7	a16	a81	2
13	3288.18590479882	a7	a16
12	3288.21634523896	a7	a16	a51	2
13	3288.21896290184	a7	a16
12	3288.2216330977	a7	a16	a53	3
13	3288.23288932457	a7	a16
12	3288.23314334916	a7	a16	a53	7
13	3288.2382950369	a7	a16
12	3288.26029149241	a7	a16	a53	3
13	3288.26408112451	a7	a16
12	3288.2750892022	a7	a16	a55	3
13	3288.28134857537	a7	a16
12	3288.29022561143	a7	a16	a57	1
13	3288.99236788577	a7	a16
12	3289.43902121696	a7	a16	a59	2
13	3291.53161320432	a7	a16
12	3291.5317099756	a7	a16	a59	4
13	3293.95506478487	a7	a16
12	3293.95515671758	a7	a16	a59	8
13	3295.91326739766	a7	a16
12	3295.9133634777	a7	a16	a59	12
13	3298.31464821617	a7	a16
12	3299.48732662578	a7	a16	a61	3
13	3300.60488826676	a7	a16
12	3300.60523526088	a7	a16	a61	7
13	3301.58859173831	a7	a16
12	3301.58883954189	a7	a16	a61	10
13	3302.57779389173	a7	a16
12	3302.57805551977	a7	a16	a61	15
13	3303.54951293259	a7	a16
12	3303.55199442447	a7	a16	a61	1
13	3303.86359204176	a7	a16
12	3303.86366047288	a7	a16	a61	7
13	3304.1905420756	a7	a16
12	3304.19064333982	a7	a16	a61	10
13	3304.48849287001	a7	a16
12	3304.48867016881	a7	a16	a61	14
13	3304.76263274758	a7	a16
12	3305.89254966058	a7	a16	a63	2
13	3306.24420643674	a7	a16
12	3307.74957134289	a7	a16	a65	3
13	3340.15045123573	a7	a16
12	3340.15109165418	a7	a16	a65	6
13	3353.61937811024	a7	a16
12	3353.6201640312	a7	a16	a65	7
13	3364.12406512788	a7	a16
12	3364.12483411388	a7	a16	a65	9
13	3369.62713107633	a7	a16
12	3369.62761424146	a7	a16	a65	12
13	3377.22335201356	a7	a16
12	3377.22405464211	a7	a16	a65	14
13	3379.52521325696	a7	a16
12	3382.12633239815	a7	a16	a79	8
13	3382.12641465373	a7	a16
12	3382.12651591796	a7	a16	a79	12
13	3382.1265497879	a7	a16
12	3382.38620715354	a7	a16	a79	3
13	3382.38630219675	a7	a16
12	3382.38636544369	a7	a16	a79	7
13	3383.8850845828	a7	a16
12	3384.1261473487	a7	a16	a79	7
13	3390.4990435948	a7	a16
12	3390.56855059705	a7	a16	a67	3
13	3433.6297212184	a7	a16
12	3436.81112513895	a7	a16	a51	1
13	3436.81394947761	a7	a16
12	3436.8278389199	a7	a16	a69	2
13	3436.84707843103	a7	a16
12	3436.84962109617	a7	a16	a51	3
13	3436.85066138734	a7	a16
12	3436.85313009158	a7	a16	a71	3
13	3436.86670606407	a7	a16
12	3436.87489740655	a7	a16	a71	2
13	3436.88132440139	a7	a16
12	3436.8861913051	a7	a16	a73	2
13	3437.02259144845	a7	a16
12	3437.02280538208	a7	a16	a73	7
13	3437.15417618422	a7	a16
12	3437.2043890687	a7	a16	a77	6
13	3437.20498524885	a7	a16
12	3437.20505160629	a7	a16	a77	12
13	3437.2053270588	a7	a16
12	3437.25437937925	a7	a16	a81	1
13	3437.25623393154	a7	a16
12	3437.29256601402	a7	a16	a81	3
13	3437.29453150766	a7	a16
12	3437.37979425527	a7	a16	a51	3
13	3437.38038525125	a7	a16
12	3437.38299116333	a7	a16	a75	2
13	3437.38517612039	a7	a16
12	3437.39445060988	a7	a16	a77	6
13	3437.39496764496	a7	a16
12	3437.39504679003	a7	a16	a77	12
13	3437.39531705837	a7	a16
12	3437.39536440717	a7	a16	a77	15
13	3437.39564089652	a7	a16
12	3437.47120923645	a7	a16	a83	2
13	3437.47230413426	a7	a16
12	3437.47922397136	a7	a16	a81	3
13	3437.48033926026	a7	a16
12	3437.51079145119	a7	a16	a51	2
13	3437.51356844106	a7	a16
12	3437.51616674968	a7	a16	a53	1
13	3437.52360051136	a7	a16
12	3437.52367447226	a7	a16	a53	5
13	3437.52738495928	a7	a16
12	3437.52747239903	a7	a16	a53	7
13	3437.53179185384	a7	a16
12	3437.53314423235	a7	a16	a53	1
13	3437.53713017188	a7	a16
12	3437.5372134643	a7	a16	a53	5
13	3437.54066336011	a7	a16
12	3437.54407558425	a7	a16	a55	3
13	3437.55009026435	a7	a16
12	3437.55999687761	a7	a16	a57	3
13	3438.23818169574	a7	a16
12	3438.6817006746	a7	a16	a59	1
13	3441.14700963159	a7	a16
12	3441.14708221004	a7	a16	a59	6
13	3443.43298206912	a7	a16
12	3443.43313517509	a7	a16	a59	10
13	3446.28884847078	a7	a16
12	3446.28896770681	a7	a16	a59	15
13	3448.50079848943	a7	a16
12	3448.55521574002	a7	a16	a61	1
13	3449.59350373822	a7	a16
12	3449.59370108249	a7	a16	a61	5
13	3450.51138926662	a7	a16
12	3450.51160250903	a7	a16	a61	8
13	3451.39809163538	a7	a16
12	3451.39830142167	a7	a16	a61	12
13	3452.31983107965	a7	a16
12	3452.41432131357	a7	a16	a61	1
13	3452.73580238815	a7	a16
12	3452.7358749666	a7	a16	a61	7
13	3453.0283996576	a7	a16
12	3453.02846083087	a7	a16	a61	11
13	3453.32389004245	a7	a16
12	3453.34331411022	a7	a16	a61	15
13	3453.62371474341	a7	a16
12	3454.73169049876	a7	a16	a63	2
13	3455.09204804902	a7	a16
12	3456.58075067036	a7	a16	a65	3
13	3488.26569388979	a7	a16
12	3488.26679017005	a7	a16	a65	6
13	3502.47139090991	a7	a16
12	3502.47250619881	a7	a16	a65	7
13	3515.04404128083	a7	a16
12	3515.04474390938	a7	a16	a65	10
13	3533.23948785527	a7	a16
12	3533.23987494036	a7	a16	a65	15
13	3534.42066762104	a7	a16
12	3536.1863786969	a7	a16	a79	13
13	3536.186570857	a7	a16
12	3536.44923504427	a7	a16	a79	9
13	3536.44932386647	a7	a16
12	3536.44941960091	a7	a16	a79	12
13	3536.44953054226	a7	a16
12	3536.44957685422	a7	a16	a79	15
13	3537.91221309687	a7	a16
12	3538.21962639353	a7	a16	a79	4
13	3538.2197940152	a7	a16
12	3538.2198828374	a7	a16	a79	8
13	3538.21993225987	a7	a16
12	3538.22014757595	a7	a16	a79	13
13	3538.22017695294	a7	a16
12	3538.22021600706	a7	a16	a79	15
13	3544.70544710946	a7	a16
12	3544.77737892327	a7	a16	a67	2
13	3585.29720705437	a7	a16
12	3590.95721319404	a7	a16	a51	2
13	3590.96080859238	a7	a16
12	3590.96346323571	a7	a16	a69	2
13	3590.98247360629	a7	a16
12	3590.98485694445	a7	a16	a51	1
13	3590.98607764491	a7	a16
12	3590.98826571247	a7	a16	a71	2
13	3591.00727953917	a7	a16
12	3591.01674929926	a7	a16	a71	3
13	3591.02316385208	a7	a16
12	3591.0279125566	a7	a16	a73	1
13	3591.15933692855	a7	a16
12	3591.15962067574	a7	a16	a73	4
13	3591.28890363771	a7	a16
12	3591.37081671691	a7	a16	a77	1
13	3591.37151830862	a7	a16
12	3591.37164618494	a7	a16	a77	7
13	3591.37204916817	a7	a16
12	3591.37211656244	a7	a16	a77	12
13	3591.37242346562	a7	a16
12	3591.37253855431	a7	a16	a77	15
13	3591.37280536653	a7	a16
12	3591.42822903833	a7	a16	a81	1
13	3591.42971240367	a7	a16
12	3591.46654147576	a7	a16	a81	3
13	3591.46811228085	a7	a16
12	3591.5401989287	a7	a16	a51	1
13	3591.54100178463	a7	a16
12	3591.54346530471	a7	a16	a75	3
13	3591.54562503211	a7	a16
12	3591.55450414184	a7	a16	a77	5
13	3591.5549261337	a7	a16
12	3591.5550356926	a7	a16	a77	10
13	3591.5553049241	a7	a16
12	3591.55540411466	a7	a16	a77	14
13	3591.5556657427	a7	a16
12	3591.63104606988	a7	a16	a83	2
13	3591.63208325053	a7	a16
12	3591.64473505738	a7	a16	a81	2
13	3591.64588179695	a7	a16
12	3591.67633087737	a7	a16	a51	2
13	3591.6789526876	a7	a16
12	3591.68208600311	a7	a16	a53	1
13	3591.69280307576	a7	a16
12	3591.69284212988	a7	a16	a53	5
13	3591.6976679058	a7	a16
12	3591.70024305844	a7	a16	a53	3
13	3591.70432404119	a7	a16
12	3591.70435445502	a7	a16	a53	7
13	3591.70841435545	a7	a16
12	3591.71070368723	a7	a16	a55	2
13	3591.71626907215	a7	a16
12	3591.72623789551	a7	a16	a57	1
13	3592.47563185343	a7	a16
12	3592.90880183607	a7	a16	a59	1
13	3595.34898516937	a7	a16
12	3595.34912445088	a7	a16	a59	6
13	3597.59786310505	a7	a16
12	3597.59804040384	a7	a16	a59	9
13	3599.57604483796	a7	a16
12	3599.57615647053	a7	a16	a59	13
13	3601.81038323578	a7	a16
12	3602.70183949323	a7	a16	a61	1
13	3603.80111965866	a7	a16
12	3603.80124753498	a7	a16	a61	7
13	3604.75774480052	a7	a16
12	3604.75791034852	a7	a16	a61	8
13	3605.70878865933	a7	a16
12	3605.70908623098	a7	a16	a61	13
13	3606.75714086971	a7	a16
12	3607.17720871348	a7	a16	a61	3
13	3607.52079130952	a7	a16
12	3607.52091261922	a7	a16	a61	6
13	3607.81321888364	a7	a16
12	3607.81332222153	a7	a16	a61	10
13	3608.10196776701	a7	a16
12	3608.10210601169	a7	a16	a61	14
13	3608.3877319479	a7	a16
12	3609.5132969186	a7	a16	a63	3
13	3609.84963376572	a7	a16
12	3611.35598608444	a7	a16	a65	3
13	3642.99542261368	a7	a16
12	3642.9962603764	a7	a16	a65	6
13	3656.95919525796	a7	a16
12	3656.96020167918	a7	a16	a65	7
13	3667.46054608604	a7	a16
12	3667.46101369865	a7	a16	a65	10
13	3684.60845954979	a7	a16
12	3686.50544845825	a7	a16	a79	1
13	3686.50565202353	a7	a16
12	3686.5057398089	a7	a16	a79	4
13	3686.50577437007	a7	a16
12	3686.50584729413	a7	a16	a79	6
13	3686.50587563429	a7	a16
12	3686.5061006275	a7	a16	a79	8
13	3686.50619325143	a7	a16
12	3686.76239450024	a7	a16	a79	8
13	3686.76262467762	a7	a16
12	3686.76269621924	a7	a16	a79	11
13	3686.76273216285	a7	a16
12	3686.76281130793	a7	a16	a79	12
13	3686.76286418652	a7	a16
12	3686.76293158079	a7	a16	a79	15
13	3688.22173810039	a7	a16
12	3688.41096740865	a7	a16	a79	12
13	3688.41103065558	a7	a16
12	3696.02628028082	a7	a16	a67	2
13	3736.52344941881	a7	a16
12	3742.21468122836	a7	a16	a51	1
13	3742.21818192909	a7	a16
12	3742.22097239781	a7	a16	a69	2
13	3742.23979510125	a7	a16
12	3742.24247082689	a7	a16	a51	2
13	3742.24354567922	a7	a16
12	3742.2460389219	a7	a16	a71	3
13	3742.26308794618	a7	a16
12	3742.26697262149	a7	a16	a71	3
13	3742.2734725404	a7	a16
12	3742.27811894386	a7	a16	a73	3
13	3742.41021553053	a7	a16
12	3742.41052347054	a7	a16	a73	4
13	3742.53872190305	a7	a16
12	3742.59766079128	a7	a16	a77	4
13	3742.59814188274	a7	a16
12	3742.59819026838	a7	a16	a77	8
13	3742.59845397009	a7	a16
12	3742.59852067315	a7	a16	a77	11
13	3742.5988033835	a7	a16
12	3742.64845395777	a7	a16	a81	3
13	3742.65006278015	a7	a16
12	3742.70653711148	a7	a16	a81	2
13	3742.70812727083	a7	a16
12	3742.78331129057	a7	a16	a51	3
13	3742.78390228654	a7	a16
12	3742.78654414224	a7	a16	a75	3
13	3742.78923853092	a7	a16
12	3742.79701513938	a7	a16	a77	1
13	3742.79745095571	a7	a16
12	3742.7976756033	a7	a16	a77	4
13	3742.79816187894	a7	a16
12	3742.79829804994	a7	a16	a77	9
13	3742.79866405271	a7	a16
12	3742.7987169313	a7	a16	a77	13
13	3742.79894365256	a7	a16
12	3742.8813136304	a7	a16	a83	3
13	3742.88232558141	a7	a16
12	3742.88925924298	a7	a16	a81	3
13	3742.89038282656	a7	a16
12	3742.92092142041	a7	a16	a51	2
13	3742.92318241203	a7	a16
12	3742.93348164016	a7	a16	a53	2
13	3742.9441361571	a7	a16
12	3742.94421115484	a7	a16	a53	6
13	3742.94815907709	a7	a16
12	3742.95054034158	a7	a16	a53	3
13	3742.95457674041	a7	a16
12	3742.95461579453	a7	a16	a53	6
13	3742.95820497185	a7	a16
12	3742.96047322132	a7	a16	a55	2
13	3742.96683835167	a7	a16
12	3742.97678401905	a7	a16	a57	3
13	3743.65981673225	a7	a16
12	3744.16976953428	a7	a16	a59	1
13	3746.66815871343	a7	a16
12	3746.66837921369	a7	a16	a59	5
13	3748.95526026433	a7	a16
12	3748.95545622615	a7	a16	a59	10
13	3751.85936783582	a7	a16
12	3751.85954064166	a7	a16	a59	15
13	3754.12314370867	a7	a16
12	3754.15857962006	a7	a16	a61	1
13	3755.25331499187	a7	a16
12	3755.25347431885	a7	a16	a61	6
13	3756.3385190847	a7	a16
12	3756.33871642897	a7	a16	a61	9
13	3757.29155401241	a7	a16
12	3757.29175757769	a7	a16	a61	14
13	3758.27258901616	a7	a16
12	3758.49132008323	a7	a16	a61	2
13	3758.80826120274	a7	a16
12	3758.80837629143	a7	a16	a61	6
13	3759.08953104931	a7	a16
12	3759.0896015541	a7	a16	a61	9
13	3759.42071793676	a7	a16
12	3759.42079189766	a7	a16	a61	15
13	3759.71111469664	a7	a16
12	3760.82092737808	a7	a16	a63	1
13	3761.22719010881	a7	a16
12	3762.69056596046	a7	a16	a65	2
13	3789.64993541914	a7	a16
12	3789.6504344824	a7	a16	a65	4
13	3833.86075219636	a7	a16
12	3833.8611171623	a7	a16	a65	12
13	3841.49778676276	a7	a16
12	3841.86651502797	a7	a16	a79	1
13	3841.86678598753	a7	a16
12	3841.86684197662	a7	a16	a79	3
13	3841.86689070787	a7	a16
12	3841.86706455054	a7	a16	a79	4
13	3841.86709945732	a7	a16
12	3841.86713643778	a7	a16	a79	6
13	3841.86717238139	a7	a16
12	3841.86723251782	a7	a16	a79	7
13	3841.86725878431	a7	a16
12	3841.86735071702	a7	a16	a79	9
13	3841.86738009401	a7	a16
12	3841.86745301808	a7	a16	a79	11
13	3841.86750658789	a7	a16
12	3841.86757743828	a7	a16	a79	14
13	3841.86765139918	a7	a16
12	3842.07521471595	a7	a16	a79	5
13	3842.07545215118	a7	a16
12	3842.07553025942	a7	a16	a79	11
13	3842.07556412936	a7	a16
12	3842.07562944997	a7	a16	a79	13
13	3842.07566954093	a7	a16
12	3843.73076656106	a7	a16	a79	3
13	3843.73083188167	a7	a16
12	3843.73098602448	a7	a16	a79	8
13	3843.73102611543	a7	a16
12	3843.73106102221	a7	a16	a79	11
13	3843.73109558338	a7	a16
12	3843.7311346375	a7	a16	a79	13
13	3843.7311643601	a7	a16
12	3850.37905483585	a7	a16	a67	2
13	3890.93392453541	a7	a16
12	3896.76577986306	a7	a16	a51	2
13	3896.76972536603	a7	a16
12	3896.77244844047	a7	a16	a69	1
13	3896.79160154868	a7	a16
12	3896.79403430931	a7	a16	a51	2
13	3896.79499441856	a7	a16
12	3896.79754226788	a7	a16	a71	3
13	3896.81782829118	a7	a16
12	3896.82281443092	a7	a16	a71	2
13	3896.83024611893	a7	a16
12	3896.83495335004	a7	a16	a73	2
13	3896.97288420752	a7	a16
12	3896.97317037399	a7	a16	a73	7
13	3897.10365053483	a7	a16
12	3897.15273430594	a7	a16	a77	2
13	3897.15334638423	a7	a16
12	3897.15346250976	a7	a16	a77	9
13	3897.15374936745	a7	a16
12	3897.15384337383	a7	a16	a77	10
13	3897.15410085453	a7	a16
12	3897.15415338751	a7	a16	a77	14
13	3897.15440361037	a7	a16
12	3897.20524516249	a7	a16	a81	3
13	3897.20698082436	a7	a16
12	3897.24357522611	a7	a16	a81	2
13	3897.24535512628	a7	a16
12	3897.31678338386	a7	a16	a51	1
13	3897.31753785417	a7	a16
12	3897.31987349792	a7	a16	a75	2
13	3897.32219669964	a7	a16
12	3897.34379950345	a7	a16	a77	4
13	3897.34418451487	a7	a16
12	3897.34429856672	a7	a16	a77	10
13	3897.34456330527	a7	a16
12	3897.34461825753	a7	a16	a77	13
13	3897.34488506975	a7	a16
12	3897.34498840764	a7	a16	a77	15
13	3897.34524277784	a7	a16
12	3897.42139969446	a7	a16	a83	3
13	3897.42241371914	a7	a16
12	3897.42897584815	a7	a16	a81	2
13	3897.43019965912	a7	a16
12	3897.47979528113	a7	a16	a51	2
13	3897.4823801109	a7	a16
12	3897.4849006569	a7	a16	a53	1
13	3897.49613338218	a7	a16
12	3897.49623257273	a7	a16	a53	4
13	3897.50149623865	a7	a16
12	3897.50425940405	a7	a16	a53	3
13	3897.50837494797	a7	a16
12	3897.50840881791	a7	a16	a53	7
13	3897.51225547593	a7	a16
12	3897.51458178817	a7	a16	a55	3
13	3897.52112594537	a7	a16
12	3897.5304902939	a7	a16	a57	3
13	3898.16302326493	a7	a16
12	3898.67722259769	a7	a16	a59	2
13	3900.77712876508	a7	a16
12	3900.7773039902	a7	a16	a59	4
13	3903.19959949967	a7	a16
12	3903.199762974	a7	a16	a59	8
13	3905.04274832906	a7	a16
12	3905.04292459101	a7	a16	a59	12
13	3907.40490429531	a7	a16
12	3908.6035364142	a7	a16	a61	2
13	3910.25209860864	a7	a16
12	3910.25236542086	a7	a16	a61	7
13	3911.10033024983	a7	a16
12	3911.10054763958	a7	a16	a61	11
13	3911.93593980677	a7	a16
12	3911.93608323562	a7	a16	a61	15
13	3912.8628731034	a7	a16
12	3912.86555401322	a7	a16	a61	1
13	3913.18359037616	a7	a16
12	3913.18363565129	a7	a16	a61	7
13	3913.48026966519	a7	a16
12	3913.4803349858	a7	a16	a61	11
13	3913.76339821139	a7	a16
12	3913.76347631963	a7	a16	a61	15
13	3914.05051062345	a7	a16
12	3915.16385338262	a7	a16	a63	2
13	3915.53651367193	a7	a16
12	3917.2406419302	a7	a16	a65	1
13	3975.71140535647	a7	a16
12	3975.71215118648	a7	a16	a65	10
13	3992.66253305814	a7	a16
12	3992.70025242591	a7	a16	a79	1
13	3992.70057419039	a7	a16
12	3992.70069550009	a7	a16	a79	13
13	3992.70075667335	a7	a16
12	3992.91332617534	a7	a16	a79	3
13	3992.91354771243	a7	a16
12	3992.91364171881	a7	a16	a79	9
13	3992.91371360604	a7	a16
12	3992.91382005444	a7	a16	a79	13
13	3992.91391406082	a7	a16
12	3994.67110788238	a7	a16	a79	7
13	4001.58202785695	a7	a16
12	4001.76964730599	a7	a16	a67	1
13	4043.29772908887	a7	a16
12	4047.6972610833	a7	a16	a51	3
13	4047.70019809138	a7	a16
12	4047.70268891477	a7	a16	a69	3
13	4047.72128593378	a7	a16
12	4047.72702101403	a7	a16	a71	1
13	4047.74739585954	a7	a16
12	4047.74904788338	a7	a16	a71	3
13	4047.75547833434	a7	a16
12	4047.76020699337	a7	a16	a73	2
13	4047.89133275683	a7	a16
12	4047.8914530297	a7	a16	a73	6
13	4048.02352646039	a7	a16
12	4048.07323924476	a7	a16	a77	3
13	4048.07381537944	a7	a16
12	4048.07394187331	a7	a16	a77	9
13	4048.07423184152	a7	a16
12	4048.07429750774	a7	a16	a77	12
13	4048.07457814442	a7	a16
12	4048.12461269327	a7	a16	a81	2
13	4048.12624570847	a7	a16
12	4048.16130524874	a7	a16	a81	3
13	4048.16297317072	a7	a16
12	4048.23652106475	a7	a16	a51	2
13	4048.23730076471	a7	a16
12	4048.23979400738	a7	a16	a75	3
13	4048.24178991485	a7	a16
12	4048.27107013657	a7	a16	a77	1
13	4048.27161862231	a7	a16
12	4048.27173889517	a7	a16	a77	7
13	4048.2722780494	a7	a16
12	4048.272307772	a7	a16	a77	12
13	4048.27257458422	a7	a16
12	4048.27269070974	a7	a16	a77	14
13	4048.27295130095	a7	a16
12	4048.35827003766	a7	a16	a83	2
13	4048.35937253893	a7	a16
12	4048.36629341287	a7	a16	a81	3
13	4048.3674214894	a7	a16
12	4048.39893920114	a7	a16	a51	2
13	4048.40172966987	a7	a16
12	4048.40426507717	a7	a16	a53	1
13	4048.41506958958	a7	a16
12	4048.41525933039	a7	a16	a53	5
13	4048.42043832145	a7	a16
12	4048.42299481106	a7	a16	a53	2
13	4048.42701012759	a7	a16
12	4048.4270460712	a7	a16	a53	6
13	4048.4307617424	a7	a16
12	4048.43307975995	a7	a16	a55	1
13	4048.43993946062	a7	a16
12	4048.44996116257	a7	a16	a57	3
13	4049.07985124106	a7	a16
12	4049.64153519968	a7	a16	a59	3
13	4052.35224296675	a7	a16
12	4052.35237153429	a7	a16	a59	7
13	4054.85023538369	a7	a16
12	4054.85039574751	a7	a16	a59	11
13	4057.18366410692	a7	a16
12	4057.18385695824	a7	a16	a59	14
13	4059.54239437018	a7	a16
12	4059.57911111846	a7	a16	a61	2
13	4060.67819739574	a7	a16
12	4060.67831766861	a7	a16	a61	6
13	4061.66234394147	a7	a16
12	4061.66257066274	a7	a16	a61	9
13	4062.60728015063	a7	a16
12	4062.60750065088	a7	a16	a61	13
13	4063.54349173848	a7	a16
12	4063.59581769278	a7	a16	a61	1
13	4063.91027524675	a7	a16
12	4063.91035439183	a7	a16	a61	7
13	4064.20639982904	a7	a16
12	4064.20646618648	a7	a16	a61	11
13	4064.5077307057	a7	a16
12	4064.50783404359	a7	a16	a61	15
13	4064.79530105324	a7	a16
12	4066.19004637387	a7	a16	a63	1
13	4066.58398113589	a7	a16
12	4068.04183273041	a7	a16	a65	2
13	4093.60148040585	a7	a16
12	4093.60202163374	a7	a16	a65	5
13	4119.1809530586	a7	a16
12	4119.18194703779	a7	a16	a65	8
13	4137.29965206605	a7	a16
12	4137.30037888741	a7	a16	a65	13
13	4143.16132331352	a7	a16
12	4143.19682281746	a7	a16	a79	1
13	4143.19699354964	a7	a16
12	4143.19705679657	a7	a16	a79	3
13	4143.19710552782	a7	a16
12	4143.19715495029	a7	a16	a79	5
13	4143.19719193074	a7	a16
12	4143.19732706491	a7	a16	a79	11
13	4143.19736922953	a7	a16
12	4143.19746634642	a7	a16	a79	15
13	4143.42583894258	a7	a16
12	4143.46189557255	a7	a16	a79	3
13	4143.46214579541	a7	a16
12	4143.46221422652	a7	a16	a79	8
13	4143.46225535431	a7	a16
12	4143.46231756441	a7	a16	a79	10
13	4143.46236733249	a7	a16
12	4143.46243161627	a7	a16	a79	13
13	4143.46245995643	a7	a16
12	4145.15689277017	a7	a16	a79	9
13	4145.15696327495	a7	a16
12	4145.15701822721	a7	a16	a79	13
13	4145.15705106032	a7	a16
12	4145.15709322495	a7	a16	a79	14
13	4145.15712571244	a7	a16
12	4152.45001018842	a7	a16	a67	3
13	4195.69920738937	a7	a16
12	4198.42715841448	a7	a16	a51	2
13	4198.43055266681	a7	a16
12	4198.43426315383	a7	a16	a69	3
13	4198.4529949614	a7	a16
12	4198.45550064609	a7	a16	a51	1
13	4198.45676351118	a7	a16
12	4198.45927230638	a7	a16	a71	2
13	4198.47743143539	a7	a16
12	4198.4800943734	a7	a16	a71	2
13	4198.48662194124	a7	a16
12	4198.49245310154	a7	a16	a73	2
13	4198.62432780552	a7	a16
12	4198.62441559089	a7	a16	a73	6
13	4198.75360662015	a7	a16
12	4198.80719440271	a7	a16	a77	3
13	4198.80771869563	a7	a16
12	4198.80777779522	a7	a16	a77	8
13	4198.80803216542	a7	a16
12	4198.80809541236	a7	a16	a77	11
13	4198.80835911407	a7	a16
12	4198.80839505769	a7	a16	a77	13
13	4198.80865046472	a7	a16
12	4198.80868398906	a7	a16	a77	15
13	4198.80892038745	a7	a16
12	4198.87917252848	a7	a16	a81	1
13	4198.8806790498	a7	a16
12	4198.91667761701	a7	a16	a81	3
13	4198.91820418381	a7	a16
12	4198.989389822	a7	a16	a51	3
13	4198.98995213221	a7	a16
12	4198.99231024072	a7	a16	a75	2
13	4198.9945404729	a7	a16
12	4199.00334147439	a7	a16	a77	3
13	4199.00384261133	a7	a16
12	4199.00387959178	a7	a16	a77	7
13	4199.004146404	a7	a16
12	4199.00422243857	a7	a16	a77	11
13	4199.00449478057	a7	a16
12	4199.00458325716	a7	a16	a77	13
13	4199.00490813215	a7	a16
12	4199.07953433463	a7	a16	a83	3
13	4199.08061471675	a7	a16
12	4199.09584513236	a7	a16	a81	3
13	4199.09689786555	a7	a16
12	4199.12731756898	a7	a16	a51	2
13	4199.13005619595	a7	a16
12	4199.13259678743	a7	a16	a53	1
13	4199.14341616114	a7	a16
12	4199.14357756179	a7	a16	a53	5
13	4199.14847176883	a7	a16
12	4199.15003946342	a7	a16	a53	1
13	4199.15411629882	a7	a16
12	4199.15418472993	a7	a16	a53	5
13	4199.15787517148	a7	a16
12	4199.16035977386	a7	a16	a55	2
13	4199.16662675049	a7	a16
12	4199.17665882079	a7	a16	a57	1
13	4199.94308936097	a7	a16
12	4200.38437465152	a7	a16	a59	2
13	4202.47731778035	a7	a16
12	4202.47737376945	a7	a16	a59	4
13	4204.97384687744	a7	a16
12	4204.97409364418	a7	a16	a59	8
13	4206.90793374387	a7	a16
12	4206.90811000583	a7	a16	a59	12
13	4209.25498164105	a7	a16
12	4210.45226103581	a7	a16	a61	2
13	4211.55157299752	a7	a16
12	4211.55184222902	a7	a16	a61	5
13	4212.50561330961	a7	a16
12	4212.50581272755	a7	a16	a61	9
13	4213.45848787349	a7	a16
12	4213.45867761431	a7	a16	a61	15
13	4214.40333353239	a7	a16
12	4214.40670013579	a7	a16	a61	3
13	4214.7982705683	a7	a16
12	4214.798391878	a7	a16	a61	5
13	4215.07314452507	a7	a16
12	4215.07321848598	a7	a16	a61	9
13	4215.3519159448	a7	a16
12	4215.35206905077	a7	a16	a61	13
13	4215.62527093823	a7	a16
12	4216.90996036599	a7	a16	a63	2
13	4217.25735575011	a7	a16
12	4218.74166115401	a7	a16	a65	2
13	4245.25499039661	a7	a16
12	4245.25535432571	a7	a16	a65	5
13	4270.36305770071	a7	a16
12	4270.363403658	a7	a16	a65	8
13	4288.7464613868	a7	a16
12	4288.74686748053	a7	a16	a65	15
13	4290.09406596519	a7	a16
12	4292.98488649556	a7	a16	a79	2
13	4292.98512704129	a7	a16
12	4292.98520307586	a7	a16	a79	4
13	4292.98525180711	a7	a16
12	4292.98530122958	a7	a16	a79	6
13	4292.98533302585	a7	a16
12	4292.98536343968	a7	a16	a79	7
13	4292.98539627279	a7	a16
12	4292.98544569526	a7	a16	a79	8
13	4292.98547541786	a7	a16
12	4292.98552484033	a7	a16	a79	10
13	4292.98555559977	a7	a16
12	4292.98564096586	a7	a16	a79	11
13	4292.98566826918	a7	a16
12	4292.98573911958	a7	a16	a79	13
13	4292.98579510867	a7	a16
12	4292.9858877326	a7	a16	a79	15
13	4293.2032176899	a7	a16
12	4293.2385768755	a7	a16	a79	5
13	4293.23877836711	a7	a16
12	4293.23882813519	a7	a16	a79	9
13	4293.23887029982	a7	a16
12	4293.23891246444	a7	a16	a79	11
13	4293.23896188691	a7	a16
12	4293.23900094103	a7	a16	a79	13
13	4293.23903066364	a7	a16
12	4293.23906660725	a7	a16	a79	15
13	4294.7418992166	a7	a16
12	4294.88154949221	a7	a16	a79	10
13	4294.88165317571	a7	a16
12	4294.88178278009	a7	a16	a79	12
13	4294.88182598155	a7	a16
12	4301.84673603067	a7	a16	a67	2
13	4342.50733594728	a7	a16
12	4347.58295316887	a7	a16	a51	3
13	4347.58595791684	a7	a16
12	4347.60427326232	a7	a16	a69	2
13	4347.62295253691	a7	a16
12	4347.63001165552	a7	a16	a51	2
13	4347.63110897261	a7	a16
12	4347.63251734022	a7	a16	a71	2
13	4347.65083890672	a7	a16
12	4347.65685358682	a7	a16	a71	1
13	4347.66383667086	a7	a16
12	4347.66856014572	a7	a16	a73	1
13	4347.80766297242	a7	a16
12	4347.80790248132	a7	a16	a73	7
13	4347.93948963637	a7	a16
12	4347.98998834171	a7	a16	a77	1
13	4347.99054857825	a7	a16
12	4347.99060767785	a7	a16	a77	7
13	4347.99092425815	a7	a16
12	4347.99103174338	a7	a16	a77	10
13	4347.99131963791	a7	a16
12	4347.99146859655	a7	a16	a77	15
13	4347.99177446288	a7	a16
12	4348.03986045307	a7	a16	a81	3
13	4348.04152526454	a7	a16
12	4348.07657201718	a7	a16	a81	3
13	4348.07801010739	a7	a16
12	4348.15053568207	a7	a16	a51	3
13	4348.1510188472	a7	a16
12	4348.15337591887	a7	a16	a75	1
13	4348.15549313604	a7	a16
12	4348.16480495159	a7	a16	a77	4
13	4348.1651751017	a7	a16
12	4348.16528396938	a7	a16	a77	9
13	4348.16572704356	a7	a16
12	4348.1658642514	a7	a16	a77	14
13	4348.16613728463	a7	a16
12	4348.24017283675	a7	a16	a83	1
13	4348.24123628389	a7	a16
12	4348.24820692591	a7	a16	a81	2
13	4348.24930286056	a7	a16
12	4348.29622310254	a7	a16	a51	2
13	4348.29884283909	a7	a16
12	4348.30135889213	a7	a16	a53	1
13	4348.3120379475	a7	a16
12	4348.32230019518	a7	a16	a53	2
13	4348.32644960904	a7	a16
12	4348.32653290146	a7	a16	a53	6
13	4348.33032875456	a7	a16
12	4348.3437257002	a7	a16	a55	3
13	4348.34964533709	a7	a16
12	4348.35978731191	a7	a16	a57	2
13	4349.01886153207	a7	a16
12	4349.52595716232	a7	a16	a59	1
13	4351.99079988915	a7	a16
12	4351.99090426388	a7	a16	a59	6
13	4354.41949923748	a7	a16
12	4354.41976190236	a7	a16	a59	10
13	4357.31874094209	a7	a16
12	4357.31877792254	a7	a16	a59	15
13	4359.4733757562	a7	a16
12	4359.50856490085	a7	a16	a61	1
13	4360.59188471879	a7	a16
12	4360.59208828408	a7	a16	a61	4
13	4361.55473778317	a7	a16
12	4361.55499837438	a7	a16	a61	10
13	4362.5001730556	a7	a16
12	4362.50037039987	a7	a16	a61	13
13	4363.43756387051	a7	a16
12	4363.57243952072	a7	a16	a61	1
13	4363.96807607467	a7	a16
12	4363.96835463769	a7	a16	a61	7
13	4364.2475753526	a7	a16
12	4364.24769769913	a7	a16	a61	9
13	4364.53346395369	a7	a16
12	4364.53361049304	a7	a16	a61	13
13	4364.81562202228	a7	a16
12	4366.06191572021	a7	a16	a63	2
13	4366.43852911594	a7	a16
12	4367.89486485762	a7	a16	a65	3
13	4399.83798968081	a7	a16
12	4399.83888516068	a7	a16	a65	6
13	4413.31094224019	a7	a16
12	4413.31166906156	a7	a16	a65	7
13	4423.80859847939	a7	a16
12	4423.80903636939	a7	a16	a65	10
13	4441.13188948077	a7	a16
12	4442.3232450913	a7	a16	a79	1
13	4442.32336743783	a7	a16
12	4442.32347941602	a7	a16	a79	6
13	4442.32352158064	a7	a16
12	4442.32361766069	a7	a16	a79	10
13	4442.32365014819	a7	a16
12	4442.32374104406	a7	a16	a79	13
13	4442.32379046653	a7	a16
12	4442.54046099674	a7	a16	a79	10
13	4442.54053910498	a7	a16
12	4442.54064451655	a7	a16	a79	15
13	4443.98780668735	a7	a16
12	4444.1346208019	a7	a16	a79	5
13	4444.13486895109	a7	a16
12	4444.13493945587	a7	a16	a79	13
13	4444.13497850999	a7	a16
12	4444.13502067462	a7	a16	a79	14
13	4444.13505143406	a7	a16
12	4444.13507562687	a7	a16	a79	15
13	4450.8276319196	a7	a16
12	4450.9020752935	a7	a16	a67	2
13	4492.19499735801	a7	a16
12	4496.91074883477	a7	a16	a51	2
13	4496.91381786651	a7	a16
12	4496.91640891729	a7	a16	a69	2
13	4496.9356390969	a7	a16
12	4496.95557570679	a7	a16	a71	3
13	4496.97330765976	a7	a16
12	4496.97592290336	a7	a16	a71	1
13	4496.98260461401	a7	a16
12	4496.98850835276	a7	a16	a73	3
13	4497.1253906244	a7	a16
12	4497.12548981496	a7	a16	a73	7
13	4497.25241674209	a7	a16
12	4497.30620601625	a7	a16	a77	4
13	4497.30658791716	a7	a16
12	4497.30668399721	a7	a16	a77	8
13	4497.30695944972	a7	a16
12	4497.30704481581	a7	a16	a77	11
13	4497.30732026832	a7	a16
12	4497.36827199898	a7	a16	a81	2
13	4497.36986526884	a7	a16
12	4497.40603871556	a7	a16	a81	3
13	4497.40762230829	a7	a16
12	4497.48405675109	a7	a16	a75	3
13	4497.48636198101	a7	a16
12	4497.5067599825	a7	a16	a77	4
13	4497.50720305668	a7	a16
12	4497.50732747688	a7	a16	a77	9
13	4497.50762815904	a7	a16
12	4497.50774324773	a7	a16	a77	14
13	4497.50800694945	a7	a16
12	4497.58230412961	a7	a16	a83	3
13	4497.5833126245	a7	a16
12	4497.59019651799	a7	a16	a81	3
13	4497.59132010157	a7	a16
12	4497.62126078721	a7	a16	a51	1
13	4497.62418016909	a7	a16
12	4497.6265265268	a7	a16	a53	1
13	4497.63775510474	a7	a16
12	4497.63793032987	a7	a16	a53	4
13	4497.64190555544	a7	a16
12	4497.64428785676	a7	a16	a53	3
13	4497.64827483313	a7	a16
12	4497.64830421012	a7	a16	a53	7
13	4497.65223416056	a7	a16
12	4497.65468178249	a7	a16	a55	3
13	4497.66055407059	a7	a16
12	4497.66945840997	a7	a16	a57	1
13	4498.39681201968	a7	a16
12	4498.82986380313	a7	a16	a59	2
13	4500.91359223329	a7	a16
12	4500.91368416599	a7	a16	a59	4
13	4503.72763236355	a7	a16
12	4503.72774088562	a7	a16	a59	10
13	4506.60368559796	a7	a16
12	4506.60380172348	a7	a16	a59	15
13	4508.78076063298	a7	a16
12	4508.8146205551	a7	a16	a61	3
13	4509.91326790554	a7	a16
12	4509.91347354449	a7	a16	a61	7
13	4510.87330181542	a7	a16
12	4510.87344524427	a7	a16	a61	8
13	4511.81791626011	a7	a16
12	4511.81811671488	a7	a16	a61	12
13	4512.77567673634	a7	a16
12	4513.14904794889	a7	a16	a61	3
13	4513.54198562121	a7	a16
12	4513.54209552573	a7	a16	a61	5
13	4513.83390376371	a7	a16
12	4513.8339566423	a7	a16	a61	9
13	4514.1295164951	a7	a16
12	4514.12955347555	a7	a16	a61	14
13	4514.41822425068	a7	a16
12	4515.59947555807	a7	a16	a63	2
13	4515.95977746485	a7	a16
12	4517.44333358262	a7	a16	a65	2
13	4543.37396083776	a7	a16
12	4543.37441013295	a7	a16	a65	5
13	4568.77147239594	a7	a16
12	4568.77224138193	a7	a16	a65	8
13	4587.46181969241	a7	a16
12	4587.46230700488	a7	a16	a65	14
13	4589.93987964681	a7	a16
12	4593.32264350005	a7	a16	a79	9
13	4593.32277863421	a7	a16
12	4593.32283254964	a7	a16	a79	11
13	4593.32286503713	a7	a16
12	4593.32291791572	a7	a16	a79	13
13	4593.32294936638	a7	a16
12	4593.32300950282	a7	a16	a79	15
13	4594.84322810784	a7	a16
12	4595.00811909582	a7	a16	a79	4
13	4595.00834374341	a7	a16
12	4595.00838798171	a7	a16	a79	6
13	4595.00842807267	a7	a16
12	4595.00848924593	a7	a16	a79	10
13	4595.00852622638	a7	a16
12	4595.00856631734	a7	a16	a79	11
13	4595.00859154699	a7	a16
12	4595.0086392414	a7	a16	a79	12
13	4595.00868970071	a7	a16
12	4595.0087425793	a7	a16	a79	14
13	4595.00877402996	a7	a16
12	4602.01518340182	a7	a16	a67	3
13	4645.29209071061	a7	a16
12	4647.89817076189	a7	a16	a51	2
13	4647.90118795188	a7	a16
12	4647.90384674255	a7	a16	a69	2
13	4647.92277071021	a7	a16
12	4647.92507697696	a7	a16	a51	1
13	4647.92638408035	a7	a16
12	4647.92875359404	a7	a16	a71	1
13	4647.94693933515	a7	a16
12	4647.94957669789	a7	a16	a71	3
13	4647.95614228302	a7	a16
12	4647.98454983524	a7	a16	a73	2
13	4648.11821930068	a7	a16
12	4648.11868034667	a7	a16	a73	4
13	4648.25007637846	a7	a16
12	4648.30459074594	a7	a16	a77	4
13	4648.30504418846	a7	a16
12	4648.30509706705	a7	a16	a77	9
13	4648.30538807209	a7	a16
12	4648.30550005027	a7	a16	a77	11
13	4648.30578068696	a7	a16
12	4648.30585015491	a7	a16	a77	15
13	4648.30616984571	a7	a16
12	4648.38575488461	a7	a16	a81	3
13	4648.38732672655	a7	a16
12	4648.42314177395	a7	a16	a81	3
13	4648.42480554859	a7	a16
12	4648.49617263291	a7	a16	a51	3
13	4648.49681097769	a7	a16
12	4648.49920572103	a7	a16	a75	3
13	4648.5011660305	a7	a16
12	4648.50983293465	a7	a16	a77	2
13	4648.5104260043	a7	a16
12	4648.51052312118	a7	a16	a77	7
13	4648.51089119762	a7	a16
12	4648.51100317581	a7	a16	a77	12
13	4648.51126169335	a7	a16
12	4648.58453309804	a7	a16	a83	3
13	4648.58557546287	a7	a16
12	4648.59252709625	a7	a16	a81	3
13	4648.59365897451	a7	a16
12	4648.6241187689	a7	a16	a51	1
13	4648.62692306209	a7	a16
12	4648.62947194824	a7	a16	a53	2
13	4648.64082183589	a7	a16
12	4648.64085017604	a7	a16	a53	7
13	4648.64529612472	a7	a16
12	4648.64668686613	a7	a16	a53	1
13	4648.65083282387	a7	a16
12	4648.65089849009	a7	a16	a53	5
13	4648.6544074855	a7	a16
12	4648.65785530765	a7	a16	a55	3
13	4648.66391111554	a7	a16
12	4648.67311406342	a7	a16	a57	1
13	4649.36517795548	a7	a16
12	4649.7995188705	a7	a16	a59	2
13	4651.98858524845	a7	a16
12	4651.98868547584	a7	a16	a59	4
13	4654.39121614443	a7	a16
12	4654.39139655372	a7	a16	a59	8
13	4656.32560472986	a7	a16
12	4656.32577684448	a7	a16	a59	12
13	4658.66760877015	a7	a16
12	4659.70470682732	a7	a16	a61	1
13	4660.80101611473	a7	a16
12	4660.8012874199	a7	a16	a61	6
13	4661.7550882231	a7	a16
12	4661.75523579929	a7	a16	a61	9
13	4662.81514249943	a7	a16
12	4662.81570273597	a7	a16	a61	14
13	4663.72652603525	a7	a16
12	4664.10251387385	a7	a16	a61	3
13	4664.4434165969	a7	a16
12	4664.44357281338	a7	a16	a61	7
13	4664.74025106558	a7	a16
12	4664.74030290734	a7	a16	a61	11
13	4665.02986397816	a7	a16
12	4665.02991789359	a7	a16	a61	15
13	4665.31726117425	a7	a16
12	4668.16779789816	a7	a16	a63	3
13	4668.52200044997	a7	a16
12	4670.01977192184	a7	a16	a65	1
13	4728.99955327053	a7	a16
12	4729.00028320241	a7	a16	a65	9
13	4734.36723102664	a7	a16
12	4734.36783653831	a7	a16	a65	12
13	4742.04994301541	a7	a16
12	4742.05046419783	a7	a16	a65	14
13	4744.36911733042	a7	a16
12	4744.38717934254	a7	a16	a65	15
13	4745.61871231113	a7	a16
12	4747.46827050916	a7	a16	a79	8
13	4747.46843502032	a7	a16
12	4747.46846232364	a7	a16	a79	10
13	4747.46850898122	a7	a16
12	4747.46858259651	a7	a16	a79	13
13	4747.46862165063	a7	a16
12	4749.32407771202	a7	a16	a79	7
13	4756.52183153563	a7	a16
12	4756.59107483616	a7	a16	a67	2
13	4800.93965139309	a7	a16
12	4812.20463918212	a7	a16	a71	3
13	4812.21726990666	a7	a16
12	4812.2188123716	a7	a16	a71	2
13	4812.2252943187	a7	a16
12	4812.2288444419	a7	a16	a73	1
13	4812.34656323698	a7	a16
12	4812.34675643391	a7	a16	a73	4
13	4812.4768387957	a7	a16
12	4812.56661626873	a7	a16	a77	2
13	4812.56729332201	a7	a16
12	4812.56743052985	a7	a16	a77	7
13	4812.5677723398	a7	a16
12	4812.56782003421	a7	a16	a77	12
13	4812.5680858096	a7	a16
12	4812.56817428619	a7	a16	a77	15
13	4812.56842554588	a7	a16
12	4812.63919230271	a7	a16	a81	2
13	4812.64129811469	a7	a16
12	4812.67626814153	a7	a16	a81	1
13	4812.67794021085	a7	a16
12	4812.75042569458	a7	a16	a51	2
13	4812.75133638136	a7	a16
12	4812.75385347124	a7	a16	a75	1
13	4812.75602598628	a7	a16
12	4812.76495762898	a7	a16	a77	4
13	4812.76528907058	a7	a16
12	4812.76538169451	a7	a16	a77	8
13	4812.76565507336	a7	a16
12	4812.76571520979	a7	a16	a77	12
13	4812.76600310432	a7	a16
12	4812.7661002212	a7	a16	a77	14
13	4812.7664168015	a7	a16
12	4812.85128935353	a7	a16	a83	2
13	4812.85232860786	a7	a16
12	4812.85881055496	a7	a16	a81	1
13	4812.8602168489	a7	a16
12	4812.89073263238	a7	a16	a51	2
13	4812.89346918568	a7	a16
12	4812.89604779444	a7	a16	a53	3
13	4812.90732475802	a7	a16
12	4812.9074336257	a7	a16	a53	6
13	4812.91280996103	a7	a16
12	4812.91532290357	a7	a16	a53	1
13	4812.91953038019	a7	a16
12	4812.91960019375	a7	a16	a53	5
13	4812.92316621509	a7	a16
12	4812.92570438728	a7	a16	a55	2
13	4812.93242929939	a7	a16
12	4812.94236217914	a7	a16	a57	3
13	4813.5699999063	a7	a16
12	4814.36087728882	a7	a16	a59	2
13	4816.45019633355	a7	a16
12	4816.45025439632	a7	a16	a59	4
13	4818.88015439963	a7	a16
12	4818.88034655972	a7	a16	a59	8
13	4820.831250545	a7	a16
12	4820.83135077239	a7	a16	a59	12
13	4823.23597757583	a7	a16
12	4824.504041008	a7	a16	a61	3
13	4825.61428190232	a7	a16
12	4825.61450862359	a7	a16	a61	7
13	4826.57877835025	a7	a16
12	4826.57893871407	a7	a16	a61	8
13	4827.5695347194	a7	a16
12	4827.56970130423	a7	a16	a61	15
13	4828.51965648624	a7	a16
12	4828.5225959136	a7	a16	a61	3
13	4828.85715804473	a7	a16
12	4828.85726138263	a7	a16	a61	6
13	4829.15125043033	a7	a16
12	4829.15135791556	a7	a16	a61	10
13	4829.44481748616	a7	a16
12	4829.44487347526	a7	a16	a61	14
13	4829.72562075696	a7	a16
12	4830.90837893128	a7	a16	a63	0
13	4831.20243018909	a7	a16
12	4832.72745556139	a7	a16	a65	3
13	4864.49862993238	a7	a16
12	4864.49945283379	a7	a16	a65	6
13	4878.14383777346	a7	a16
12	4878.14569025207	a7	a16	a65	7
13	4888.47880387987	a7	a16
12	4888.47954763621	a7	a16	a65	9
13	4893.97260985451	a7	a16
12	4893.97327239211	a7	a16	a65	12
13	4901.622202567	a7	a16
12	4901.62259068892	a7	a16	a65	14
13	4903.91117975249	a7	a16
12	4908.42973418927	a7	a16	a79	3
13	4908.43006666771	a7	a16
12	4908.43011194284	a7	a16	a79	7
13	4908.43015410747	a7	a16
12	4908.43019005108	a7	a16	a79	9
13	4908.43024500334	a7	a16
12	4908.43028302062	a7	a16	a79	11
13	4908.43031343445	a7	a16
12	4908.43036631304	a7	a16	a79	12
13	4908.4303977637	a7	a16
12	4908.43045167912	a7	a16	a79	15
13	4908.65742040063	a7	a16
12	4908.69279099141	a7	a16	a79	6
13	4908.6930273898	a7	a16
12	4908.69312554352	a7	a16	a79	10
13	4908.69317081865	a7	a16
12	4908.69328487051	a7	a16	a79	13
13	4908.69331977729	a7	a16
12	4910.42725013091	a7	a16	a79	10
13	4910.42744747518	a7	a16
12	4917.69823042969	a7	a16	a67	1
13	4959.28929406627	a7	a16
12	4962.88283507931	a7	a16	a51	3
13	4962.8859410915	a7	a16
12	4962.88840150106	a7	a16	a69	3
13	4962.90707662831	a7	a16
12	4962.91039761097	a7	a16	a51	1
13	4962.91125334549	a7	a16
12	4962.92824465262	a7	a16	a71	3
13	4962.94614630093	a7	a16
12	4962.9521481934	a7	a16	a71	2
13	4962.95892771216	a7	a16
12	4962.96353195099	a7	a16	a73	2
13	4963.09325038368	a7	a16
12	4963.09333920589	a7	a16	a73	5
13	4963.22686524248	a7	a16
12	4963.27606721278	a7	a16	a77	2
13	4963.27671523469	a7	a16
12	4963.27679749027	a7	a16	a77	7
13	4963.27722985048	a7	a16
12	4963.27727754489	a7	a16	a77	11
13	4963.27754332028	a7	a16
12	4963.27764562134	a7	a16	a77	15
13	4963.27792003701	a7	a16
12	4963.32623482213	a7	a16	a81	3
13	4963.32775620476	a7	a16
12	4963.37581350917	a7	a16	a81	3
13	4963.37750908008	a7	a16
12	4963.50990738576	a7	a16	a51	2
13	4963.510595153	a7	a16
12	4963.51305141523	a7	a16	a75	1
13	4963.51528786843	a7	a16
12	4963.55292290695	a7	a16	a77	1
13	4963.55340503525	a7	a16
12	4963.5535042258	a7	a16	a77	6
13	4963.55377829586	a7	a16
12	4963.55387333908	a7	a16	a77	10
13	4963.55409487616	a7	a16
12	4963.55412667244	a7	a16	a77	13
13	4963.55444083346	a7	a16
12	4963.55451479436	a7	a16	a77	15
13	4963.55477123823	a7	a16
12	4963.6447985885	a7	a16	a83	3
13	4963.64580189921	a7	a16
12	4963.65240100867	a7	a16	a81	1
13	4963.65369255953	a7	a16
12	4963.71065869627	a7	a16	a51	2
13	4963.7133931759	a7	a16
12	4963.71591890608	a7	a16	a53	3
13	4963.72681949853	a7	a16
12	4963.72690590145	a7	a16	a53	6
13	4963.73169469692	a7	a16
12	4963.73400407418	a7	a16	a53	3
13	4963.73790257396	a7	a16
12	4963.73794059124	a7	a16	a53	7
13	4963.74159094183	a7	a16
12	4963.74944116558	a7	a16	a55	1
13	4963.7554295792	a7	a16
12	4963.77409191882	a7	a16	a57	1
13	4964.64408050662	a7	a16
12	4965.0949993772	a7	a16	a59	2
13	4967.15456229293	a7	a16
12	4967.15463729067	a7	a16	a59	4
13	4969.58072346906	a7	a16
12	4969.58085964007	a7	a16	a59	8
13	4971.53910338064	a7	a16
12	4971.53926063396	a7	a16	a59	12
13	4973.94958138986	a7	a16
12	4975.12915129641	a7	a16	a61	3
13	4976.23522687874	a7	a16
12	4976.23545809296	a7	a16	a61	7
13	4977.19343250282	a7	a16
12	4977.19358007901	a7	a16	a61	8
13	4978.13228041659	a7	a16
12	4978.13244078041	a7	a16	a61	12
13	4979.09322466764	a7	a16
12	4979.14520673832	a7	a16	a61	1
13	4979.48567917483	a7	a16
12	4979.48580808799	a7	a16	a61	6
13	4979.77837909096	a7	a16
12	4979.77842021875	a7	a16	a61	10
13	4980.0802861023	a7	a16
12	4980.0803600632	a7	a16	a61	15
13	4980.38663802549	a7	a16
12	4981.50311824751	a7	a16	a63	1
13	4981.86657455211	a7	a16
12	4983.28673131729	a7	a16	a65	2
13	5009.2396142367	a7	a16
12	5009.24005834771	a7	a16	a65	5
13	5034.70332321965	a7	a16
12	5034.70422630298	a7	a16	a65	8
13	5053.73446160662	a7	a16
12	5053.73487081085	a7	a16	a65	15
13	5054.91254054437	a7	a16
12	5058.1064728884	a7	a16	a79	1
13	5058.10681711764	a7	a16
12	5058.10694672202	a7	a16	a79	8
13	5058.10700167428	a7	a16
12	5058.10712713132	a7	a16	a79	12
13	5058.10715789076	a7	a16
12	5058.38035113793	a7	a16	a79	15
13	5059.88342878596	a7	a16
12	5060.01729870618	a7	a16	a79	5
13	5060.01739167572	a7	a16
12	5060.01750227146	a7	a16	a79	12
13	5060.01753717824	a7	a16
12	5066.61035754293	a7	a16	a67	1
13	5107.77283746388	a7	a16
12	5111.46941845264	a7	a16	a51	3
13	5111.47248437387	a7	a16
12	5111.47498902174	a7	a16	a69	3
13	5111.49370631361	a7	a16
12	5111.49917872899	a7	a16	a71	3
13	5111.51765858564	a7	a16
12	5111.51918826294	a7	a16	a71	2
13	5111.52605453023	a7	a16
12	5111.53076832797	a7	a16	a73	3
13	5111.66532636104	a7	a16
12	5111.66545181808	a7	a16	a73	6
13	5111.79235558923	a7	a16
12	5111.8468105115	a7	a16	a77	3
13	5111.84724321732	a7	a16
12	5111.84732547291	a7	a16	a77	6
13	5111.8476123306	a7	a16
12	5111.84768214416	a7	a16	a77	10
13	5111.84794273537	a7	a16
12	5111.8480975694	a7	a16	a77	14
13	5111.84839410423	a7	a16
12	5111.89807647477	a7	a16	a81	3
13	5111.89970223212	a7	a16
12	5111.93367827977	a7	a16	a81	2
13	5111.93550034456	a7	a16
12	5112.0081282203	a7	a16	a51	3
13	5112.00869778835	a7	a16
12	5112.01118757491	a7	a16	a75	1
13	5112.01345928049	a7	a16
12	5112.03877982917	a7	a16	a77	1
13	5112.03934939722	a7	a16
12	5112.03942957913	a7	a16	a77	7
13	5112.03969570013	a7	a16
12	5112.03972507712	a7	a16	a77	9
13	5112.03998255782	a7	a16
12	5112.04006688707	a7	a16	a77	13
13	5112.04061226231	a7	a16
12	5112.11727688249	a7	a16	a83	3
13	5112.11836244879	a7	a16
12	5112.12520625132	a7	a16	a81	2
13	5112.12632568756	a7	a16
12	5112.15676128913	a7	a16	a51	2
13	5112.15989460464	a7	a16
12	5112.16237402285	a7	a16	a53	2
13	5112.17351274176	a7	a16
12	5112.17359949029	a7	a16	a53	6
13	5112.17733105962	a7	a16
12	5112.17971439778	a7	a16	a53	3
13	5112.18411783623	a7	a16
12	5112.18414859567	a7	a16	a53	7
13	5112.18802255701	a7	a16
12	5112.19052616804	a7	a16	a55	3
13	5112.19627403592	a7	a16
12	5112.2056573931	a7	a16	a57	2
13	5112.89565763781	a7	a16
12	5113.41254168212	a7	a16	a59	3
13	5116.11320562809	a7	a16
12	5116.11328995734	a7	a16	a59	7
13	5118.53187083245	a7	a16
12	5118.5320291226	a7	a16	a59	11
13	5120.86574366669	a7	a16
12	5120.86588813237	a7	a16	a59	14
13	5123.29159863087	a7	a16
12	5123.38204175199	a7	a16	a61	1
13	5124.48417286819	a7	a16
12	5124.48429832523	a7	a16	a61	5
13	5125.46370549796	a7	a16
12	5125.4638544566	a7	a16	a61	11
13	5126.4474943356	a7	a16
12	5126.44759871033	a7	a16	a61	15
13	5127.40666732678	a7	a16
12	5127.40905377545	a7	a16	a61	2
13	5127.71790066937	a7	a16
12	5127.71802543519	a7	a16	a61	5
13	5128.02919967817	a7	a16
12	5128.02933481234	a7	a16	a61	10
13	5128.32065573786	a7	a16
12	5128.32072313213	a7	a16	a61	14
13	5128.615888642	a7	a16
12	5129.74774685582	a7	a16	a63	2
13	5130.10003057158	a7	a16
12	5131.56580427707	a7	a16	a65	1
13	5192.08059330028	a7	a16
12	5192.08151435541	a7	a16	a65	11
13	5200.7530528177	a7	a16
12	5200.75389680143	a7	a16	a65	13
13	5206.90459307602	a7	a16
12	5208.28860577146	a7	a16	a79	5
13	5208.28870807252	a7	a16
12	5208.2887429793	a7	a16	a79	8
13	5208.28880311574	a7	a16
12	5208.28883352956	a7	a16	a79	10
13	5208.28889159233	a7	a16
12	5208.28894239724	a7	a16	a79	12
13	5208.28897937769	a7	a16
12	5208.28903087383	a7	a16	a79	14
13	5208.28906681745	a7	a16
12	5209.99633806835	a7	a16	a79	9
13	5209.99647734986	a7	a16
12	5209.99651640398	a7	a16	a79	11
13	5209.99655442127	a7	a16
12	5209.99662077871	a7	a16	a79	12
13	5209.99665257498	a7	a16
12	5209.99672204293	a7	a16	a79	15
13	5216.75125687863	a7	a16
12	5216.82314203486	a7	a16	a67	1
13	5258.63982477932	a7	a16
12	5261.56475130733	a7	a16	a51	3
13	5261.56773393614	a7	a16
12	5261.5701466513	a7	a16	a69	3
13	5261.58893548479	a7	a16
12	5261.59134301577	a7	a16	a51	1
13	5261.59258479854	a7	a16
12	5261.59502827314	a7	a16	a71	3
13	5261.61244882998	a7	a16
12	5261.61526798447	a7	a16	a71	2
13	5261.62200430177	a7	a16
12	5261.64039982917	a7	a16	a73	1
13	5261.77134414649	a7	a16
12	5261.7715898764	a7	a16	a73	4
13	5261.90328036935	a7	a16
12	5261.95975055333	a7	a16	a77	1
13	5261.96042587856	a7	a16
12	5261.96050053068	a7	a16	a77	7
13	5261.96089521922	a7	a16
12	5261.96095120832	a7	a16	a77	12
13	5261.96123288184	a7	a16
12	5262.01094048203	a7	a16	a81	2
13	5262.01271692608	a7	a16
12	5262.06182212512	a7	a16	a81	1
13	5262.06361999709	a7	a16
12	5262.1346642801	a7	a16	a51	1
13	5262.13555457579	a7	a16
12	5262.13799597671	a7	a16	a75	2
13	5262.13987506743	a7	a16
12	5262.14868228993	a7	a16	a77	1
13	5262.14927950692	a7	a16
12	5262.14935968882	a7	a16	a77	6
13	5262.14966762883	a7	a16
12	5262.14970771979	a7	a16	a77	10
13	5262.14997591445	a7	a16
12	5262.15008339969	a7	a16	a77	14
13	5262.15035988903	a7	a16
12	5262.22377679624	a7	a16	a83	1
13	5262.22485717836	a7	a16
12	5262.23178876626	a7	a16	a81	3
13	5262.23306441898	a7	a16
12	5262.26267988403	a7	a16	a51	1
13	5262.26578796989	a7	a16
12	5262.26829054408	a7	a16	a53	3
13	5262.27965321936	a7	a16
12	5262.27972821709	a7	a16	a53	5
13	5262.28388696246	a7	a16
12	5262.2851425697	a7	a16	a53	1
13	5262.28943644924	a7	a16
12	5262.28947239286	a7	a16	a53	6
13	5262.29324716365	a7	a16
12	5262.31171112216	a7	a16	a55	3
13	5262.31755403326	a7	a16
12	5262.32800498492	a7	a16	a57	3
13	5263.02336048265	a7	a16
12	5263.5250777039	a7	a16	a59	3
13	5266.25267102092	a7	a16
12	5266.25272182584	a7	a16	a59	7
13	5268.66859414219	a7	a16
12	5268.66874932184	a7	a16	a59	11
13	5271.14444287305	a7	a16
12	5271.14470657476	a7	a16	a59	14
13	5273.49794645084	a7	a16
12	5273.5330650907	a7	a16	a61	1
13	5274.63043471475	a7	a16
12	5274.63085152244	a7	a16	a61	6
13	5275.61084208769	a7	a16
12	5275.61118182398	a7	a16	a61	11
13	5276.55745693279	a7	a16
12	5276.55767328571	a7	a16	a61	13
13	5277.54300147778	a7	a16
12	5277.61306353239	a7	a16	a61	2
13	5277.9200019586	a7	a16
12	5277.92005898452	a7	a16	a61	4
13	5278.20089094109	a7	a16
12	5278.20094036356	a7	a16	a61	8
13	5278.48323978734	a7	a16
12	5278.48329162909	a7	a16	a61	12
13	5278.74189729838	a7	a16
12	5279.95010458892	a7	a16	a63	3
13	5280.32771714803	a7	a16
12	5281.78673656442	a7	a16	a65	3
13	5313.62691092532	a7	a16
12	5313.62766746929	a7	a16	a65	6
13	5327.30050523631	a7	a16
12	5327.30175116642	a7	a16	a65	7
13	5337.99495311298	a7	a16
12	5337.9957908757	a7	a16	a65	9
13	5343.63465007337	a7	a16
12	5343.63542458915	a7	a16	a65	12
13	5351.22179593905	a7	a16
12	5351.22228325152	a7	a16	a65	15
13	5352.38606043226	a7	a16
12	5357.65822459825	a7	a16	a79	1
13	5357.65853253826	a7	a16
12	5357.92245993623	a7	a16	a79	14
13	5357.92254011814	a7	a16
12	5359.58184461489	a7	a16	a79	8
13	5359.58187606555	a7	a16
12	5359.58194795278	a7	a16	a79	9
13	5359.58197974906	a7	a16
12	5359.58204818017	a7	a16	a79	12
13	5359.58208723429	a7	a16
12	5359.58212214107	a7	a16	a79	13
13	5359.58214944439	a7	a16
12	5359.58218331434	a7	a16	a79	14
13	5359.58221269133	a7	a16
12	5359.58224656128	a7	a16	a79	15
13	5367.08390883348	a7	a16
12	5367.15746294852	a7	a16	a67	1
13	5408.16702663507	a7	a16
12	5411.68410901249	a7	a16	a51	2
13	5411.68815716212	a7	a16
12	5411.69072090958	a7	a16	a69	1
13	5411.70941158936	a7	a16
12	5411.72589208242	a7	a16	a51	1
13	5411.72713282836	a7	a16
12	5411.72961950441	a7	a16	a71	2
13	5411.74708222588	a7	a16
12	5411.75085941596	a7	a16	a71	2
13	5411.75777510572	a7	a16
12	5411.76237070426	a7	a16	a73	2
13	5411.89764173424	a7	a16
12	5411.89786119765	a7	a16	a73	4
13	5412.03178088595	a7	a16
12	5412.0838389912	a7	a16	a77	5
13	5412.08433701764	a7	a16
12	5412.08440441191	a7	a16	a77	9
13	5412.08466603996	a7	a16
12	5412.0847472587	a7	a16	a77	13
13	5412.08508906866	a7	a16
12	5412.13424265333	a7	a16	a81	2
13	5412.13595930655	a7	a16
12	5412.18802812576	a7	a16	a81	2
13	5412.18967807593	a7	a16
12	5412.26058826161	a7	a16	a51	2
13	5412.26126462367	a7	a16
12	5412.26365521968	a7	a16	a75	1
13	5412.26613463789	a7	a16
12	5412.27505280173	a7	a16	a77	4
13	5412.27533032792	a7	a16
12	5412.27545267445	a7	a16	a77	7
13	5412.27575750395	a7	a16
12	5412.27583042802	a7	a16	a77	11
13	5412.2761079542	a7	a16
12	5412.27618364316	a7	a16	a77	14
13	5412.27648432532	a7	a16
12	5412.36128637257	a7	a16	a83	3
13	5412.36240477197	a7	a16
12	5412.36926758314	a7	a16	a81	2
13	5412.37041847005	a7	a16
12	5412.39977057899	a7	a16	a51	2
13	5412.40267060662	a7	a16
12	5412.40534425859	a7	a16	a53	2
13	5412.41651684745	a7	a16
12	5412.41654968056	a7	a16	a53	6
13	5412.42045751185	a7	a16
12	5412.42399277374	a7	a16	a53	1
13	5412.42804818122	a7	a16
12	5412.42807894066	a7	a16	a53	6
13	5412.43156478009	a7	a16
12	5412.43403659484	a7	a16	a55	2
13	5412.44040690937	a7	a16
12	5412.4491647094	a7	a16	a57	1
13	5413.12688537104	a7	a16
12	5413.61464022593	a7	a16	a59	1
13	5416.0583487984	a7	a16
12	5416.05845213629	a7	a16	a59	6
13	5418.32816043367	a7	a16
12	5418.3283152677	a7	a16	a59	10
13	5421.27484563635	a7	a16
12	5421.27510726439	a7	a16	a59	15
13	5423.50211662088	a7	a16
12	5423.53505445103	a7	a16	a61	1
13	5424.6462437038	a7	a16
12	5424.64637987481	a7	a16	a61	6
13	5425.63018011763	a7	a16
12	5425.63038817586	a7	a16	a61	11
13	5426.55770441024	a7	a16
12	5426.57486990566	a7	a16	a61	15
13	5427.52309910292	a7	a16
12	5427.52547587446	a7	a16	a61	2
13	5427.83782554278	a7	a16
12	5427.83792162283	a7	a16	a61	5
13	5428.14455833004	a7	a16
12	5428.14462261381	a7	a16	a61	11
13	5428.43217810005	a7	a16
12	5428.43228696773	a7	a16	a61	14
13	5428.70128759958	a7	a16
12	5429.90342560337	a7	a16	a63	1
13	5430.29395470788	a7	a16
12	5431.73816915664	a7	a16	a65	3
13	5463.59392196412	a7	a16
12	5463.59497919025	a7	a16	a65	6
13	5477.12052486176	a7	a16
12	5477.12127276544	a7	a16	a65	7
13	5488.2912923396	a7	a16
12	5488.29241488634	a7	a16	a65	9
13	5493.88385408754	a7	a16
12	5493.88465798032	a7	a16	a65	12
13	5501.48082845825	a7	a16
12	5501.48133166886	a7	a16	a65	15
13	5502.62888963895	a7	a16
12	5506.0268040715	a7	a16	a79	1
13	5506.02706362588	a7	a16
12	5506.02713620433	a7	a16	a79	5
13	5506.02717836896	a7	a16
12	5506.0272122389	a7	a16	a79	6
13	5506.02724299834	a7	a16
12	5506.02727548584	a7	a16	a79	7
13	5506.02730831895	a7	a16
12	5506.0273452994	a7	a16	a79	8
13	5506.02737260272	a7	a16
12	5506.02740854634	a7	a16	a79	9
13	5506.02743896017	a7	a16
12	5506.02747283011	a7	a16	a79	10
13	5506.02750877372	a7	a16
12	5506.02754368051	a7	a16	a79	11
13	5506.02756994699	a7	a16
12	5506.02760036082	a7	a16	a79	12
13	5506.02763319393	a7	a16
12	5506.02766706388	a7	a16	a79	13
13	5506.02769333036	a7	a16
12	5506.02772720031	a7	a16	a79	14
13	5506.02775968781	a7	a16
12	5506.02779666826	a7	a16	a79	15
13	5506.24153848507	a7	a16
12	5506.27713406906	a7	a16	a79	9
13	5506.27742714777	a7	a16
12	5507.91316265585	a7	a16	a79	9
13	5507.91323005013	a7	a16
12	5507.91329537073	a7	a16	a79	12
13	5507.91334928615	a7	a16
12	5507.91339352445	a7	a16	a79	14
13	5507.91343154174	a7	a16
12	5515.09293361241	a7	a16	a67	1
13	5556.2395247275	a7	a16
12	5559.77142900752	a7	a16	a51	3
13	5559.77499191835	a7	a16
12	5559.77759057259	a7	a16	a69	3
13	5559.79694171629	a7	a16
12	5559.79936929275	a7	a16	a51	1
13	5559.80045485904	a7	a16
12	5559.80283093935	a7	a16	a71	3
13	5559.82088880414	a7	a16
12	5559.82351994588	a7	a16	a71	1
13	5559.83003576292	a7	a16
12	5559.83491856477	a7	a16	a73	2
13	5559.97270357412	a7	a16
12	5559.97289469738	a7	a16	a73	7
13	5560.10106859147	a7	a16
12	5560.15040673277	a7	a16	a77	1
13	5560.15110002981	a7	a16
12	5560.15112836997	a7	a16	a77	6
13	5560.15152202167	a7	a16
12	5560.15157040731	a7	a16	a77	10
13	5560.151821667	a7	a16
12	5560.15185657378	a7	a16	a77	14
13	5560.15216866113	a7	a16
12	5560.20195125906	a7	a16	a81	3
13	5560.20393576134	a7	a16
12	5560.2397760384	a7	a16	a81	3
13	5560.24119166385	a7	a16
12	5560.31554034015	a7	a16	a75	3
13	5560.31734235947	a7	a16
12	5560.32603380205	a7	a16	a77	8
13	5560.32634277889	a7	a16
12	5560.32642918181	a7	a16	a77	12
13	5560.32671327462	a7	a16
12	5560.32680071437	a7	a16	a77	15
13	5560.32707720372	a7	a16
12	5560.43010784792	a7	a16	a83	2
13	5560.43116265477	a7	a16
12	5560.43817442458	a7	a16	a81	2
13	5560.43933913595	a7	a16
12	5560.47107631112	a7	a16	a51	2
13	5560.47385848516	a7	a16
12	5560.47640218714	a7	a16	a53	2
13	5560.48734701789	a7	a16
12	5560.48744102427	a7	a16	a53	4
13	5560.49243442186	a7	a16
12	5560.49486096148	a7	a16	a53	1
13	5560.49903456815	a7	a16
12	5560.49907776961	a7	a16	a53	6
13	5560.50278514613	a7	a16
12	5560.50512424599	a7	a16	a55	1
13	5560.51183325997	a7	a16
12	5560.52144230157	a7	a16	a57	1
13	5561.2468110634	a7	a16
12	5561.70117153511	a7	a16	a59	1
13	5564.14446813845	a7	a16
12	5564.14461917075	a7	a16	a59	6
13	5566.36939483893	a7	a16
12	5566.36956384305	a7	a16	a59	10
13	5569.35943737276	a7	a16
12	5569.35962642235	a7	a16	a59	15
13	5571.62058003021	a7	a16
12	5571.65450630977	a7	a16	a61	3
13	5572.76284184688	a7	a16
12	5572.76305301562	a7	a16	a61	7
13	5573.72481602075	a7	a16
12	5573.72498156875	a7	a16	a61	8
13	5574.68255403223	a7	a16
12	5574.68269642424	a7	a16	a61	14
13	5575.66524866328	a7	a16
12	5575.66824719024	a7	a16	a61	3
13	5575.98887564079	a7	a16
12	5576.00459544255	a7	a16	a61	7
13	5576.29428024236	a7	a16
12	5576.29435385765	a7	a16	a61	11
13	5576.59455389289	a7	a16
12	5576.5946637974	a7	a16	a61	15
13	5576.88020955171	a7	a16
12	5578.09939450611	a7	a16	a63	2
13	5578.44368180437	a7	a16
12	5579.90808930689	a7	a16	a65	1
13	5640.21577916982	a7	a16
12	5640.21670540912	a7	a16	a65	11
13	5648.59043028484	a7	a16
12	5648.59116782017	a7	a16	a65	13
13	5654.50962444948	a7	a16
12	5656.1282611652	a7	a16	a79	3
13	5656.12866829576	a7	a16
12	5656.12893614481	a7	a16	a79	14
13	5656.12898798657	a7	a16
12	5656.34999974512	a7	a16	a79	2
13	5656.35007992703	a7	a16
12	5656.35013798979	a7	a16	a79	4
13	5656.35017911758	a7	a16
12	5656.3502299225	a7	a16	a79	5
13	5656.35026379244	a7	a16
12	5656.35035745321	a7	a16	a79	9
13	5656.35055065014	a7	a16
12	5656.35062564787	a7	a16	a79	14
13	5656.35065502487	a7	a16
12	5658.06063759942	a7	a16	a79	3
13	5658.06083079635	a7	a16
12	5658.06090786775	a7	a16	a79	8
13	5658.06093828158	a7	a16
12	5658.06099530751	a7	a16	a79	9
13	5658.06103021429	a7	a16
12	5658.06124967771	a7	a16	a79	11
13	5658.06130981414	a7	a16
12	5664.78592400967	a7	a16	a67	3
13	5708.28016853361	a7	a16
12	5709.42726891384	a7	a16	a51	1
13	5709.42998023748	a7	a16
12	5709.43362021972	a7	a16	a69	3
13	5709.4518878708	a7	a16
12	5709.45630098637	a7	a16	a51	3
13	5709.45721063632	a7	a16
12	5709.45852188704	a7	a16	a71	1
13	5709.4766620074	a7	a16
12	5709.47931319462	a7	a16	a71	1
13	5709.48583661512	a7	a16
12	5709.50287216055	a7	a16	a73	3
13	5709.639370112	a7	a16
12	5709.63943646944	a7	a16	a73	7
13	5709.76591099088	a7	a16
12	5709.81935949193	a7	a16	a77	6
13	5709.82001684535	a7	a16
12	5709.82009495359	a7	a16	a77	12
13	5709.82035347112	a7	a16
12	5709.87018652836	a7	a16	a81	2
13	5709.87198612839	a7	a16
12	5709.90561414507	a7	a16	a81	1
13	5709.90749012528	a7	a16
12	5709.97749722764	a7	a16	a51	1
13	5709.97817981071	a7	a16
12	5709.98060635033	a7	a16	a75	3
13	5709.98301491814	a7	a16
12	5709.99080224057	a7	a16	a77	1
13	5709.99141189957	a7	a16
12	5709.99150383228	a7	a16	a77	6
13	5709.99177686551	a7	a16
12	5709.99182248625	a7	a16	a77	9
13	5709.99221164501	a7	a16
12	5709.99230876189	a7	a16	a77	14
13	5709.99255656546	a7	a16
12	5710.06620157638	a7	a16	a83	3
13	5710.06726191303	a7	a16
12	5710.07417863962	a7	a16	a81	2
13	5710.07536235963	a7	a16
12	5710.10476285422	a7	a16	a51	2
13	5710.10744894821	a7	a16
12	5710.10997571522	a7	a16	a53	2
13	5710.12096063693	a7	a16
12	5710.12101973653	a7	a16	a53	5
13	5710.12471432541	a7	a16
12	5710.1271104512	a7	a16	a53	2
13	5710.13094639526	a7	a16
12	5710.13102657717	a7	a16	a53	5
13	5710.13465169811	a7	a16
12	5710.15072402378	a7	a16	a55	1
13	5710.15556224172	a7	a16
12	5710.16634463498	a7	a16	a57	1
13	5710.89943194251	a7	a16
12	5711.33203754127	a7	a16	a59	1
13	5713.79934689868	a7	a16
12	5713.79950207832	a7	a16	a59	6
13	5716.05444930075	a7	a16
12	5716.05462867321	a7	a16	a59	10
13	5719.06829445674	a7	a16
12	5719.06856748997	a7	a16	a59	15
13	5721.34636171827	a7	a16
12	5721.37929954842	a7	a16	a61	2
13	5722.48574873697	a7	a16
12	5722.48591013763	a7	a16	a61	5
13	5723.44156238261	a7	a16
12	5723.44172170959	a7	a16	a61	10
13	5724.38482341194	a7	a16
12	5724.38501557203	a7	a16	a61	14
13	5725.33484702506	a7	a16
12	5725.37887968143	a7	a16	a61	2
13	5725.69253645313	a7	a16
12	5725.6926715873	a7	a16	a61	5
13	5725.99713612509	a7	a16
12	5725.99719833519	a7	a16	a61	10
13	5726.28516095199	a7	a16
12	5726.28531094746	a7	a16	a61	13
13	5726.58192595272	a7	a16
12	5727.7768420548	a7	a16	a63	2
13	5728.15478812919	a7	a16
12	5729.6039800774	a7	a16	a65	3
13	5761.83544319728	a7	a16
12	5761.83585758569	a7	a16	a65	6
13	5776.11075090315	a7	a16
12	5776.11169822477	a7	a16	a65	7
13	5787.35366723893	a7	a16
12	5787.35414210938	a7	a16	a65	9
13	5794.98581623859	a7	a16
12	5794.98664743469	a7	a16	a65	12
13	5803.52447530374	a7	a16
12	5803.524968146	a7	a16	a65	14
13	5805.92379143807	a7	a16
12	5805.93868419107	a7	a16	a65	15
13	5807.08437274758	a7	a16
12	5808.11157386862	a7	a16	a79	2
13	5808.1117594621	a7	a16
12	5808.11181752486	a7	a16	a79	7
13	5808.11185968948	a7	a16
12	5808.11193157671	a7	a16	a79	9
13	5808.11195991687	a7	a16
12	5808.11206221793	a7	a16	a79	12
13	5808.11209297737	a7	a16
12	5808.37216818753	a7	a16	a79	9
13	5808.37221242582	a7	a16
12	5808.37227256226	a7	a16	a79	12
13	5808.37230850587	a7	a16
12	5808.37234341265	a7	a16	a79	14
13	5808.37237486332	a7	a16
12	5808.37242670507	a7	a16	a79	15
13	5809.84521010671	a7	a16
12	5810.05757396974	a7	a16	a79	1
13	5810.05771532492	a7	a16
12	5810.05775645271	a7	a16	a79	5
13	5810.05779032266	a7	a16
12	5810.05786739406	a7	a16	a79	8
13	5810.05789884473	a7	a16
12	5810.05794861281	a7	a16	a79	10
13	5810.05798870376	a7	a16
12	5810.05805091387	a7	a16	a79	13
13	5810.05809826267	a7	a16
12	5817.18917771738	a7	a16	a67	1
13	5858.03018935139	a7	a16
12	5861.79716521881	a7	a16	a51	2
13	5861.80028885719	a7	a16
12	5861.80286124494	a7	a16	a69	2
13	5861.82242459422	a7	a16
12	5861.82745911959	a7	a16	a71	1
13	5861.84690115916	a7	a16
12	5861.84837070004	a7	a16	a71	1
13	5861.8547925107	a7	a16
12	5861.87695866155	a7	a16	a73	3
13	5862.01210319766	a7	a16
12	5862.01214432545	a7	a16	a73	6
13	5862.14259096195	a7	a16
12	5862.19539489721	a7	a16	a77	1
13	5862.1961313957	a7	a16
12	5862.19616180953	a7	a16	a77	5
13	5862.1964804635	a7	a16
12	5862.19654267361	a7	a16	a77	8
13	5862.1968530329	a7	a16
12	5862.19694461999	a7	a16	a77	13
13	5862.19721799883	a7	a16
12	5862.24755530351	a7	a16	a81	2
13	5862.2496168772	a7	a16
12	5862.28525669948	a7	a16	a81	2
13	5862.28708083794	a7	a16
12	5862.3751257596	a7	a16	a51	3
13	5862.37571226263	a7	a16
12	5862.378326815	a7	a16	a75	2
13	5862.38051488256	a7	a16
12	5862.38974513376	a7	a16	a77	6
13	5862.39017991326	a7	a16
12	5862.39021482003	a7	a16	a77	11
13	5862.3904712639	a7	a16
12	5862.39054487919	a7	a16	a77	14
13	5862.39085316481	a7	a16
12	5862.46729071812	a7	a16	a83	3
13	5862.46832133216	a7	a16
12	5862.47510741754	a7	a16	a81	1
13	5862.47650645363	a7	a16
12	5862.50670738487	a7	a16	a51	1
13	5862.50918265574	a7	a16
12	5862.51270305633	a7	a16	a53	3
13	5862.52376919679	a7	a16
12	5862.52383589984	a7	a16	a53	5
13	5862.52789338099	a7	a16
12	5862.52917836523	a7	a16	a53	1
13	5862.53304195822	a7	a16
12	5862.53311591912	a7	a16	a53	5
13	5862.53669645615	a7	a16
12	5862.5402393215	a7	a16	a55	1
13	5862.54627093658	a7	a16
12	5862.55630197005	a7	a16	a57	1
13	5863.36998799554	a7	a16
12	5863.80791947032	a7	a16	a59	1
13	5866.12208345277	a7	a16
12	5866.12224174292	a7	a16	a59	6
13	5868.52835640465	a7	a16
12	5868.52848082486	a7	a16	a59	10
13	5871.46043052786	a7	a16
12	5871.46060540737	a7	a16	a59	15
13	5873.61961739343	a7	a16
12	5873.65257526906	a7	a16	a61	2
13	5874.74871797164	a7	a16
12	5874.74880886751	a7	a16	a61	6
13	5875.7328475824	a7	a16
12	5875.73304492667	a7	a16	a61	11
13	5876.69177795418	a7	a16
12	5876.69197287917	a7	a16	a61	14
13	5877.60778128136	a7	a16
12	5877.63634401322	a7	a16	a61	1
13	5877.9807146039	a7	a16
12	5877.98087496772	a7	a16	a61	7
13	5878.27012809854	a7	a16
12	5878.27017786662	a7	a16	a61	11
13	5878.69727303272	a7	a16
12	5878.69742924921	a7	a16	a61	15
13	5879.00332427375	a7	a16
12	5880.12561146325	a7	a16	a63	2
13	5880.49674276648	a7	a16
12	5881.95510102773	a7	a16	a65	3
13	5914.46683241153	a7	a16
12	5914.46727894182	a7	a16	a65	6
13	5928.28044334651	a7	a16
12	5928.28105093184	a7	a16	a65	7
13	5939.22992050277	a7	a16
12	5939.23044583253	a7	a16	a65	9
13	5945.52458236043	a7	a16
12	5945.52556769933	a7	a16	a65	12
13	5953.54554692188	a7	a16
12	5956.48025979028	a7	a16	a79	3
13	5956.48051519731	a7	a16
12	5956.48060056339	a7	a16	a79	8
13	5956.48064687536	a7	a16
12	5956.48089606138	a7	a16	a79	10
13	5956.48094548385	a7	a16
12	5956.73889379972	a7	a16	a79	12
13	5956.73898987977	a7	a16
12	5956.73908284931	a7	a16	a79	15
13	5958.20715452688	a7	a16
12	5965.37208422658	a7	a16	a67	2
13	6005.73061503998	a7	a16
12	6010.22702751872	a7	a16	a51	2
13	6010.23069273061	a7	a16
12	6010.23327341304	a7	a16	a69	2
13	6010.25279978186	a7	a16
12	6010.25526330193	a7	a16	a51	2
13	6010.2563509419	a7	a16
12	6010.25897378895	a7	a16	a71	3
13	6010.27775847511	a7	a16
12	6010.28122530589	a7	a16	a71	2
13	6010.2878731466	a7	a16
12	6010.29253959553	a7	a16	a73	3
13	6010.43171741997	a7	a16
12	6010.43185773831	a7	a16	a73	6
13	6010.56185162351	a7	a16
12	6010.61288187962	a7	a16	a77	4
13	6010.61346769142	a7	a16
12	6010.61354441721	a7	a16	a77	7
13	6010.61388311666	a7	a16
12	6010.61394325309	a7	a16	a77	13
13	6010.61423771424	a7	a16
12	6010.66389554636	a7	a16	a81	1
13	6010.66537061702	a7	a16
12	6010.71849735359	a7	a16	a81	2
13	6010.71988152837	a7	a16
12	6010.79317747149	a7	a16	a51	3
13	6010.79370383809	a7	a16
12	6010.79604501162	a7	a16	a75	3
13	6010.79791857255	a7	a16
12	6010.80591568127	a7	a16	a77	2
13	6010.80648213881	a7	a16
12	6010.80659619067	a7	a16	a77	7
13	6010.80715435354	a7	a16
12	6010.80721656364	a7	a16	a77	12
13	6010.80747922852	a7	a16
12	6010.80757116122	a7	a16	a77	14
13	6010.80784315762	a7	a16
12	6010.88440443991	a7	a16	a83	3
13	6010.88549622722	a7	a16
12	6010.89236353134	a7	a16	a81	2
13	6010.89349126226	a7	a16
12	6010.92406683656	a7	a16	a51	2
13	6010.92675846035	a7	a16
12	6010.9292333856	a7	a16	a53	1
13	6010.94029537872	a7	a16
12	6010.9403924956	a7	a16	a53	5
13	6010.94434560202	a7	a16
12	6010.94586180047	a7	a16	a53	2
13	6010.94984428388	a7	a16
12	6010.94990027298	a7	a16	a53	6
13	6010.95370476637	a7	a16
12	6010.95641712686	a7	a16	a55	2
13	6010.9634921436	a7	a16
12	6010.97261179906	a7	a16	a57	1
13	6011.7373785646	a7	a16
12	6012.15129002747	a7	a16	a59	2
13	6014.37493278056	a7	a16
12	6014.37504683242	a7	a16	a59	5
13	6016.6566925573	a7	a16
12	6016.65682769146	a7	a16	a59	8
13	6018.62275092362	a7	a16
12	6018.62293444342	a7	a16	a59	12
13	6020.96691227203	a7	a16
12	6022.19147598104	a7	a16	a61	3
13	6023.29498677908	a7	a16
12	6023.29520727933	a7	a16	a61	7
13	6024.25216559085	a7	a16
12	6024.25231765999	a7	a16	a61	8
13	6025.18764482755	a7	a16
12	6025.18784009815	a7	a16	a61	12
13	6026.16192796148	a7	a16
12	6026.20197018537	a7	a16	a61	1
13	6026.52701831812	a7	a16
12	6026.52711336133	a7	a16	a61	7
13	6026.82598382843	a7	a16
12	6026.8261338239	a7	a16	a61	10
13	6027.12089842422	a7	a16
12	6027.12100383578	a7	a16	a61	14
13	6027.41596889087	a7	a16
12	6028.56839687518	a7	a16	a63	2
13	6028.87936893534	a7	a16
12	6030.43290485214	a7	a16	a65	2
13	6056.31451469361	a7	a16
12	6056.31499785874	a7	a16	a65	5
13	6082.02922554323	a7	a16
12	6082.03045695765	a7	a16	a65	8
13	6100.38931737574	a7	a16
12	6100.38965296469	a7	a16	a65	15
13	6101.5604322381	a7	a16
12	6107.9520108693	a7	a16	a79	1
13	6107.95242456648	a7	a16
12	6107.95253930956	a7	a16	a79	7
13	6107.95257732685	a7	a16
12	6107.95263642644	a7	a16	a79	10
13	6107.95272732232	a7	a16
12	6107.95281683574	a7	a16	a79	13
13	6107.95291602629	a7	a16
12	6108.17233278693	a7	a16	a79	11
13	6108.17255743453	a7	a16
12	6109.85316405292	a7	a16	a79	5
13	6109.85327499427	a7	a16
12	6109.8533824795	a7	a16	a79	10
13	6109.85342257046	a7	a16
12	6109.85346577192	a7	a16	a79	12
13	6109.85350586288	a7	a16
12	6109.85371703161	a7	a16	a79	15
13	6116.62776648534	a7	a16
12	6116.69911663469	a7	a16	a67	2
13	6157.1195032989	a7	a16
12	6161.24347011319	a7	a16	a51	1
13	6161.24718682122	a7	a16
12	6161.24980033676	a7	a16	a69	3
13	6161.26886254909	a7	a16
12	6161.2712680064	a7	a16	a51	1
13	6161.2722796118	a7	a16
12	6161.27412897991	a7	a16	a71	1
13	6161.29241909574	a7	a16
12	6161.29489298416	a7	a16	a71	3
13	6161.30141640467	a7	a16
12	6161.30598020693	a7	a16	a73	2
13	6161.43754627967	a7	a16
12	6161.43764547023	a7	a16	a73	5
13	6161.56680781372	a7	a16
12	6161.63531496137	a7	a16	a77	1
13	6161.63611021385	a7	a16
12	6161.63621147807	a7	a16	a77	6
13	6161.63655674415	a7	a16
12	6161.69913872512	a7	a16	a81	1
13	6161.70107864349	a7	a16
12	6161.73511482757	a7	a16	a81	1
13	6161.73670809742	a7	a16
12	6161.80971268989	a7	a16	a51	3
13	6161.81040771499	a7	a16
12	6161.81303712867	a7	a16	a75	2
13	6161.8151830316	a7	a16
12	6161.82301424671	a7	a16	a77	1
13	6161.8235554746	a7	a16
12	6161.82367471063	a7	a16	a77	6
13	6161.8240020049	a7	a16
12	6161.82411882164	a7	a16	a77	10
13	6161.82432687988	a7	a16
12	6161.82440809862	a7	a16	a77	11
13	6161.82463481989	a7	a16
12	6161.82471292813	a7	a16	a77	14
13	6161.82495451069	a7	a16
12	6161.90856730814	a7	a16	a83	2
13	6161.90955264704	a7	a16
12	6161.92424079793	a7	a16	a81	1
13	6161.92547428602	a7	a16
12	6161.95602877801	a7	a16	a51	2
13	6161.95850715938	a7	a16
12	6161.96106745073	a7	a16	a53	2
13	6161.97241319103	a7	a16
12	6161.97251998504	a7	a16	a53	4
13	6161.97612920784	a7	a16
12	6161.97875827591	a7	a16	a53	1
13	6161.98268822634	a7	a16
12	6161.98272209629	a7	a16	a53	6
13	6161.986447099	a7	a16
12	6161.9887903462	a7	a16	a55	2
13	6161.9952840441	a7	a16
12	6162.00442789238	a7	a16	a57	1
13	6162.75524611604	a7	a16
12	6163.20394615962	a7	a16	a59	3
13	6165.9440405968	a7	a16
12	6165.94415050131	a7	a16	a59	7
13	6168.4019538094	a7	a16
12	6168.40222062162	a7	a16	a59	11
13	6170.71745980201	a7	a16
12	6170.71758836956	a7	a16	a59	14
13	6173.05610657042	a7	a16
12	6173.08867494168	a7	a16	a61	1
13	6174.18177280534	a7	a16
12	6174.18184158207	a7	a16	a61	5
13	6175.12105653544	a7	a16
12	6175.12119478011	a7	a16	a61	9
13	6176.0924562311	a7	a16
12	6176.09273479412	a7	a16	a61	14
13	6177.0534785904	a7	a16
12	6177.25947524942	a7	a16	a61	1
13	6177.55808339725	a7	a16
12	6177.55820159645	a7	a16	a61	5
13	6177.83896062895	a7	a16
12	6177.83903666352	a7	a16	a61	9
13	6178.11124560862	a7	a16
12	6178.11130263455	a7	a16	a61	13
13	6178.39031252633	a7	a16
12	6179.72273023618	a7	a16	a63	2
13	6180.08211488956	a7	a16
12	6181.56999357264	a7	a16	a65	1
13	6241.18700371828	a7	a16
12	6241.18792373658	a7	a16	a65	10
13	6258.22246516337	a7	a16
12	6258.25854909666	a7	a16	a79	4
13	6258.258718792	a7	a16
12	6258.25880001074	a7	a16	a79	7
13	6258.25899009717	a7	a16
12	6258.25908064743	a7	a16	a79	13
13	6258.25911348054	a7	a16
12	6258.52731021962	a7	a16	a79	10
13	6258.52735791403	a7	a16
12	6258.52742738198	a7	a16	a79	13
13	6258.5274781869	a7	a16
12	6260.21340204102	a7	a16	a79	1
13	6260.21347461948	a7	a16
12	6260.21351056309	a7	a16	a79	2
13	6260.21354235937	a7	a16
12	6260.21357484686	a7	a16	a79	3
13	6260.21360871681	a7	a16
12	6260.21364362359	a7	a16	a79	4
13	6260.21367507425	a7	a16
12	6260.21385755722	a7	a16	a79	5
13	6260.21390525163	a7	a16
12	6260.21394119525	a7	a16	a79	7
13	6267.36021926929	a7	a16
12	6267.58080177814	a7	a16	a67	1
13	6308.55906479707	a7	a16
12	6312.87243476228	a7	a16	a51	3
13	6312.8752694693	a7	a16
12	6312.87785326224	a7	a16	a69	3
13	6312.89649763005	a7	a16
12	6312.90232464301	a7	a16	a71	1
13	6312.92129077529	a7	a16
12	6312.92279107561	a7	a16	a71	1
13	6312.929453432	a7	a16
12	6312.93421388732	a7	a16	a73	3
13	6313.06849750472	a7	a16
12	6313.06855556748	a7	a16	a73	7
13	6313.1925178376	a7	a16
12	6313.24415498782	a7	a16	a77	3
13	6313.24470969457	a7	a16
12	6313.24478987648	a7	a16	a77	7
13	6313.24510438311	a7	a16
12	6313.24514862141	a7	a16	a77	12
13	6313.24543029493	a7	a16
12	6313.29528132397	a7	a16	a81	3
13	6313.29688807268	a7	a16
12	6313.33189404314	a7	a16	a81	1
13	6313.33368949583	a7	a16
12	6313.41799662715	a7	a16	a51	2
13	6313.41869614519	a7	a16
12	6313.42117660024	a7	a16	a75	3
13	6313.42374864237	a7	a16
12	6313.43252856155	a7	a16	a77	4
13	6313.43300654251	a7	a16
12	6313.43312059436	a7	a16	a77	10
13	6313.43336528743	a7	a16
12	6313.43341056256	a7	a16	a77	13
13	6313.43365110829	a7	a16
12	6313.50773711972	a7	a16	a83	1
13	6313.50881957551	a7	a16
12	6313.51573215476	a7	a16	a81	2
13	6313.51687889433	a7	a16
12	6313.54680990284	a7	a16	a51	3
13	6313.54925856161	a7	a16
12	6313.56469046883	a7	a16	a53	1
13	6313.57599404451	a7	a16
12	6313.57604139331	a7	a16	a53	4
13	6313.58060139385	a7	a16
12	6313.58067742842	a7	a16	a53	7
13	6313.58459666489	a7	a16
12	6313.58626147637	a7	a16	a53	3
13	6313.59037079927	a7	a16
12	6313.59040881656	a7	a16	a53	7
13	6313.59417529267	a7	a16
12	6313.59672106832	a7	a16	a55	3
13	6313.60309656702	a7	a16
12	6313.62067230351	a7	a16	a57	2
13	6314.36784639759	a7	a16
12	6314.80008599358	a7	a16	a59	3
13	6317.61283457299	a7	a16
12	6317.6129444775	a7	a16	a59	7
13	6320.01270022989	a7	a16
12	6320.0127890521	a7	a16	a59	11
13	6322.34076091247	a7	a16
12	6322.34086978015	a7	a16	a59	14
13	6324.6108110198	a7	a16
12	6324.75933314729	a7	a16	a61	1
13	6325.85318340758	a7	a16
12	6325.85326877367	a7	a16	a61	4
13	6326.88966420229	a7	a16
12	6326.88983113273	a7	a16	a61	9
13	6327.81866252872	a7	a16
12	6327.81884293802	a7	a16	a61	13
13	6328.74457039549	a7	a16
12	6328.77458158592	a7	a16	a61	3
13	6329.10363363	a7	a16
12	6329.10376323439	a7	a16	a61	6
13	6329.40211182785	a7	a16
12	6329.40221309207	a7	a16	a61	10
13	6329.70439762959	a7	a16
12	6329.70444912573	a7	a16	a61	14
13	6329.99133066919	a7	a16
12	6331.1230496015	a7	a16	a63	1
13	6331.52030361812	a7	a16
12	6332.97293198329	a7	a16	a65	1
13	6392.21262161169	a7	a16
12	6392.21330626843	a7	a16	a65	11
13	6400.36964969071	a7	a16
12	6400.37033123694	a7	a16	a65	13
13	6406.22599609899	a7	a16
12	6408.54989388886	a7	a16	a79	7
13	6408.55008466651	a7	a16
12	6408.802122677	a7	a16	a79	8
13	6408.80221979388	a7	a16
12	6408.80235389122	a7	a16	a79	11
13	6408.80239398217	a7	a16
12	6408.80250907086	a7	a16	a79	15
13	6410.26490476778	a7	a16
12	6410.48607274281	a7	a16	a79	10
13	6410.48618990517	a7	a16
12	6410.48626801341	a7	a16	a79	11
13	6410.48634819532	a7	a16
12	6410.48644945954	a7	a16	a79	15
13	6416.97110961144	a7	a16
12	6417.04095220264	a7	a16	a67	1
13	6457.92428606081	a7	a16
12	6461.49373897644	a7	a16	a51	1
13	6461.4971076535	a7	a16
12	6461.49969352011	a7	a16	a69	2
13	6461.51898038004	a7	a16
12	6461.52546578325	a7	a16	a71	3
13	6461.54372617648	a7	a16
12	6461.56311015329	a7	a16	a71	3
13	6461.56990557019	a7	a16
12	6461.57440405184	a7	a16	a73	3
13	6461.70722331255	a7	a16
12	6461.70743344445	a7	a16	a73	5
13	6461.84050050873	a7	a16
12	6461.89530691808	a7	a16	a77	5
13	6461.89579319371	a7	a16
12	6461.89582706366	a7	a16	a77	9
13	6461.89610147933	a7	a16
12	6461.89612878266	a7	a16	a77	13
13	6461.8963904107	a7	a16
12	6461.94554295854	a7	a16	a81	2
13	6461.94723956628	a7	a16
12	6461.98227802424	a7	a16	a81	3
13	6461.98416229913	a7	a16
12	6462.05479288496	a7	a16	a51	3
13	6462.05529609557	a7	a16
12	6462.05753704171	a7	a16	a75	2
13	6462.0597081743	a7	a16
12	6462.0684829093	a7	a16	a77	4
13	6462.06878359147	a7	a16
12	6462.06882264559	a7	a16	a77	8
13	6462.06907701578	a7	a16
12	6462.06912954876	a7	a16	a77	11
13	6462.06939013997	a7	a16
12	6462.06946099036	a7	a16	a77	13
13	6462.06980591082	a7	a16
12	6462.14421264989	a7	a16	a83	3
13	6462.14520213613	a7	a16
12	6462.1520113775	a7	a16	a81	2
13	6462.15316572052	a7	a16
12	6462.18362724296	a7	a16	a51	3
13	6462.18605067208	a7	a16
12	6462.1885954109	a7	a16	a53	2
13	6462.1997458806	a7	a16
12	6462.19988308844	a7	a16	a53	5
13	6462.20364126987	a7	a16
12	6462.20605087452	a7	a16	a53	3
13	6462.21003474038	a7	a16
12	6462.21010731883	a7	a16	a53	7
13	6462.21377149389	a7	a16
12	6462.2162422718	a7	a16	a55	3
13	6462.22285105839	a7	a16
12	6462.23233464295	a7	a16	a57	2
13	6462.93149878142	a7	a16
12	6463.37772908392	a7	a16	a59	2
13	6465.55524408261	a7	a16
12	6465.55533878022	a7	a16	a59	4
13	6467.97713868253	a7	a16
12	6467.97727900087	a7	a16	a59	9
13	6469.94005612989	a7	a16
12	6469.94027870381	a7	a16	a59	13
13	6472.17813266366	a7	a16
12	6473.41766896197	a7	a16	a61	2
13	6474.52227189292	a7	a16
12	6474.52239112895	a7	a16	a61	6
13	6475.49716779636	a7	a16
12	6475.49732401284	a7	a16	a61	11
13	6476.48955407021	a7	a16
12	6476.49632529429	a7	a16	a61	13
13	6477.33761048627	a7	a16
12	6477.48756448296	a7	a16	a61	2
13	6477.797462382	a7	a16
12	6477.79754152708	a7	a16	a61	5
13	6478.10140228126	a7	a16
12	6478.10147416849	a7	a16	a61	11
13	6478.40511234875	a7	a16
12	6478.40516211683	a7	a16	a61	15
13	6478.69700940893	a7	a16
12	6479.82346191043	a7	a16	a63	2
13	6480.23206063052	a7	a16
12	6481.6994842862	a7	a16	a65	3
13	6512.67911597217	a7	a16
12	6512.6800104152	a7	a16	a65	6
13	6526.06280290943	a7	a16
12	6526.06380310964	a7	a16	a65	7
13	6536.83622789405	a7	a16
12	6536.83700344667	a7	a16	a65	9
13	6542.4707227074	a7	a16
12	6542.47130921043	a7	a16	a65	12
13	6549.98513079283	a7	a16
12	6549.98565819626	a7	a16	a65	14
13	6552.32831717068	a7	a16
12	6556.08090867989	a7	a16	a79	11
13	6556.08106074903	a7	a16
12	6556.29241162423	a7	a16	a79	11
13	6556.29248351146	a7	a16
12	6556.29258581251	a7	a16	a79	15
13	6557.76746016483	a7	a16
12	6557.89769459576	a7	a16	a79	11
13	6557.89780657395	a7	a16
12	6557.89792373631	a7	a16	a79	15
13	6564.48108010714	a7	a16
12	6564.54922920109	a7	a16	a67	1
13	6605.40205729852	a7	a16
12	6608.9424038351	a7	a16	a51	2
13	6608.94589071136	a7	a16
12	6608.94845342199	a7	a16	a69	1
13	6608.96789442472	a7	a16
12	6608.97042844958	a7	a16	a51	2
13	6608.97154788582	a7	a16
12	6608.97398721307	a7	a16	a71	2
13	6608.9934544823	a7	a16
12	6608.99621246352	a7	a16	a71	1
13	6609.00298126832	a7	a16
12	6609.0078091179	a7	a16	a73	2
13	6609.14572615092	a7	a16
12	6609.14589515503	a7	a16	a73	7
13	6609.27228914895	a7	a16
12	6609.329571866	a7	a16	a77	3
13	6609.3301784145	a7	a16
12	6609.33025755958	a7	a16	a77	9
13	6609.3305834714	a7	a16
12	6609.33067436727	a7	a16	a77	13
13	6609.33094981978	a7	a16
12	6609.40951530422	a7	a16	a81	1
13	6609.41153989745	a7	a16
12	6609.44804789628	a7	a16	a81	3
13	6609.44947008835	a7	a16
12	6609.52017912803	a7	a16	a51	2
13	6609.52082265698	a7	a16
12	6609.52086378477	a7	a16	a51	3
13	6609.52132794126	a7	a16
12	6609.52373547224	a7	a16	a75	1
13	6609.52573794633	a7	a16
12	6609.53442074862	a7	a16	a77	1
13	6609.53485656495	a7	a16
12	6609.53503282691	a7	a16	a77	4
13	6609.53532072144	a7	a16
12	6609.53541887516	a7	a16	a77	9
13	6609.53570365919	a7	a16
12	6609.53580596024	a7	a16	a77	12
13	6609.53608452326	a7	a16
12	9.77905662777878	a7	a17	a21	1
13	9.78975123567365	a7	a17
12	15.485718962107	a7	a17	a21	2
13	15.4986780177438	a7	a17
12	21.8335593980821	a7	a17	a23	1
13	21.8349784796494	a7	a17
12	21.8363277476568	a7	a17	a25	3
13	21.8377288574165	a7	a17
12	21.852604675443	a7	a17	a23	3
13	21.8534731976005	a7	a17
12	21.8547433205326	a7	a17	a25	2
13	21.8651776828308	a7	a17
12	25.4302689790274	a7	a17	a29	7
13	25.4472253793809	a7	a17
12	25.4472696176762	a7	a17	a29	11
13	25.4627530210401	a7	a17
12	25.462788964655	a7	a17	a29	15
13	25.4792601262067	a7	a17
12	25.4792915768698	a7	a17	a29	19
13	25.4956244937485	a7	a17
12	25.4956625110336	a7	a17	a29	23
13	25.513394464002	a7	a17
12	25.5134269515001	a7	a17	a29	27
13	25.530221951198	a7	a17
12	25.530258931648	a7	a17	a29	31
13	25.5452519120347	a7	a17
12	25.5453289834399	a7	a17	a29	36
13	25.5635323507429	a7	a17
12	25.563602855526	a7	a17	a29	39
13	25.5779619840876	a7	a17
12	27.1434080250714	a7	a17	a33	16
13	27.3732895618356	a7	a17
12	27.3733614490655	a7	a17	a33	20
13	27.5841016284211	a7	a17
12	27.5841679858641	a7	a17	a33	23
13	27.7935274465493	a7	a17
12	27.7935927671572	a7	a17	a33	26
13	27.9985650331481	a7	a17
12	27.9986410677182	a7	a17	a33	29
13	28.1989261480748	a7	a17
12	28.1989925055177	a7	a17	a33	32
13	28.4228887391691	a7	a17
12	28.4229436914266	a7	a17	a33	36
13	28.6238723007354	a7	a17
12	28.6239134285256	a7	a17	a33	40
13	28.8379642221853	a7	a17
12	28.838024358618	a7	a17	a33	44
13	29.0412602715174	a7	a17
12	29.0413245552903	a7	a17	a33	48
13	29.2537558126071	a7	a17
12	29.2538359945174	a7	a17	a33	52
13	29.7144116011107	a7	a17
12	29.714560214134	a7	a17	a33	59
13	29.9326636503796	a7	a17
12	29.9327490164651	a7	a17	a33	63
13	30.1481324887714	a7	a17
12	30.1482147443518	a7	a17	a33	67
13	30.3488119120574	a7	a17
12	30.34890695527	a7	a17	a33	71
13	30.568812065215	a7	a17
12	30.5688839524449	a7	a17	a33	75
13	30.7882689168081	a7	a17
12	30.7883449513782	a7	a17	a33	78
13	30.9582566402655	a7	a17
12	33.324706486061	a7	a17	a43	3
13	33.557819492054	a7	a17
12	33.5580800832624	a7	a17	a43	6
13	33.7192858138744	a7	a17
12	33.7249040773807	a7	a17	a33	2
13	33.9016080726588	a7	a17
12	33.9016640617513	a7	a17	a33	5
13	34.072334368281	a7	a17
12	34.0723775697413	a7	a17	a33	8
13	36.7789348861141	a7	a17
12	36.7791277374328	a7	a17	a33	54
13	36.9661478958138	a7	a17
12	36.966190060439	a7	a17	a33	57
13	37.1331965375254	a7	a17
12	37.1332300618586	a7	a17	a33	60
13	37.3223138675941	a7	a17
12	37.3223601795596	a7	a17	a33	63
13	37.4979430105405	a7	a17
12	37.4979893225059	a7	a17	a33	66
13	37.6719640223295	a7	a17
12	37.6720020396145	a7	a17	a33	70
13	37.8490195046884	a7	a17
12	37.8490509553515	a7	a17	a33	73
13	38.0121461450301	a7	a17
12	38.0121851991502	a7	a17	a33	76
13	38.1854828456883	a7	a17
12	38.1855502399663	a7	a17	a33	78
13	38.4197277299406	a7	a17
12	40.693066332427	a7	a17	a45	3
13	41.0658710874249	a7	a17
12	41.0661064489804	a7	a17	a45	6
13	41.4149990229083	a7	a17
12	42.8680956919034	a7	a17	a47	3
13	864.680270931861	a7	a17
12	866.967087353119	a7	a17	a57	2
13	869.119432489833	a7	a17
12	874.547769934734	a7	a17	a59	1
13	877.167041983925	a7	a17
12	877.167401765686	a7	a17	a59	4
13	879.690323498882	a7	a17
12	879.691157805483	a7	a17	a59	5
13	882.188192532456	a7	a17
12	882.188418216885	a7	a17	a59	8
13	885.431818652215	a7	a17
12	885.432211267086	a7	a17	a59	11
13	889.962359247745	a7	a17
12	889.96388270404	a7	a17	a59	15
13	894.300332617393	a7	a17
12	894.4529557731	a7	a17	a61	1
13	895.609308523676	a7	a17
12	895.609573262224	a7	a17	a61	3
13	896.476520121617	a7	a17
12	896.476761704183	a7	a17	a61	5
13	897.575954429858	a7	a17
12	897.576229882368	a7	a17	a61	9
13	898.371034104824	a7	a17
12	898.371319925686	a7	a17	a61	12
13	899.194381013669	a7	a17
12	899.194684806337	a7	a17	a61	15
13	900.198760704111	a7	a17
12	900.281479058524	a7	a17	a61	1
13	902.020358571437	a7	a17
12	902.020596006663	a7	a17	a61	9
13	902.283413299908	a7	a17
12	902.283566405884	a7	a17	a61	12
13	902.537551938201	a7	a17
12	902.537757922764	a7	a17	a61	15
13	903.472743280367	a7	a17
12	904.4101880107	a7	a17	a63	1
13	904.815587749061	a7	a17
12	911.759920424229	a7	a17	a65	3
13	963.496330317759	a7	a17
12	963.496739867602	a7	a17	a65	6
13	983.224142019795	a7	a17
12	983.224622074422	a7	a17	a65	9
13	993.87172806286	a7	a17
12	993.872057085181	a7	a17	a65	11
13	1002.90176814068	a7	a17
12	1002.90217665369	a7	a17	a65	15
13	1004.85631003453	a7	a17
12	1009.18682614091	a7	a17	a67	2
13	1052.61221479501	a7	a17
12	1067.06152968819	a7	a17	a73	2
13	1067.16333755826	a7	a17
12	1067.1634747661	a7	a17	a73	5
13	1067.26511052155	a7	a17
12	1067.46462868959	a7	a17	a51	1
13	1067.46573948553	a7	a17
12	1067.47333153736	a7	a17	a75	1
13	1067.47569586688	a7	a17
12	1067.50237536068	a7	a17	a49	2
13	1067.50388913985	a7	a17
12	1067.52630413112	a7	a17	a77	3
13	1067.52710180288	a7	a17
12	1067.52718198479	a7	a17	a77	7
13	1067.52748681429	a7	a17
12	1067.52755248051	a7	a17	a77	10
13	1067.52785731002	a7	a17
12	1067.52793230775	a7	a17	a77	13
13	1067.52824957927	a7	a17
12	1067.66026391037	a7	a17	a51	1
13	1067.66222110933	a7	a17
12	1067.66228435626	a7	a17	a51	3
13	1067.66397439739	a7	a17
12	1067.66665841772	a7	a17	a53	1
13	1067.67973221643	a7	a17
12	1067.67996965166	a7	a17	a53	3
13	1067.68499588235	a7	a17
12	1067.68507088009	a7	a17	a53	6
13	1067.68876857947	a7	a17
12	1067.69245694735	a7	a17	a53	1
13	1067.69627422838	a7	a17
12	1067.69634058582	a7	a17	a53	3
13	1067.70010291459	a7	a17
12	1067.70015855807	a7	a17	a53	5
13	1067.70375222835	a7	a17
12	1067.70380683499	a7	a17	a53	7
13	1067.70733380221	a7	a17
12	1067.70979317494	a7	a17	a55	1
13	1067.71534991957	a7	a17
12	1067.71539312103	a7	a17	a55	3
13	1067.72054169826	a7	a17
12	1067.72963093989	a7	a17	a57	1
13	1068.73447271315	a7	a17
12	1068.73482074411	a7	a17	a57	3
13	1069.15940504134	a7	a17
12	1069.89365083923	a7	a17	a59	3
13	1072.68332500028	a7	a17
12	1072.68386311767	a7	a17	a59	6
13	1074.89244756976	a7	a17
12	1074.8927209486	a7	a17	a59	9
13	1076.91072233148	a7	a17
12	1076.91112013053	a7	a17	a59	12
13	1079.73440744696	a7	a17
12	1081.44257728824	a7	a17	a61	3
13	1082.61669689856	a7	a17
12	1082.61697857209	a7	a17	a61	5
13	1083.51384088747	a7	a17
12	1083.51412463466	a7	a17	a61	8
13	1084.32403347008	a7	a17
12	1084.32427954559	a7	a17	a61	12
13	1085.16305490554	a7	a17
12	1085.16331860726	a7	a17	a61	15
13	1086.03095461634	a7	a17
12	1086.88533814548	a7	a17	a61	2
13	1087.3562485782	a7	a17
12	1087.35660110212	a7	a17	a61	4
13	1087.6284958862	a7	a17
12	1087.62874576344	a7	a17	a61	7
13	1088.02917940754	a7	a17
12	1088.02943999875	a7	a17	a61	12
13	1088.3075288354	a7	a17
12	1090.08794603395	a7	a17	a63	1
13	1090.47657081809	a7	a17
12	1093.42953025525	a7	a17	a65	3
13	1128.8435485282	a7	a17
12	1128.84427016539	a7	a17	a65	6
13	1143.1864074198	a7	a17
12	1143.18704161724	a7	a17	a65	7
13	1156.78074605983	a7	a17
12	1156.78207839286	a7	a17	a65	9
13	1162.61802057866	a7	a17
12	1162.61902388937	a7	a17	a65	10
13	1181.18242974302	a7	a17
12	1181.21766243474	a7	a17	a79	3
13	1181.24902496685	a7	a17
12	1181.49501373606	a7	a17	a79	2
13	1181.49524045733	a7	a17
12	1181.49536487753	a7	a17	a79	6
13	1181.49540911583	a7	a17
12	1181.49546821543	a7	a17	a79	9
13	1181.49550312221	a7	a17
12	1181.4955739726	a7	a17	a79	10
13	1181.49562443191	a7	a17
12	1181.49567938416	a7	a17	a79	14
13	1181.49571429094	a7	a17
12	1183.16479026678	a7	a17	a79	13
13	1183.16491572383	a7	a17
12	1191.63075302509	a7	a17	a67	2
13	1234.27691141035	a7	a17
12	1243.67577687026	a7	a17	a51	2
13	1243.67882378285	a7	a17
12	1243.68145077725	a7	a17	a69	3
13	1243.70109534527	a7	a17
12	1243.70374791493	a7	a17	a51	2
13	1243.70500974318	a7	a17
12	1243.70746254929	a7	a17	a71	2
13	1243.7254561303	a7	a17
12	1243.73596099738	a7	a17	a71	1
13	1243.74300007051	a7	a17
12	1243.74785522343	a7	a17	a73	2
13	1243.87285882155	a7	a17
12	1243.87315120903	a7	a17	a73	6
13	1243.99944290189	a7	a17
12	1244.05065494974	a7	a17	a77	1
13	1244.05135101167	a7	a17
12	1244.05141564105	a7	a17	a77	4
13	1244.05181862428	a7	a17
12	1244.05185214861	a7	a17	a77	8
13	1244.05216147106	a7	a17
12	1244.05222679167	a7	a17	a77	11
13	1244.05253058434	a7	a17
12	1244.05261283992	a7	a17	a77	14
13	1244.05287999775	a7	a17
12	1244.12937457699	a7	a17	a81	1
13	1244.13115655083	a7	a17
12	1244.16679948361	a7	a17	a81	1
13	1244.16854136649	a7	a17
12	1244.24952405904	a7	a17	a51	3
13	1244.25008947975	a7	a17
12	1244.25269228133	a7	a17	a75	2
13	1244.25474210421	a7	a17
12	1244.26395680289	a7	a17	a77	4
13	1244.2643300635	a7	a17
12	1244.26439123677	a7	a17	a77	8
13	1244.26464975431	a7	a17
12	1244.26474790803	a7	a17	a77	11
13	1244.26501575708	a7	a17
12	1244.26510768979	a7	a17	a77	14
13	1244.26540007727	a7	a17
12	1244.36193909724	a7	a17	a83	2
13	1244.36318606419	a7	a17
12	1244.37011868893	a7	a17	a81	3
13	1244.37124434618	a7	a17
12	1244.40286643265	a7	a17	a51	3
13	1244.40550932519	a7	a17
12	1244.40804576932	a7	a17	a53	2
13	1244.41848289652	a7	a17
12	1244.41852851726	a7	a17	a53	4
13	1244.42209972277	a7	a17
12	1244.42475090998	a7	a17	a53	3
13	1244.42868293409	a7	a17
12	1244.42876104233	a7	a17	a53	7
13	1244.43250332563	a7	a17
12	1244.43487180249	a7	a17	a55	3
13	1244.44118923843	a7	a17
12	1244.45015371424	a7	a17	a57	1
13	1245.14151497776	a7	a17
12	1245.5884181862	a7	a17	a59	3
13	1248.22449352977	a7	a17
12	1248.22454744519	a7	a17	a59	7
13	1250.71023193891	a7	a17
12	1250.71044829183	a7	a17	a59	10
13	1253.42666096176	a7	a17
12	1253.42686487266	a7	a17	a59	13
13	1255.71131281706	a7	a17
12	1258.44593691253	a7	a17	a61	1
13	1259.36811217313	a7	a17
12	1259.36887079078	a7	a17	a61	4
13	1261.01388286202	a7	a17
12	1261.01423089298	a7	a17	a61	10
13	1261.84845420147	a7	a17
12	1261.84860385132	a7	a17	a61	14
13	1262.65504827524	a7	a17
12	1264.72997674074	a7	a17	a61	1
13	1265.038218123	a7	a17
12	1265.03839231128	a7	a17	a61	4
13	1265.327009171	a7	a17
12	1265.32719891181	a7	a17	a61	7
13	1265.61586865011	a7	a17
12	1265.61598684931	a7	a17	a61	12
13	1265.90082893822	a7	a17
12	1265.90098826521	a7	a17	a61	15
13	1266.25884946229	a7	a17
12	1267.38309074025	a7	a17	a63	2
13	1267.64952244047	a7	a17
12	1267.64961748368	a7	a17	a63	3
13	1267.91985160362	a7	a17
12	1269.93845020349	a7	a17	a65	1
13	1333.42285438205	a7	a17
12	1333.42361507336	a7	a17	a65	10
13	1350.23101670086	a7	a17
12	1350.39444125847	a7	a17	a79	7
13	1350.3946700534	a7	a17
12	1350.39476924395	a7	a17	a79	13
13	1350.39480000339	a7	a17
12	1350.65046935583	a7	a17	a79	13
13	1350.65054435356	a7	a17
12	1352.28666349061	a7	a17	a79	5
13	1352.28698629192	a7	a17
12	1359.60427579123	a7	a17	a67	3
13	1403.21853466304	a7	a17
12	1404.97834925799	a7	a17	a51	2
13	1404.9808877758	a7	a17
12	1404.98449388809	a7	a17	a69	1
13	1405.00473256259	a7	a17
12	1405.02726782672	a7	a17	a51	1
13	1405.02823519382	a7	a17
12	1405.04014013383	a7	a17	a71	2
13	1405.05709549734	a7	a17
12	1405.05714077247	a7	a17	a71	3
13	1405.0634340156	a7	a17
12	1405.06561275164	a7	a17	a71	2
13	1405.07189320713	a7	a17
12	1405.08187481812	a7	a17	a73	2
13	1405.1849846074	a7	a17
12	1405.18505614902	a7	a17	a73	3
13	1405.28595886209	a7	a17
12	1405.28651909863	a7	a17	a73	6
13	1405.38294199308	a7	a17
12	1405.448250159	a7	a17	a77	2
13	1405.44883458835	a7	a17
12	1405.44890440191	a7	a17	a77	6
13	1405.44917639831	a7	a17
12	1405.52370548391	a7	a17	a81	2
13	1405.52537478833	a7	a17
12	1405.56093857605	a7	a17	a81	1
13	1405.56282388777	a7	a17
12	1405.64362202368	a7	a17	a51	1
13	1405.64426866314	a7	a17
12	1405.6473916103	a7	a17	a75	2
13	1405.64963670379	a7	a17
12	1405.65961485866	a7	a17	a77	4
13	1405.66002544534	a7	a17
12	1405.66010147991	a7	a17	a77	7
13	1405.66035239399	a7	a17
12	1405.66042428122	a7	a17	a77	10
13	1405.66066275328	a7	a17
12	1405.66075537721	a7	a17	a77	13
13	1405.66107092068	a7	a17
12	1405.73523918769	a7	a17	a83	1
13	1405.73621208457	a7	a17
12	1405.73630056116	a7	a17	a83	3
13	1405.73729972454	a7	a17
12	1405.74462358169	a7	a17	a81	1
13	1405.74578103522	a7	a17
12	1405.7773619939	a7	a17	a51	1
13	1405.77919788316	a7	a17
12	1405.77929811055	a7	a17	a51	3
13	1405.78076039358	a7	a17
12	1405.78313198094	a7	a17	a53	1
13	1405.7920681166	a7	a17
12	1405.79213551087	a7	a17	a53	3
13	1405.79649609347	a7	a17
12	1405.7965710912	a7	a17	a53	6
13	1405.79986995471	a7	a17
12	1405.80282320653	a7	a17	a53	1
13	1405.80665292959	a7	a17
12	1405.80672654487	a7	a17	a53	4
13	1405.81025454893	a7	a17
12	1405.81034751847	a7	a17	a53	6
13	1405.81376354434	a7	a17
12	1405.81661103899	a7	a17	a55	2
13	1405.82089973435	a7	a17
12	1405.82093567797	a7	a17	a55	3
13	1405.82409145824	a7	a17
12	1405.83346824879	a7	a17	a57	2
13	1406.43843557765	a7	a17
12	1407.29299847925	a7	a17	a59	2
13	1409.52789953288	a7	a17
12	1409.52808616319	a7	a17	a59	4
13	1411.86249607798	a7	a17
12	1411.86263847	a7	a17	a59	7
13	1414.18929804282	a7	a17
12	1414.18940552805	a7	a17	a59	12
13	1416.49863521251	a7	a17
12	1416.4987796782	a7	a17	a59	15
13	1418.51308647219	a7	a17
12	1421.07079540365	a7	a17	a61	2
13	1421.97460589629	a7	a17
12	1421.9747894161	a7	a17	a61	3
13	1422.82638800629	a7	a17
12	1422.82659260841	a7	a17	a61	6
13	1423.69889264715	a7	a17
12	1423.69913319288	a7	a17	a61	10
13	1424.54017300057	a7	a17
12	1424.54035652038	a7	a17	a61	14
13	1425.3488158604	a7	a17
12	1425.97155488757	a7	a17	a61	1
13	1426.27230790151	a7	a17
12	1426.27242817437	a7	a17	a61	4
13	1426.55420330522	a7	a17
12	1426.55429592915	a7	a17	a61	8
13	1426.81474681921	a7	a17
12	1426.81489577785	a7	a17	a61	12
13	1427.07472422126	a7	a17
12	1429.98014511714	a7	a17	a63	2
13	1430.27146707949	a7	a17
12	1430.27166027642	a7	a17	a63	3
13	1430.77249653349	a7	a17
12	1432.29011544744	a7	a17	a65	2
13	1455.39327728652	a7	a17
12	1455.39389143848	a7	a17	a65	5
13	1479.47369210071	a7	a17
12	1479.47439991344	a7	a17	a65	6
13	1492.07636817775	a7	a17
12	1492.07685134289	a7	a17	a65	8
13	1515.95517007151	a7	a17
12	1533.32871301149	a7	a17	a67	2
13	1603.31224188207	a7	a17
12	1603.91838636432	a7	a17	a69	2
13	1603.93783255124	a7	a17
12	1603.96002185807	a7	a17	a51	2
13	1603.96129128978	a7	a17
12	1603.96347521	a7	a17	a71	1
13	1603.99831425002	a7	a17
12	1604.01813058704	a7	a17	a73	1
13	1604.15956421892	a7	a17
12	1604.15977400521	a7	a17	a73	5
13	1604.29119975961	a7	a17
12	1604.62883818033	a7	a17	a51	2
13	1604.62956085436	a7	a17
12	1604.64825187975	a7	a17	a77	3
13	1604.64863481749	a7	a17
12	1604.64869702759	a7	a17	a77	6
13	1604.64920231187	a7	a17
12	1604.64923618182	a7	a17	a77	8
13	1604.64950403087	a7	a17
12	1604.64953893765	a7	a17	a77	10
13	1604.64980574987	a7	a17
12	1604.64984273032	a7	a17	a77	12
13	1604.65010746887	a7	a17
12	1604.65014237565	a7	a17	a77	14
13	1604.65039259851	a7	a17
12	1604.72846627752	a7	a17	a83	1
13	1604.72952142999	a7	a17
12	1604.77684672886	a7	a17	a51	2
13	1604.7796289029	a7	a17
12	1604.78335079511	a7	a17	a53	2
13	1604.79389367947	a7	a17
12	1604.79393930022	a7	a17	a53	4
13	1604.79883454408	a7	a17
12	1604.79890090153	a7	a17	a53	7
13	1604.80276034718	a7	a17
12	1604.81840307753	a7	a17	a55	2
13	1604.82508340574	a7	a17
12	1604.85644213611	a7	a17	a57	3
13	1605.4939263401	a7	a17
12	1608.81300052692	a7	a17	a59	1
13	1611.17984264198	a7	a17
12	1611.17992178705	a7	a17	a59	5
13	1613.50401450191	a7	a17
12	1613.51214259745	a7	a17	a59	7
13	1615.9156544576	a7	a17
12	1615.91573878685	a7	a17	a59	11
13	1618.21499619184	a7	a17
12	1618.21505943878	a7	a17	a59	13
13	1620.46918721591	a7	a17
12	1622.90959968976	a7	a17	a61	2
13	1624.07344944894	a7	a17
12	1624.07356246396	a7	a17	a61	5
13	1625.05924490801	a7	a17
12	1625.05940838233	a7	a17	a61	7
13	1626.00326662865	a7	a17
12	1626.00346708343	a7	a17	a61	11
13	1626.96784775144	a7	a17
12	1626.96799118029	a7	a17	a61	14
13	1628.69835896869	a7	a17
12	1628.70241437617	a7	a17	a61	1
13	1629.04405152405	a7	a17
12	1629.04415175144	a7	a17	a61	7
13	1629.34497319649	a7	a17
12	1629.34509899914	a7	a17	a61	11
13	1629.64135111214	a7	a17
12	1629.64143958873	a7	a17	a61	14
13	1629.92841790346	a7	a17
12	1631.06298571286	a7	a17	a63	1
13	1631.49314368969	a7	a17
12	1632.97817591496	a7	a17	a65	1
13	1690.6799039258	a7	a17
12	1690.68029031966	a7	a17	a65	10
13	1707.21152955003	a7	a17
12	1707.24461115464	a7	a17	a79	4
13	1707.2447756658	a7	a17
12	1707.24487589319	a7	a17	a79	14
13	1707.24493810329	a7	a17
12	1707.503899407	a7	a17	a79	12
13	1707.50399306776	a7	a17
12	1707.50405977082	a7	a17	a79	15
13	1709.05816456445	a7	a17
12	1709.48613965789	a7	a17	a79	8
13	1709.48646868021	a7	a17
12	1716.76542362295	a7	a17	a67	3
13	1759.889552942	a7	a17
12	1762.79917924083	a7	a17	a51	1
13	1762.80262395247	a7	a17
12	1762.8061277637	a7	a17	a69	3
13	1762.82526808427	a7	a17
12	1762.83122159111	a7	a17	a71	3
13	1762.85053886487	a7	a17
12	1762.85424002037	a7	a17	a71	2
13	1762.86043614661	a7	a17
12	1762.86594243193	a7	a17	a73	2
13	1763.00335314383	a7	a17
12	1763.00353355313	a7	a17	a73	7
13	1763.13226768375	a7	a17
12	1763.18149937666	a7	a17	a77	2
13	1763.18232227808	a7	a17
12	1763.18239831265	a7	a17	a77	6
13	1763.18270521582	a7	a17
12	1763.18279265558	a7	a17	a77	10
13	1763.1830891904	a7	a17
12	1763.18318008627	a7	a17	a77	14
13	1763.18344897216	a7	a17
12	1763.23224277507	a7	a17	a81	2
13	1763.23410078347	a7	a17
12	1763.2690939663	a7	a17	a81	3
13	1763.27052030571	a7	a17
12	1763.3881060403	a7	a17	a51	1
13	1763.38879795489	a7	a17
12	1763.39138174782	a7	a17	a75	3
13	1763.39386220287	a7	a17
12	1763.40277276326	a7	a17	a77	2
13	1763.40338173104	a7	a17
12	1763.40350200391	a7	a17	a77	7
13	1763.40386800668	a7	a17
12	1763.40394818859	a7	a17	a77	11
13	1763.40429103538	a7	a17
12	1763.4813088707	a7	a17	a83	2
13	1763.48223407318	a7	a17
12	1763.48887880338	a7	a17	a81	2
13	1763.48993049973	a7	a17
12	1763.5212743688	a7	a17	a51	2
13	1763.52360068103	a7	a17
12	1763.53402640304	a7	a17	a53	2
13	1763.54460834153	a7	a17
12	1763.54468126559	a7	a17	a53	4
13	1763.54842112961	a7	a17
12	1763.55097347188	a7	a17	a53	3
13	1763.55563750153	a7	a17
12	1763.55567759249	a7	a17	a53	7
13	1763.55950109453	a7	a17
12	1763.56184952591	a7	a17	a55	3
13	1763.56777469259	a7	a17
12	1763.57788487113	a7	a17	a57	3
13	1764.22311285047	a7	a17
12	1764.78277636319	a7	a17	a59	1
13	1767.24408555618	a7	a17
12	1767.24421550618	a7	a17	a59	6
13	1769.52722847087	a7	a17
12	1769.52741440996	a7	a17	a59	9
13	1771.73545728854	a7	a17
12	1771.73584782974	a7	a17	a59	12
13	1774.10390753475	a7	a17
12	1775.74436928259	a7	a17	a61	1
13	1776.79879630951	a7	a17
12	1776.79888271243	a7	a17	a61	5
13	1777.75038796283	a7	a17
12	1777.75053968636	a7	a17	a61	9
13	1778.708241063	a7	a17
12	1778.70846156326	a7	a17	a61	14
13	1779.64134629305	a7	a17
12	1781.61950694365	a7	a17	a61	2
13	1781.92771652963	a7	a17
12	1781.92784647962	a7	a17	a61	4
13	1782.20472809467	a7	a17
12	1782.20481035025	a7	a17	a61	7
13	1782.5878469391	a7	a17
12	1782.58794301914	a7	a17	a61	11
13	1785.43930437253	a7	a17
12	1786.41766606992	a7	a17	a63	2
13	1787.54397410573	a7	a17
12	1790.26787801805	a7	a17	a65	1
13	1849.46018463043	a7	a17
12	1849.46052125621	a7	a17	a65	10
13	1866.28563168069	a7	a17
12	1866.32424963884	a7	a17	a79	1
13	1866.32441000266	a7	a17
12	1866.3244881109	a7	a17	a79	5
13	1866.32455999813	a7	a17
12	1868.78526990047	a7	a17	a79	14
13	1868.7855812966	a7	a17
12	1875.88375126131	a7	a17	a67	1
13	1916.9424588554	a7	a17
12	1922.82787016933	a7	a17	a51	1
13	1922.83080614057	a7	a17
12	1922.83339719135	a7	a17	a69	1
13	1922.85236021313	a7	a17
12	1922.85823906785	a7	a17	a71	1
13	1922.87702582767	a7	a17
12	1922.88070451841	a7	a17	a71	2
13	1922.88705167696	a7	a17
12	1922.89254724832	a7	a17	a73	3
13	1923.02357209317	a7	a17
12	1923.02360458066	a7	a17	a73	6
13	1923.15392887063	a7	a17
12	1923.20573778986	a7	a17	a77	1
13	1923.20633293318	a7	a17
12	1923.2064224466	a7	a17	a77	8
13	1923.20673487956	a7	a17
12	1923.20682128248	a7	a17	a77	11
13	1923.20706493872	a7	a17
12	1923.20718313791	a7	a17	a77	14
13	1923.20743439761	a7	a17
12	1923.25707633158	a7	a17	a81	1
13	1923.25853031993	a7	a17
12	1923.29405712719	a7	a17	a81	3
13	1923.29564071992	a7	a17
12	1923.3887540369	a7	a17	a75	3
13	1923.39089475566	a7	a17
12	1923.40007973173	a7	a17	a77	3
13	1923.40060402465	a7	a17
12	1923.40072326068	a7	a17	a77	10
13	1923.40098177822	a7	a17
12	1923.40102083234	a7	a17	a77	13
13	1923.40129317434	a7	a17
12	1923.49788369046	a7	a17	a83	2
13	1923.49898619172	a7	a17
12	1923.50589877098	a7	a17	a81	3
13	1923.50699194073	a7	a17
12	1923.5385929449	a7	a17	a51	3
13	1923.54173075336	a7	a17
12	1923.5441845963	a7	a17	a53	2
13	1923.55556005921	a7	a17
12	1923.55565475681	a7	a17	a53	6
13	1923.55944438891	a7	a17
12	1923.56067580333	a7	a17	a53	1
13	1923.5649644987	a7	a17
12	1923.56500458965	a7	a17	a53	6
13	1923.56881323039	a7	a17
12	1923.57116062494	a7	a17	a55	2
13	1923.57802239927	a7	a17
12	1923.58748593836	a7	a17	a57	2
13	1924.20481821638	a7	a17
12	1924.69373156163	a7	a17	a59	2
13	1926.76041304118	a7	a17
12	1926.76053538771	a7	a17	a59	4
13	1929.18430251172	a7	a17
12	1929.18446080187	a7	a17	a59	9
13	1931.17154687417	a7	a17
12	1931.17174629211	a7	a17	a59	13
13	1933.41953209487	a7	a17
12	1934.63310535239	a7	a17	a61	2
13	1935.69693059778	a7	a17
12	1935.69710132996	a7	a17	a61	4
13	1936.5619669158	a7	a17
12	1936.56213661113	a7	a17	a61	8
13	1937.4127401853	a7	a17
12	1937.41292992611	a7	a17	a61	12
13	1938.29232710074	a7	a17
12	1938.57515427356	a7	a17	a61	3
13	1938.90440953731	a7	a17
12	1938.90454363464	a7	a17	a61	7
13	1939.19402659723	a7	a17
12	1939.19406565135	a7	a17	a61	11
13	1939.49202785095	a7	a17
12	1939.49214605015	a7	a17	a61	15
13	1939.77542666549	a7	a17
12	1940.86945076845	a7	a17	a63	1
13	1941.23844584588	a7	a17
12	1943.16316421644	a7	a17	a65	2
13	1968.95200635262	a7	a17
12	1968.95261324673	a7	a17	a65	5
13	1993.88655689237	a7	a17
12	1993.88711298156	a7	a17	a65	8
13	2012.15023861806	a7	a17
12	2012.1506184453	a7	a17	a65	14
13	2014.45351756058	a7	a17
12	2019.33273887008	a7	a17	a79	1
13	2019.33314289013	a7	a17
12	2019.33325383148	a7	a17	a79	10
13	2019.33331396792	a7	a17
12	2019.33338862004	a7	a17	a79	14
13	2019.33344149863	a7	a17
12	2019.54552990916	a7	a17	a79	1
13	2019.54563670317	a7	a17
12	2019.54567368362	a7	a17	a79	2
13	2019.54571688508	a7	a17
12	2019.54578324252	a7	a17	a79	4
13	2019.54581607563	a7	a17
12	2019.54592252403	a7	a17	a79	8
13	2019.54596365182	a7	a17
12	2019.54615788558	a7	a17	a79	10
13	2019.54625154635	a7	a17
12	2019.54635522985	a7	a17	a79	15
13	2021.05927486176	a7	a17
12	2021.19547109421	a7	a17	a79	5
13	2021.19560933888	a7	a17
12	2021.19564942984	a7	a17	a79	7
13	2028.35159702753	a7	a17
12	2028.49070745769	a7	a17	a67	3
13	2071.80178055494	a7	a17
12	2074.30222404993	a7	a17	a51	1
13	2074.30539330906	a7	a17
12	2074.30795498285	a7	a17	a69	1
13	2074.33128895557	a7	a17
12	2074.33797757846	a7	a17	a71	3
13	2074.35662851289	a7	a17
12	2074.35949294251	a7	a17	a71	2
13	2074.36587155172	a7	a17
12	2074.37045989241	a7	a17	a73	2
13	2074.50312708398	a7	a17
12	2074.50359988076	a7	a17	a73	4
13	2074.63524475296	a7	a17
12	2074.68807288104	a7	a17	a77	4
13	2074.6885066237	a7	a17
12	2074.68854982516	a7	a17	a77	9
13	2074.68884532315	a7	a17
12	2074.7589115251	a7	a17	a81	1
13	2074.76063543617	a7	a17
12	2074.7945430527	a7	a17	a81	3
13	2074.79586190688	a7	a17
12	2074.86823955976	a7	a17	a51	2
13	2074.86904345253	a7	a17
12	2074.87147448511	a7	a17	a75	2
13	2074.87322155216	a7	a17
12	2074.88198764687	a7	a17	a77	1
13	2074.88259108487	a7	a17
12	2074.88269131225	a7	a17	a77	6
13	2074.88297851556	a7	a17
12	2074.88306906582	a7	a17	a77	10
13	2074.88330857472	a7	a17
12	2074.88338253562	a7	a17	a77	13
13	2074.88363552337	a7	a17
12	2074.95610856507	a7	a17	a83	2
13	2074.95715715092	a7	a17
12	2074.96406661967	a7	a17	a81	2
13	2074.96521335923	a7	a17
12	2074.99558744192	a7	a17	a51	2
13	2074.99839069828	a7	a17
12	2075.00101976635	a7	a17	a53	3
13	2075.01177900362	a7	a17
12	2075.01181494724	a7	a17	a53	4
13	2075.01597576628	a7	a17
12	2075.01931299269	a7	a17	a53	1
13	2075.02359304776	a7	a17
12	2075.02364903685	a7	a17	a53	6
13	2075.02758106096	a7	a17
12	2075.02997407625	a7	a17	a55	2
13	2075.03644772867	a7	a17
12	2075.04641655203	a7	a17	a57	2
13	2075.78158962606	a7	a17
12	2076.23274385819	a7	a17	a59	1
13	2078.70407993731	a7	a17
12	2078.70422785911	a7	a17	a59	6
13	2080.9505914698	a7	a17
12	2080.95078466673	a7	a17	a59	10
13	2083.96330854926	a7	a17
12	2083.96350693037	a7	a17	a59	15
13	2086.14024326594	a7	a17
12	2086.17192548885	a7	a17	a61	1
13	2087.26849778675	a7	a17
12	2087.26860527199	a7	a17	a61	6
13	2088.25289317289	a7	a17
12	2088.25328025798	a7	a17	a61	11
13	2089.19452948171	a7	a17
12	2089.19476899061	a7	a17	a61	13
13	2090.15420015372	a7	a17
12	2090.31652117323	a7	a17	a61	3
13	2090.65396155845	a7	a17
12	2090.65403966669	a7	a17	a61	7
13	2090.94758771389	a7	a17
12	2090.94763091535	a7	a17	a61	11
13	2091.2383376889	a7	a17
12	2091.23838538331	a7	a17	a61	15
13	2091.53049948764	a7	a17
12	2092.93455869749	a7	a17	a63	2
13	2093.34188694904	a7	a17
12	2094.82947981126	a7	a17	a65	3
13	2127.52354831514	a7	a17
12	2127.52416972495	a7	a17	a65	6
13	2140.84614596829	a7	a17
12	2140.84709259868	a7	a17	a65	7
13	2151.68894524027	a7	a17
12	2151.68975258916	a7	a17	a65	9
13	2157.38878416316	a7	a17
12	2157.38985694182	a7	a17	a65	11
13	2165.70948460336	a7	a17
12	2165.71007974668	a7	a17	a65	15
13	2167.06952912864	a7	a17
12	2170.80950235533	a7	a17	a79	1
13	2170.80980200066	a7	a17
12	2170.80988218257	a7	a17	a79	8
13	2170.81009749865	a7	a17
12	2171.06727371801	a7	a17	a79	4
13	2171.06735044381	a7	a17
12	2171.06740228556	a7	a17	a79	8
13	2171.06743719234	a7	a17
12	2171.06747071667	a7	a17	a79	10
13	2171.06750354978	a7	a17
12	2171.06753845656	a7	a17	a79	12
13	2171.06757094406	a7	a17
12	2171.06762382265	a7	a17	a79	13
13	2171.06765561892	a7	a17
12	2171.06770400456	a7	a17	a79	15
13	2172.61465982054	a7	a17
12	2172.76542185734	a7	a17	a79	2
13	2172.7656751907	a7	a17
12	2172.76573843764	a7	a17	a79	8
13	2172.76578267594	a7	a17
12	2172.76586182101	a7	a17	a79	10
13	2172.76593370824	a7	a17
12	2172.76606434946	a7	a17	a79	14
13	2172.76609925624	a7	a17
12	2180.26318493854	a7	a17	a67	2
13	2221.4399718007	a7	a17
12	2225.89499486122	a7	a17	a51	2
13	2225.89825397938	a7	a17
12	2225.90088823162	a7	a17	a69	3
13	2225.92073429125	a7	a17
12	2225.93931748579	a7	a17	a71	1
13	2225.95941169461	a7	a17
12	2225.96879505178	a7	a17	a71	3
13	2225.97533402481	a7	a17
12	2225.98006890485	a7	a17	a73	2
13	2226.10992661905	a7	a17
12	2226.11022004337	a7	a17	a73	4
13	2226.23966959017	a7	a17
12	2226.30170066612	a7	a17	a77	4
13	2226.30203832874	a7	a17
12	2226.30207323552	a7	a17	a77	7
13	2226.30248036608	a7	a17
12	2226.30255017964	a7	a17	a77	10
13	2226.30281699186	a7	a17
12	2226.30291929292	a7	a17	a77	14
13	2226.30322515925	a7	a17
12	2226.36403380668	a7	a17	a81	1
13	2226.36553307016	a7	a17
12	2226.40176665331	a7	a17	a81	3
13	2226.40335231971	a7	a17
12	2226.48537219292	a7	a17	a51	3
13	2226.48608657226	a7	a17
12	2226.48853004686	a7	a17	a75	3
13	2226.49074334407	a7	a17
12	2226.50051931611	a7	a17	a77	6
13	2226.50087356809	a7	a17
12	2226.58339768873	a7	a17	a83	2
13	2226.58449500583	a7	a17
12	2226.59140240091	a7	a17	a81	3
13	2226.59270190083	a7	a17
12	2226.62295052648	a7	a17	a51	3
13	2226.62560516981	a7	a17
12	2226.62815094547	a7	a17	a53	3
13	2226.63890257929	a7	a17
12	2226.63897135601	a7	a17	a53	7
13	2226.64298770937	a7	a17
12	2226.64432557219	a7	a17	a53	1
13	2226.64836819204	a7	a17
12	2226.64839998832	a7	a17	a53	6
13	2226.6521094385	a7	a17
12	2226.65460682852	a7	a17	a55	1
13	2226.66021956224	a7	a17
12	2226.67020635741	a7	a17	a57	2
13	2227.33688507141	a7	a17
12	2227.77360102991	a7	a17	a59	3
13	2230.49862887142	a7	a17
12	2230.49881653856	a7	a17	a59	7
13	2233.0517556832	a7	a17
12	2233.05194991696	a7	a17	a59	11
13	2235.38368617978	a7	a17
12	2235.38382027711	a7	a17	a59	14
13	2237.66427606097	a7	a17
12	2237.69848954384	a7	a17	a61	3
13	2238.80115946865	a7	a17
12	2238.80144667196	a7	a17	a61	7
13	2239.76116503838	a7	a17
12	2239.76136652999	a7	a17	a61	8
13	2240.69731510735	a7	a17
12	2240.69760092821	a7	a17	a61	13
13	2241.74901491249	a7	a17
12	2241.80124374991	a7	a17	a61	1
13	2242.11864176807	a7	a17
12	2242.11871054479	a7	a17	a61	7
13	2242.42253224485	a7	a17
12	2242.42265148088	a7	a17	a61	10
13	2242.71131810868	a7	a17
12	2242.71138861346	a7	a17	a61	14
13	2242.99045138383	a7	a17
12	2244.10511921819	a7	a17	a63	3
13	2244.58338323068	a7	a17
12	2246.516863203	a7	a17	a65	3
13	2277.77330081506	a7	a17
12	2277.77420908256	a7	a17	a65	6
13	2291.22744967964	a7	a17
12	2291.22798883387	a7	a17	a65	7
13	2302.44032959535	a7	a17
12	2302.44113763546	a7	a17	a65	9
13	2308.06201638536	a7	a17
12	2308.06286036909	a7	a17	a65	12
13	2315.69365457096	a7	a17
12	2315.69451237915	a7	a17	a65	13
13	2321.67928463244	a7	a17
12	2321.71437804266	a7	a17	a79	1
13	2321.7145774606	a7	a17
12	2321.71467250381	a7	a17	a79	4
13	2321.71487295859	a7	a17
12	2321.71500152613	a7	a17	a79	11
13	2321.7150478381	a7	a17
12	2321.97293843681	a7	a17	a79	5
13	2321.97298578561	a7	a17
12	2321.97306182018	a7	a17	a79	8
13	2321.97310813215	a7	a17
12	2321.97314718627	a7	a17	a79	11
13	2321.97317898254	a7	a17
12	2321.97321354371	a7	a17	a79	12
13	2321.97324637682	a7	a17
12	2321.97330340275	a7	a17	a79	15
13	2323.53451915674	a7	a17
12	2323.67992041074	a7	a17	a79	2
13	2323.68017789144	a7	a17
12	2323.68024010154	a7	a17	a79	7
13	2331.01354040764	a7	a17
12	2331.08607565945	a7	a17	a67	2
13	2371.72686027587	a7	a17
12	2376.57321114949	a7	a17	a51	2
13	2376.57632130902	a7	a17
12	2376.57898943121	a7	a17	a69	2
13	2376.59767700048	a7	a17
12	2376.60002439502	a7	a17	a51	1
13	2376.60110477714	a7	a17
12	2376.60337302661	a7	a17	a71	3
13	2376.62208617115	a7	a17
12	2376.62586301561	a7	a17	a71	3
13	2376.63244553571	a7	a17
12	2376.63727096602	a7	a17	a73	3
13	2376.7728291993	a7	a17
12	2376.77292424252	a7	a17	a73	6
13	2376.90479583599	a7	a17
12	2376.95324782894	a7	a17	a77	1
13	2376.95392937518	a7	a17
12	2376.95402960257	a7	a17	a77	7
13	2376.95436311784	a7	a17
12	2376.95441046664	a7	a17	a77	12
13	2376.95469110333	a7	a17
12	2377.03030713767	a7	a17	a81	3
13	2377.03204349076	a7	a17
12	2377.0668773466	a7	a17	a81	3
13	2377.06858950688	a7	a17
12	2377.14120286692	a7	a17	a51	3
13	2377.14182323989	a7	a17
12	2377.14428123018	a7	a17	a75	3
13	2377.1462491431	a7	a17
12	2377.17430313456	a7	a17	a77	6
13	2377.17468814598	a7	a17
12	2377.1747862997	a7	a17	a77	12
13	2377.17507661351	a7	a17
12	2377.2503598238	a7	a17	a83	2
13	2377.25134861883	a7	a17
12	2377.25845819674	a7	a17	a81	3
13	2377.25974214414	a7	a17
12	2377.29102276628	a7	a17	a51	2
13	2377.29342718675	a7	a17
12	2377.29589278049	a7	a17	a53	2
13	2377.30670351391	a7	a17
12	2377.3068068518	a7	a17	a53	6
13	2377.31119370089	a7	a17
12	2377.3136140195	a7	a17	a53	1
13	2377.31774235104	a7	a17
12	2377.31776861753	a7	a17	a53	6
13	2377.33205793253	a7	a17
12	2377.33489367638	a7	a17	a55	3
13	2377.34100132603	a7	a17
12	2377.35082049953	a7	a17	a57	1
13	2378.09695948663	a7	a17
12	2378.56391681293	a7	a17	a59	2
13	2380.78954925247	a7	a17
12	2380.78976042121	a7	a17	a59	4
13	2383.13004677144	a7	a17
12	2383.13016911798	a7	a17	a59	8
13	2385.08160154352	a7	a17
12	2385.08175464949	a7	a17	a59	12
13	2387.42311170471	a7	a17
12	2388.56928135268	a7	a17	a61	2
13	2389.67308903115	a7	a17
12	2389.67343602528	a7	a17	a61	7
13	2390.67266817533	a7	a17
12	2390.67280642	a7	a17	a61	9
13	2391.68469279618	a7	a17
12	2391.6851282669	a7	a17	a61	13
13	2392.67059159314	a7	a17
12	2392.67340003367	a7	a17	a61	3
13	2392.99092247203	a7	a17
12	2392.99099193998	a7	a17	a61	7
13	2393.29272614548	a7	a17
12	2393.29284538151	a7	a17	a61	11
13	2393.59385242003	a7	a17
12	2393.59398098758	a7	a17	a61	15
13	2393.88100388621	a7	a17
12	2394.97945181871	a7	a17	a63	2
13	2395.33504165582	a7	a17
12	2396.83696599767	a7	a17	a65	3
13	2429.34382633042	a7	a17
12	2429.3443582268	a7	a17	a65	6
13	2442.63858116083	a7	a17
12	2442.63912342556	a7	a17	a65	7
13	2453.39349794864	a7	a17
12	2453.39416152307	a7	a17	a65	9
13	2459.0504032603	a7	a17
12	2459.05120853552	a7	a17	a65	11
13	2467.51605496809	a7	a17
12	2467.51666773761	a7	a17	a65	15
13	2468.67860591858	a7	a17
12	2473.9244970301	a7	a17	a79	4
13	2473.92470163222	a7	a17
12	2473.92475347397	a7	a17	a79	8
13	2473.92478077729	a7	a17
12	2473.9248136104	a7	a17	a79	9
13	2473.92485473819	a7	a17
12	2473.92489690282	a7	a17	a79	10
13	2473.92493699377	a7	a17
12	2473.92500646172	a7	a17	a79	12
13	2473.92504033166	a7	a17
12	2473.92512673458	a7	a17	a79	14
13	2473.92515956769	a7	a17
12	2473.92521348312	a7	a17	a79	15
13	2475.42621988034	a7	a17
12	2475.57180154363	a7	a17	a79	13
13	2475.57195257594	a7	a17
12	2475.57198506343	a7	a17	a79	15
13	2482.61476107895	a7	a17
12	2483.60834904461	a7	a17	a67	1
13	2525.09029788893	a7	a17
12	2529.70393424683	a7	a17	a51	2
13	2529.70705512032	a7	a17
12	2529.70968211472	a7	a17	a69	2
13	2529.72853212148	a7	a17
12	2529.73223638749	a7	a17	a51	3
13	2529.73367966187	a7	a17
12	2529.73499229504	a7	a17	a71	1
13	2529.75422005537	a7	a17
12	2529.75716985108	a7	a17	a71	3
13	2529.76380490415	a7	a17
12	2529.76872779695	a7	a17	a73	3
13	2529.90035055001	a7	a17
12	2529.90050780333	a7	a17	a73	5
13	2530.03376046108	a7	a17
12	2530.08300286796	a7	a17	a77	3
13	2530.08368234052	a7	a17
12	2530.08377600129	a7	a17	a77	7
13	2530.08417068983	a7	a17
12	2530.08421803863	a7	a17	a77	13
13	2530.08447966667	a7	a17
12	2530.13323476107	a7	a17	a81	2
13	2530.13501777174	a7	a17
12	2530.16987236428	a7	a17	a81	1
13	2530.17167542043	a7	a17
12	2530.24414846213	a7	a17	a51	2
13	2530.24496376009	a7	a17
12	2530.24742209599	a7	a17	a75	2
13	2530.24922826264	a7	a17
12	2530.25804930961	a7	a17	a77	2
13	2530.2585905375	a7	a17
12	2530.25869387539	a7	a17	a77	7
13	2530.25893234745	a7	a17
12	2530.25895999639	a7	a17	a77	10
13	2530.2592088368	a7	a17
12	2530.25927519424	a7	a17	a77	12
13	2530.25977114701	a7	a17
12	2530.34720848333	a7	a17	a83	3
13	2530.34818656439	a7	a17
12	2530.35488797491	a7	a17	a81	2
13	2530.35624069903	a7	a17
12	2530.38786485918	a7	a17	a51	3
13	2530.39043379081	a7	a17
12	2530.3929481158	a7	a17	a53	3
13	2530.40403741224	a7	a17
12	2530.40429385611	a7	a17	a53	7
13	2530.40958586218	a7	a17
12	2530.41096900014	a7	a17	a53	2
13	2530.41494629938	a7	a17
12	2530.41502440762	a7	a17	a53	6
13	2530.41878466272	a7	a17
12	2530.44042306453	a7	a17	a55	2
13	2530.44601575277	a7	a17
12	2530.46455159851	a7	a17	a57	1
13	2531.19046780924	a7	a17
12	2531.63188719713	a7	a17	a59	2
13	2533.72615125381	a7	a17
12	2533.72624940752	a7	a17	a59	4
13	2536.15396652745	a7	a17
12	2536.15410166162	a7	a17	a59	8
13	2538.10996206403	a7	a17
12	2538.11010030871	a7	a17	a59	12
13	2540.56709453985	a7	a17
12	2541.56375257409	a7	a17	a61	1
13	2542.65269342043	a7	a17
12	2542.65292152414	a7	a17	a61	5
13	2543.59340141627	a7	a17
12	2543.59359668687	a7	a17	a61	9
13	2544.55160496668	a7	a17
12	2544.55183479845	a7	a17	a61	15
13	2545.50288522388	a7	a17
12	2545.52507556755	a7	a17	a61	1
13	2545.84519977066	a7	a17
12	2545.84526716494	a7	a17	a61	7
13	2546.14175463949	a7	a17
12	2546.14192122432	a7	a17	a61	10
13	2546.4385130736	a7	a17
12	2546.43869244606	a7	a17	a61	14
13	2546.71868352941	a7	a17
12	2547.83257270065	a7	a17	a63	1
13	2548.2206120186	a7	a17
12	2549.68335989382	a7	a17	a65	1
13	2608.27347201986	a7	a17
12	2608.27411865932	a7	a17	a65	10
13	2625.10080507308	a7	a17
12	2625.1347686787	a7	a17	a79	1
13	2625.13501544544	a7	a17
12	2625.13509355368	a7	a17	a79	6
13	2625.13513468147	a7	a17
12	2625.13516647775	a7	a17	a79	7
13	2625.13519378107	a7	a17
12	2625.13522868785	a7	a17	a79	8
13	2625.13525599117	a7	a17
12	2625.13531820127	a7	a17	a79	10
13	2625.13535103438	a7	a17
12	2625.13540253053	a7	a17	a79	13
13	2625.13543225313	a7	a17
12	2625.66756364802	a7	a17	a79	2
13	2625.66781594455	a7	a17
12	2625.66786640386	a7	a17	a79	10
13	2625.66790442114	a7	a17
12	2625.66793725425	a7	a17	a79	11
13	2625.66797630837	a7	a17
12	2625.66804162898	a7	a17	a79	12
13	2625.66806789547	a7	a17
12	2625.66811973722	a7	a17	a79	15
13	2627.19079529569	a7	a17
12	2627.34920952075	a7	a17	a79	7
13	2633.97739425521	a7	a17
12	2634.05269440048	a7	a17	a67	1
13	2675.33547690945	a7	a17
12	2679.69681570249	a7	a17	a51	1
13	2679.69986676242	a7	a17
12	2679.71711209414	a7	a17	a69	2
13	2679.73633674397	a7	a17
12	2679.73879093252	a7	a17	a51	1
13	2679.73966982303	a7	a17
12	2679.74198438446	a7	a17	a71	2
13	2679.75952521417	a7	a17
12	2679.76327268164	a7	a17	a71	2
13	2679.76977052688	a7	a17
12	2679.77559442934	a7	a17	a73	2
13	2679.91550425931	a7	a17
12	2679.91587786554	a7	a17	a73	7
13	2680.04549607085	a7	a17
12	2680.09517844139	a7	a17	a77	3
13	2680.09590111542	a7	a17
12	2680.09594120637	a7	a17	a77	9
13	2680.09622391673	a7	a17
12	2680.09630720914	a7	a17	a77	13
13	2680.09663001046	a7	a17
12	2680.14543867467	a7	a17	a81	3
13	2680.14723447297	a7	a17
12	2680.19800102736	a7	a17	a81	3
13	2680.19953416078	a7	a17
12	2680.2712503129	a7	a17	a51	1
13	2680.27192252762	a7	a17
12	2680.27433109544	a7	a17	a75	2
13	2680.27623126846	a7	a17
12	2680.28507236091	a7	a17	a77	3
13	2680.28569066021	a7	a17
12	2680.28580125595	a7	a17	a77	9
13	2680.28605873665	a7	a17
12	2680.28613373438	a7	a17	a77	13
13	2680.28639017825	a7	a17
12	2680.28642473942	a7	a17	a77	15
13	2680.28668118329	a7	a17
12	2680.37459857424	a7	a17	a83	2
13	2680.37571904731	a7	a17
12	2680.38269072617	a7	a17	a81	2
13	2680.38381742025	a7	a17
12	2680.41551243079	a7	a17	a51	3
13	2680.41809622373	a7	a17
12	2680.42060087159	a7	a17	a53	3
13	2680.43184120033	a7	a17
12	2680.43189477014	a7	a17	a53	7
13	2680.43575110529	a7	a17
12	2680.43816693095	a7	a17	a53	2
13	2680.44178790454	a7	a17
12	2680.44186290228	a7	a17	a53	5
13	2680.44544136564	a7	a17
12	2680.4477507429	a7	a17	a55	1
13	2680.4548955732	a7	a17
12	2680.46496255028	a7	a17	a57	1
13	2681.20584029074	a7	a17
12	2681.70267678381	a7	a17	a59	3
13	2684.43770731862	a7	a17
12	2684.4378338125	a7	a17	a59	7
13	2686.80264822381	a7	a17
12	2686.80287321702	a7	a17	a59	11
13	2689.10928893116	a7	a17
12	2689.10937014991	a7	a17	a59	14
13	2691.57107195777	a7	a17
12	2691.60387050642	a7	a17	a61	1
13	2692.75796364781	a7	a17
12	2692.75822734953	a7	a17	a61	7
13	2693.61578324829	a7	a17
12	2693.61594568578	a7	a17	a61	10
13	2694.47560774214	a7	a17
12	2694.47579644611	a7	a17	a61	13
13	2695.36299027469	a7	a17
12	2695.46583221491	a7	a17	a61	2
13	2695.78582750486	a7	a17
12	2695.78595641802	a7	a17	a61	6
13	2696.0644693202	a7	a17
12	2696.06454535477	a7	a17	a61	9
13	2696.36198533512	a7	a17
12	2696.36214362527	a7	a17	a61	14
13	2696.64525108916	a7	a17
12	2697.75269736741	a7	a17	a63	2
13	2698.14583238401	a7	a17
12	2699.64576565696	a7	a17	a65	3
13	2732.12252632269	a7	a17
12	2732.12298425817	a7	a17	a65	6
13	2745.63422713582	a7	a17
12	2745.63515233829	a7	a17	a65	7
13	2756.16168547038	a7	a17
12	2756.16245583882	a7	a17	a65	9
13	2761.65029033481	a7	a17
12	2761.6683039613	a7	a17	a65	12
13	2769.30298698582	a7	a17
12	2769.30367890041	a7	a17	a65	14
13	2771.61934422	a7	a17
12	2775.12658737844	a7	a17	a79	3
13	2775.12678783322	a7	a17
12	2775.12685868361	a7	a17	a79	10
13	2775.12689566406	a7	a17
12	2775.12696824251	a7	a17	a79	14
13	2775.12700107562	a7	a17
12	2775.35886711467	a7	a17	a79	8
13	2775.35892932477	a7	a17
12	2775.35899568221	a7	a17	a79	11
13	2775.35902644165	a7	a17
12	2775.35907379045	a7	a17	a79	12
13	2775.35910454989	a7	a17
12	2775.35916779683	a7	a17	a79	14
13	2775.35919510015	a7	a17
12	2776.98570726927	a7	a17	a79	9
13	2776.98580334932	a7	a17
12	2776.9858413666	a7	a17	a79	11
13	2776.98588249439	a7	a17
12	2776.98591947484	a7	a17	a79	12
13	2776.98597650077	a7	a17
12	2776.98602592324	a7	a17	a79	14
13	2776.98606083002	a7	a17
12	2786.26958564883	a7	a17	a67	2
13	2830.50656281112	a7	a17
12	2834.14298317435	a7	a17	a51	2
13	2834.14611787231	a7	a17
12	2834.14873000541	a7	a17	a69	2
13	2834.16744418678	a7	a17
12	2834.16985586509	a7	a17	a51	2
13	2834.17112080385	a7	a17
12	2834.17334896237	a7	a17	a71	3
13	2834.19224147936	a7	a17
12	2834.19597926971	a7	a17	a71	1
13	2834.20274738328	a7	a17
12	2834.22446181966	a7	a17	a73	2
13	2834.36651893502	a7	a17
12	2834.36658010829	a7	a17	a73	7
13	2834.48810961778	a7	a17
12	2834.54209623621	a7	a17	a77	3
13	2834.54268481291	a7	a17
12	2834.54281683657	a7	a17	a77	9
13	2834.54313860105	a7	a17
12	2834.5432346811	a7	a17	a77	12
13	2834.54352568613	a7	a17
12	2834.59306117171	a7	a17	a81	3
13	2834.59476400047	a7	a17
12	2834.62923911138	a7	a17	a81	2
13	2834.63090184919	a7	a17
12	2834.7029905707	a7	a17	a51	1
13	2834.70368594141	a7	a17
12	2834.70598391348	a7	a17	a75	1
13	2834.70797152627	a7	a17
12	2834.71678842589	a7	a17	a77	2
13	2834.71731479248	a7	a17
12	2834.71740015857	a7	a17	a77	6
13	2834.71765763927	a7	a17
12	2834.7178211136	a7	a17	a77	10
13	2834.71809760294	a7	a17
12	2834.7181259431	a7	a17	a77	13
13	2834.7185786944	a7	a17
12	2834.79381870324	a7	a17	a83	3
13	2834.79481268244	a7	a17
12	2834.80166097792	a7	a17	a81	3
13	2834.80277488437	a7	a17
12	2834.83444051792	a7	a17	a51	1
13	2834.83713179609	a7	a17
12	2834.83974081868	a7	a17	a53	2
13	2834.8505042033	a7	a17
12	2834.85057298002	a7	a17	a53	4
13	2834.8560809934	a7	a17
12	2834.85743682803	a7	a17	a53	1
13	2834.86175178988	a7	a17
12	2834.86178980717	a7	a17	a53	6
13	2834.86553520097	a7	a17
12	2834.86806196798	a7	a17	a55	3
13	2834.87450071362	a7	a17
12	2834.88471457566	a7	a17	a57	3
13	2835.50537302051	a7	a17
12	2836.1401531587	a7	a17	a59	3
13	2839.02851155144	a7	a17
12	2839.02861488933	a7	a17	a59	7
13	2841.43050928681	a7	a17
12	2841.43063578069	a7	a17	a59	11
13	2843.75456502122	a7	a17
12	2843.75472642187	a7	a17	a59	14
13	2846.04608279819	a7	a17
12	2846.08353189763	a7	a17	a61	3
13	2847.183283823	a7	a17
12	2847.18338508723	a7	a17	a61	7
13	2848.14433175756	a7	a17
12	2848.14449419505	a7	a17	a61	8
13	2849.09214518398	a7	a17
12	2849.09225681655	a7	a17	a61	12
13	2850.22434520775	a7	a17
12	2850.22729292979	a7	a17	a61	2
13	2850.54101536771	a7	a17
12	2850.54111663193	a7	a17	a61	4
13	2850.82966506053	a7	a17
12	2850.82972070401	a7	a17	a61	9
13	2851.12066940574	a7	a17
12	2851.12075477183	a7	a17	a61	13
13	2851.40863305938	a7	a17
12	2852.55312026968	a7	a17	a63	2
13	2852.89863137891	a7	a17
12	2854.47679834908	a7	a17	a65	1
13	2911.77404629424	a7	a17
12	2911.77478486641	a7	a17	a65	10
13	2928.62149394736	a7	a17
12	2928.65387257781	a7	a17	a79	13
13	2928.65395690706	a7	a17
12	2928.92439148178	a7	a17	a79	6
13	2928.92446855319	a7	a17
12	2928.92455288244	a7	a17	a79	10
13	2928.92458467871	a7	a17
12	2928.92462995384	a7	a17	a79	13
13	2928.9246700448	a7	a17
12	2930.58748250012	a7	a17	a79	3
13	2930.58757235916	a7	a17
12	2930.58763975344	a7	a17	a79	7
13	2937.25907744432	a7	a17
12	2937.64332090916	a7	a17	a67	1
13	2978.79500979657	a7	a17
12	2985.35497251302	a7	a17	a51	1
13	2985.3584393438	a7	a17
12	2985.37764187448	a7	a17	a69	3
13	2985.39644764294	a7	a17
12	2985.39900724306	a7	a17	a51	3
13	2985.39991240006	a7	a17
12	2985.40235172731	a7	a17	a71	2
13	2985.42127569497	a7	a17
12	2985.4250041538	a7	a17	a71	2
13	2985.43150510954	a7	a17
12	2985.43703662451	a7	a17	a73	1
13	2985.57632297102	a7	a17
12	2985.57663436714	a7	a17	a73	6
13	2985.70712627878	a7	a17
12	2985.75739273306	a7	a17	a77	3
13	2985.75805423382	a7	a17
12	2985.75814616653	a7	a17	a77	7
13	2985.7585239201	a7	a17
12	2985.75856919523	a7	a17	a77	13
13	2985.75886054588	a7	a17
12	2985.81017040183	a7	a17	a81	2
13	2985.81171182994	a7	a17
12	2985.94334011278	a7	a17	a75	2
13	2985.94556930813	a7	a17
12	2985.95449887717	a7	a17	a77	7
13	2985.95479644882	a7	a17
12	2985.95483550295	a7	a17	a77	11
13	2985.95510680812	a7	a17
12	2985.95520910917	a7	a17	a77	13
13	2985.95563628521	a7	a17
12	2986.03011698518	a7	a17	a83	2
13	2986.03116349735	a7	a17
12	2986.03817837767	a7	a17	a81	2
13	2986.03928398944	a7	a17
12	2986.07067831782	a7	a17	a51	3
13	2986.07300255638	a7	a17
12	2986.07545017831	a7	a17	a53	3
13	2986.0865142451	a7	a17
12	2986.08665456344	a7	a17	a53	6
13	2986.09097609191	a7	a17
12	2986.09245081696	a7	a17	a53	2
13	2986.0964547283	a7	a17
12	2986.09658882563	a7	a17	a53	5
13	2986.1004247697	a7	a17
12	2986.14720261966	a7	a17	a55	3
13	2986.15292491228	a7	a17
12	2986.16239916533	a7	a17	a57	2
13	2986.84874249283	a7	a17
12	2987.29985006739	a7	a17	a59	1
13	2989.87710368509	a7	a17
12	2989.87719734586	a7	a17	a59	6
13	2992.12183635425	a7	a17
12	2992.12203231608	a7	a17	a59	10
13	2995.02040688098	a7	a17
12	2995.02053786781	a7	a17	a59	15
13	2997.27862497237	a7	a17
12	2997.31323625429	a7	a17	a61	3
13	2998.42480015013	a7	a17
12	2998.42503965902	a7	a17	a61	6
13	2999.50653015433	a7	a17
12	2999.50673164594	a7	a17	a61	10
13	3000.37359936026	a7	a17
12	3000.37381122022	a7	a17	a61	14
13	3001.24723933549	a7	a17
12	3001.28653987671	a7	a17	a61	2
13	3001.60017141876	a7	a17
12	3001.600249527	a7	a17	a61	4
13	3001.88373370762	a7	a17
12	3001.88380663169	a7	a17	a61	8
13	3002.14686965484	a7	a17
12	3002.14702587132	a7	a17	a61	12
13	3002.41440731244	a7	a17
12	3003.59182163893	a7	a17	a63	3
13	3004.00065019079	a7	a17
12	3005.70929697619	a7	a17	a65	2
13	3031.30021559663	a7	a17
12	3031.30063240432	a7	a17	a65	5
13	3056.75791197315	a7	a17
12	3056.75867577496	a7	a17	a65	8
13	3075.17226691344	a7	a17
12	3075.17290733189	a7	a17	a65	14
13	3077.49066152849	a7	a17
12	3081.55195235543	a7	a17	a79	10
13	3081.55224543413	a7	a17
12	3081.76991305405	a7	a17	a79	12
13	3081.76994692399	a7	a17
12	3081.76998597811	a7	a17	a79	15
13	3083.30745820954	a7	a17
12	3083.53884004662	a7	a17	a79	4
13	3083.53897172467	a7	a17
12	3083.53904983291	a7	a17	a79	11
13	3083.53908888703	a7	a17
12	3083.53912586748	a7	a17	a79	13
13	3083.53915662692	a7	a17
12	3090.48271582314	a7	a17	a67	3
13	3133.76807195511	a7	a17
12	3136.48357473866	a7	a17	a51	2
13	3136.4868895003	a7	a17
12	3136.48953446651	a7	a17	a69	3
13	3136.50817053964	a7	a17
12	3136.51049374136	a7	a17	a51	2
13	3136.51161732494	a7	a17
12	3136.51296140878	a7	a17	a71	2
13	3136.5329730164	a7	a17
12	3136.53593871024	a7	a17	a71	1
13	3136.54235222623	a7	a17
12	3136.5468866515	a7	a17	a73	1
13	3136.6828889958	a7	a17
12	3136.68308841374	a7	a17	a73	6
13	3136.81361281287	a7	a17
12	3136.86256801644	a7	a17	a77	4
13	3136.86303770271	a7	a17
12	3136.8630788305	a7	a17	a77	9
13	3136.86335843036	a7	a17
12	3136.8634247878	a7	a17	a77	12
13	3136.86370749815	a7	a17
12	3136.93436469608	a7	a17	a81	1
13	3136.93584080358	a7	a17
12	3136.97141495964	a7	a17	a81	3
13	3136.9727065105	a7	a17
12	3137.04620567328	a7	a17	a51	3
13	3137.04690104399	a7	a17
12	3137.04933726074	a7	a17	a75	1
13	3137.05154641061	a7	a17
12	3137.06039579773	a7	a17	a77	5
13	3137.06067125024	a7	a17
12	3137.06084647537	a7	a17	a77	9
13	3137.06111121392	a7	a17
12	3137.06121247814	a7	a17	a77	12
13	3137.06149311483	a7	a17
12	3137.14207386098	a7	a17	a83	1
13	3137.14296000934	a7	a17
12	3137.60184315552	a7	a17	a57	3
13	3138.19322483477	a7	a17
12	3138.73624852744	a7	a17	a59	2
13	3140.80367791067	a7	a17
12	3140.8037971467	a7	a17	a59	4
13	3143.23273600392	a7	a17
12	3143.23288599939	a7	a17	a59	8
13	3145.1794715667	a7	a17
12	3145.17958458172	a7	a17	a59	12
13	3147.54335040719	a7	a17
12	3148.78955977587	a7	a17	a61	1
13	3149.90157849668	a7	a17
12	3149.90174404468	a7	a17	a61	4
13	3150.88803753017	a7	a17
12	3150.88822519732	a7	a17	a61	10
13	3151.87731226205	a7	a17
12	3151.87754658677	a7	a17	a61	15
13	3152.83613514859	a7	a17
12	3152.83849394833	a7	a17	a61	1
13	3153.18365598976	a7	a17
12	3153.18376485744	a7	a17	a61	7
13	3153.47954417365	a7	a17
12	3153.47958633828	a7	a17	a61	11
13	3153.76585684028	a7	a17
12	3153.76594980982	a7	a17	a61	15
13	3154.04819842868	a7	a17
12	3155.15628823589	a7	a17	a63	1
13	3155.56653379564	a7	a17
12	3157.02464909188	a7	a17	a65	3
13	3189.30423207189	a7	a17
12	3189.30469415471	a7	a17	a65	6
13	3203.52800078125	a7	a17
12	3203.52847530609	a7	a17	a65	7
13	3214.1965467904	a7	a17
12	3214.1972124385	a7	a17	a65	9
13	3219.60969702115	a7	a17
12	3219.61093465658	a7	a17	a65	11
13	3228.0586000412	a7	a17
12	3228.05923320181	a7	a17	a65	14
13	3230.37289570171	a7	a17
12	3231.96696391976	a7	a17	a79	13
13	3231.96709905393	a7	a17
12	3233.68690287566	a7	a17	a79	8
13	3233.68732279385	a7	a17
12	3233.6873922618	a7	a17	a79	11
13	3233.68745032456	a7	a17
12	3233.68754225727	a7	a17	a79	15
13	3240.59079829278	a7	a17
12	3240.67359993961	a7	a17	a67	2
13	3281.89226733419	a7	a17
12	3287.55648820833	a7	a17	a51	1
13	3287.55993810414	a7	a17
12	3287.56260207899	a7	a17	a69	2
13	3287.58169297709	a7	a17
12	3287.58417308653	a7	a17	a51	2
13	3287.58522305482	a7	a17
12	3287.58761572449	a7	a17	a71	3
13	3287.60624004682	a7	a17
12	3287.61013647293	a7	a17	a71	3
13	3287.61658247641	a7	a17
12	3287.62138509635	a7	a17	a73	3
13	3287.7542264762	a7	a17
12	3287.754273825	a7	a17	a73	7
13	3287.87915092925	a7	a17
12	3287.92892385005	a7	a17	a77	2
13	3287.92962751544	a7	a17
12	3287.92971391836	a7	a17	a77	8
13	3287.93011690158	a7	a17
12	3287.93019086248	a7	a17	a77	11
13	3287.93051366379	a7	a17
12	3287.97960089102	a7	a17	a81	3
13	3287.98112434731	a7	a17
12	3288.01616591578	a7	a17	a81	1
13	3288.01799316474	a7	a17
12	3288.08905230905	a7	a17	a51	2
13	3288.08978016725	a7	a17
12	3288.09242202295	a7	a17	a75	3
13	3288.09507321017	a7	a17
12	3288.10284463445	a7	a17	a77	1
13	3288.10347675822	a7	a17
12	3288.10358113295	a7	a17	a77	6
13	3288.10387213799	a7	a17
12	3288.10396096019	a7	a17	a77	10
13	3288.1042246619	a7	a17
12	3288.1043311103	a7	a17	a77	14
13	3288.10459273834	a7	a17
12	3288.17677753991	a7	a17	a83	3
13	3288.17778741724	a7	a17
12	3288.18469550355	a7	a17	a81	1
13	3288.18595422129	a7	a17
12	3288.21635906342	a7	a17	a51	3
13	3288.21910322018	a7	a17
12	3288.22162583985	a7	a17	a53	2
13	3288.23158947904	a7	a17
12	3288.23162749632	a7	a17	a53	4
13	3288.23682031185	a7	a17
12	3288.25985774975	a7	a17	a53	2
13	3288.26384887346	a7	a17
12	3288.26392490803	a7	a17	a53	6
13	3288.26741074745	a7	a17
12	3288.2674477279	a7	a17	a53	7
13	3288.27073173011	a7	a17
12	3288.27457942497	a7	a17	a55	1
13	3288.28041818873	a7	a17
12	3288.29057053189	a7	a17	a57	3
13	3288.96783671417	a7	a17
12	3289.43932742891	a7	a17	a59	3
13	3292.16136503815	a7	a17
12	3292.16145869891	a7	a17	a59	7
13	3294.57897612687	a7	a17
12	3294.5791427117	a7	a17	a59	11
13	3296.91138875176	a7	a17
12	3296.91150902462	a7	a17	a59	14
13	3299.45101355194	a7	a17
12	3299.48728446116	a7	a17	a61	2
13	3300.59733423222	a7	a17
12	3300.59752328181	a7	a17	a61	4
13	3301.58859381198	a7	a17
12	3301.58883746822	a7	a17	a61	11
13	3302.57778836194	a7	a17
12	3302.57804791631	a7	a17	a61	14
13	3303.5339134037	a7	a17
12	3303.55233208708	a7	a17	a61	2
13	3303.85729776181	a7	a17
12	3303.85738209106	a7	a17	a61	5
13	3304.18900168433	a7	a17
12	3304.20675368278	a7	a17	a61	11
13	3304.5003470051	a7	a17
12	3304.50038813289	a7	a17	a61	15
13	3304.78288904828	a7	a17
12	3305.89224586791	a7	a17	a63	1
13	3306.28887536423	a7	a17
12	3307.74949841882	a7	a17	a65	1
13	3365.66151731383	a7	a17
12	3365.66210485369	a7	a17	a65	10
13	3382.09108277146	a7	a17
12	3382.12596639538	a7	a17	a79	2
13	3382.12629334403	a7	a17
12	3382.12637041544	a7	a17	a79	9
13	3382.1264018661	a7	a17
12	3382.12647997434	a7	a17	a79	11
13	3382.12651384429	a7	a17
12	3382.12659817354	a7	a17	a79	15
13	3382.35195150604	a7	a17
12	3382.38620093253	a7	a17	a79	2
13	3382.38630427042	a7	a17
12	3382.38635922268	a7	a17	a79	6
13	3382.38640760831	a7	a17
12	3382.38645841323	a7	a17	a79	9
13	3382.38648675339	a7	a17
12	3382.38653963198	a7	a17	a79	11
13	3382.38656900897	a7	a17
12	3382.38664193303	a7	a17	a79	14
13	3382.38666716269	a7	a17
12	3382.38670103263	a7	a17	a79	15
13	3383.98173316167	a7	a17
12	3390.56861073349	a7	a17	a67	2
13	3431.18526163175	a7	a17
12	3436.81192281071	a7	a17	a51	3
13	3436.81403069636	a7	a17
12	3436.8278506707	a7	a17	a69	3
13	3436.84703730324	a7	a17
12	3436.84961245588	a7	a17	a51	2
13	3436.85067175569	a7	a17
12	3436.85311834078	a7	a17	a71	2
13	3436.86673233056	a7	a17
12	3436.87490362756	a7	a17	a71	3
13	3436.88142151828	a7	a17
12	3436.88620201907	a7	a17	a73	3
13	3437.02093596849	a7	a17
12	3437.02105831502	a7	a17	a73	6
13	3437.15138018571	a7	a17
12	3437.20438042841	a7	a17	a77	5
13	3437.20489746348	a7	a17
12	3437.2049807559	a7	a17	a77	11
13	3437.20528904152	a7	a17
12	3437.20535228846	a7	a17	a77	15
13	3437.20560112887	a7	a17
12	3437.25470010689	a7	a17	a81	2
13	3437.25669083018	a7	a17
12	3437.29255426322	a7	a17	a81	2
13	3437.29447033439	a7	a17
12	3437.38299738434	a7	a17	a75	3
13	3437.38521621134	a7	a17
12	3437.39446028701	a7	a17	a77	7
13	3437.39494967315	a7	a17
12	3437.39502259722	a7	a17	a77	11
13	3437.39528422526	a7	a17
12	3437.39534228802	a7	a17	a77	14
13	3437.39562396154	a7	a17
12	3437.47121649429	a7	a17	a83	3
13	3437.47231692189	a7	a17
12	3437.47921775035	a7	a17	a81	2
13	3437.4803613794	a7	a17
12	3437.51078108284	a7	a17	a51	1
13	3437.51361060568	a7	a17
12	3437.51618057415	a7	a17	a53	2
13	3437.52359636402	a7	a17
12	3437.52368484061	a7	a17	a53	4
13	3437.52740085741	a7	a17
12	3437.5335451419	a7	a17	a53	3
13	3437.5377166749	a7	a17
12	3437.53779374631	a7	a17	a53	7
13	3437.5414440969	a7	a17
12	3437.54406694395	a7	a17	a55	2
13	3437.55050914571	a7	a17
12	3437.55932915584	a7	a17	a57	1
13	3438.24177087306	a7	a17
12	3438.6824433941	a7	a17	a59	3
13	3441.42071472966	a7	a17
12	3441.42075793112	a7	a17	a59	7
13	3443.83670420837	a7	a17
12	3443.83686457219	a7	a17	a59	11
13	3446.13587832094	a7	a17
12	3446.13604732505	a7	a17	a59	14
13	3448.52189358968	a7	a17
12	3448.55901781414	a7	a17	a61	2
13	3449.60711669116	a7	a17
12	3449.60737728237	a7	a17	a61	6
13	3450.57714914701	a7	a17
12	3450.57732437213	a7	a17	a61	10
13	3451.45530661254	a7	a17
12	3451.45547976399	a7	a17	a61	14
13	3452.35298526271	a7	a17
12	3452.4149226779	a7	a17	a61	2
13	3452.72818925401	a7	a17
12	3452.72825664829	a7	a17	a61	5
13	3453.02808757025	a7	a17
12	3453.02827005322	a7	a17	a61	10
13	3453.31991896422	a7	a17
12	3453.32005928257	a7	a17	a61	14
13	3453.59646533593	a7	a17
12	3454.73168496898	a7	a17	a63	1
13	3455.12119417341	a7	a17
12	3456.58037084312	a7	a17	a65	2
13	3482.19017334027	a7	a17
12	3482.19057424982	a7	a17	a65	5
13	3506.73229045514	a7	a17
12	3506.73317141932	a7	a17	a65	8
13	3528.57385974957	a7	a17
12	3528.57427310114	a7	a17	a65	12
13	3536.15204943412	a7	a17
12	3536.18573205745	a7	a17	a79	2
13	3536.18597364001	a7	a17
12	3536.18617824213	a7	a17	a79	4
13	3536.18622904704	a7	a17
12	3536.18633445861	a7	a17	a79	11
13	3536.1863904477	a7	a17
12	3536.44923711794	a7	a17	a79	10
13	3536.44932697698	a7	a17
12	3536.44943031487	a7	a17	a79	13
13	3536.44952846859	a7	a17
12	3544.77738514428	a7	a17	a67	3
13	3588.43314264762	a7	a17
12	3590.95726261652	a7	a17	a51	3
13	3590.96084246232	a7	a17
12	3590.96345044807	a7	a17	a69	1
13	3590.9827639201	a7	a17
12	3590.98515658978	a7	a17	a51	3
13	3590.98612706738	a7	a17
12	3590.98856328413	a7	a17	a71	3
13	3591.0072508534	a7	a17
12	3591.0166763752	a7	a17	a71	1
13	3591.02333700354	a7	a17
12	3591.02792085128	a7	a17	a73	2
13	3591.16379462803	a7	a17
12	3591.16438527839	a7	a17	a73	5
13	3591.28979185974	a7	a17
12	3591.37081982741	a7	a17	a77	2
13	3591.37151208761	a7	a17
12	3591.37160160104	a7	a17	a77	5
13	3591.37188984118	a7	a17
12	3591.37196241963	a7	a17	a77	9
13	3591.37224201948	a7	a17
12	3591.37229075073	a7	a17	a77	13
13	3591.37252265617	a7	a17
12	3591.42832926572	a7	a17	a81	3
13	3591.43028957518	a7	a17
12	3591.46588930651	a7	a17	a81	0
13	3591.467560339	a7	a17
12	3591.54043532709	a7	a17	a51	2
13	3591.54103150724	a7	a17
12	3591.54346012053	a7	a17	a75	2
13	3591.54520200341	a7	a17
12	3591.5538816952	a7	a17	a77	1
13	3591.55423076299	a7	a17
12	3591.55445333692	a7	a17	a77	4
13	3591.55495032652	a7	a17
12	3591.55504640656	a7	a17	a77	11
13	3591.55533222743	a7	a17
12	3591.55541448301	a7	a17	a77	15
13	3591.55569097235	a7	a17
12	3591.631055747	a7	a17	a83	3
13	3591.63215824827	a7	a17
12	3591.64474231523	a7	a17	a81	3
13	3591.64585241995	a7	a17
12	3591.67634159134	a7	a17	a51	3
13	3591.67938954076	a7	a17
12	3591.68212609406	a7	a17	a53	2
13	3591.69272704119	a7	a17
12	3591.6928220844	a7	a17	a53	4
13	3591.69765719184	a7	a17
12	3591.70023683743	a7	a17	a53	2
13	3591.70406033947	a7	a17
12	3591.70414052138	a7	a17	a53	6
13	3591.7078803854	a7	a17
12	3591.7101496717	a7	a17	a55	1
13	3591.71683034552	a7	a17
12	3591.72683303883	a7	a17	a57	3
13	3592.40957440138	a7	a17
12	3592.90924387341	a7	a17	a59	2
13	3595.003451941	a7	a17
12	3595.0035172616	a7	a17	a59	4
13	3597.51792277734	a7	a17
12	3597.51817092653	a7	a17	a59	8
13	3599.4708143754	a7	a17
12	3599.4709356851	a7	a17	a59	12
13	3601.72559846912	a7	a17
12	3602.701903777	a7	a17	a61	2
13	3603.80093613885	a7	a17
12	3603.80108717116	a7	a17	a61	6
13	3604.77340239217	a7	a17
12	3604.77361770825	a7	a17	a61	11
13	3605.70906618551	a7	a17
12	3605.70917920053	a7	a17	a61	14
13	3606.78776206476	a7	a17
12	3607.17652820407	a7	a17	a61	1
13	3607.52083347414	a7	a17
12	3607.52098105033	a7	a17	a61	7
13	3607.8150609939	a7	a17
12	3607.81510834271	a7	a17	a61	11
13	3608.1078220833	a7	a17
12	3608.10790122837	a7	a17	a61	15
13	3608.40071174024	a7	a17
12	3609.51300383989	a7	a17	a63	2
13	3609.85910456265	a7	a17
12	3611.35597329681	a7	a17	a65	2
13	3636.8994221527	a7	a17
12	3636.89992328964	a7	a17	a65	5
13	3662.16266771967	a7	a17
12	3662.16351619635	a7	a17	a65	8
13	3680.40932323145	a7	a17
12	3680.41013576452	a7	a17	a65	13
13	3686.47052508899	a7	a17
12	3686.76269310873	a7	a17	a79	10
13	3686.7627691433	a7	a17
12	3686.7628431042	a7	a17	a79	14
13	3686.76289356351	a7	a17
12	3696.02627475103	a7	a17	a67	3
13	3739.62993198449	a7	a17
12	3742.21505276092	a7	a17	a51	2
13	3742.21830427562	a7	a17
12	3742.22097758199	a7	a17	a69	3
13	3742.24012101306	a7	a17
12	3742.2424770479	a7	a17	a51	3
13	3742.24355743002	a7	a17
12	3742.24602613427	a7	a17	a71	2
13	3742.26308587251	a7	a17
12	3742.26696640048	a7	a17	a71	2
13	3742.27337231301	a7	a17
12	3742.27811272284	a7	a17	a73	2
13	3742.42270386306	a7	a17
12	3742.42304152567	a7	a17	a73	7
13	3742.54759340932	a7	a17
12	3742.59756471123	a7	a17	a77	2
13	3742.59808589365	a7	a17
12	3742.59815881772	a7	a17	a77	7
13	3742.59852274682	a7	a17
12	3742.59856387461	a7	a17	a77	12
13	3742.59883483417	a7	a17
12	3742.59887285145	a7	a17	a77	15
13	3742.59912100064	a7	a17
12	3742.64819025606	a7	a17	a81	2
13	3742.65003547683	a7	a17
12	3742.70654575177	a7	a17	a81	3
13	3742.7081766933	a7	a17
12	3742.78653342828	a7	a17	a75	2
13	3742.78905604795	a7	a17
12	3742.7977820517	a7	a17	a77	6
13	3742.79831291124	a7	a17
12	3742.7984625611	a7	a17	a77	12
13	3742.79872626282	a7	a17
12	3742.88106167949	a7	a17	a83	2
13	3742.88232350774	a7	a17
12	3742.88925163952	a7	a17	a81	2
13	3742.8904049457	a7	a17
12	3742.92091727307	a7	a17	a51	1
13	3742.92320556802	a7	a17
12	3742.9334857875	a7	a17	a53	3
13	3742.94431138223	a7	a17
12	3742.94435147318	a7	a17	a53	7
13	3742.94850192387	a7	a17
12	3742.94987780398	a7	a17	a53	1
13	3742.95424771809	a7	a17
12	3742.95431407553	a7	a17	a53	5
13	3742.95788424421	a7	a17
12	3742.96021055644	a7	a17	a55	1
13	3742.96650691007	a7	a17
12	3742.97643495125	a7	a17	a57	1
13	3743.73325506739	a7	a17
12	3744.17003530966	a7	a17	a59	2
13	3746.34545832084	a7	a17
12	3746.34564495115	a7	a17	a59	4
13	3748.77375883329	a7	a17
12	3748.77394027942	a7	a17	a59	8
13	3750.7301310866	a7	a17
12	3750.73021023168	a7	a17	a59	12
13	3753.07781732856	a7	a17
12	3754.15898709623	a7	a17	a61	3
13	3755.26151877637	a7	a17
12	3755.26170229617	a7	a17	a61	7
13	3756.37247508687	a7	a17
12	3756.3727778427	a7	a17	a61	10
13	3757.28460963688	a7	a17
12	3757.28476377969	a7	a17	a61	13
13	3758.27258694249	a7	a17
12	3758.49130936926	a7	a17	a61	1
13	3758.81549658331	a7	a17
12	3758.81554289528	a7	a17	a61	7
13	3759.10676670391	a7	a17
12	3759.1068344438	a7	a17	a61	11
13	3759.41445441624	a7	a17
12	3759.41462964137	a7	a17	a61	14
13	3759.70459680592	a7	a17
12	3760.82132621396	a7	a17	a63	3
13	3761.22108695212	a7	a17
12	3762.69056907097	a7	a17	a65	1
13	3824.07668972898	a7	a17
12	3824.07707992457	a7	a17	a65	10
13	3840.96134662703	a7	a17
12	3841.86712676065	a7	a17	a79	5
13	3841.86734622407	a7	a17
12	3841.86738216768	a7	a17	a79	10
13	3841.86741189029	a7	a17
12	3841.86754149467	a7	a17	a79	13
13	3841.86762167658	a7	a17
12	3842.07551850862	a7	a17	a79	10
13	3842.07556931354	a7	a17
12	3842.07568440223	a7	a17	a79	14
13	3842.07571585289	a7	a17
12	3843.73075826638	a7	a17	a79	2
13	3843.73082877116	a7	a17
12	3843.73088372342	a7	a17	a79	6
13	3843.73090998991	a7	a17
12	3843.73097220001	a7	a17	a79	9
13	3843.73100503312	a7	a17
12	3843.7310399399	a7	a17	a79	10
13	3843.73109350971	a7	a17
12	3843.7311463883	a7	a17	a79	12
13	3843.73118025824	a7	a17
12	3843.7312117089	a7	a17	a79	14
13	3843.73124143151	a7	a17
12	3843.73129500132	a7	a17	a79	15
13	3850.18635040213	a7	a17
12	3850.37856959705	a7	a17	a67	1
13	3891.71217672318	a7	a17
12	3896.76676416513	a7	a17	a51	3
13	3896.76996591176	a7	a17
12	3896.77246226494	a7	a17	a69	2
13	3896.79136722396	a7	a17
12	3896.79376438658	a7	a17	a51	1
13	3896.79494257681	a7	a17
12	3896.79753708371	a7	a17	a71	2
13	3896.81765859585	a7	a17
12	3896.82275636816	a7	a17	a71	1
13	3896.83013621441	a7	a17
12	3896.83498410948	a7	a17	a73	3
13	3896.9705285183	a7	a17
12	3896.97063600353	a7	a17	a73	5
13	3897.10231370885	a7	a17
12	3897.15276713905	a7	a17	a77	3
13	3897.1532893583	a7	a17
12	3897.15338647519	a7	a17	a77	7
13	3897.15380017237	a7	a17
12	3897.15391698912	a7	a17	a77	13
13	3897.15419347847	a7	a17
12	3897.2047070451	a7	a17	a81	1
13	3897.20657438502	a7	a17
12	3897.24331048756	a7	a17	a81	1
13	3897.24493728175	a7	a17
12	3897.31988110137	a7	a17	a75	3
13	3897.32250705893	a7	a17
12	3897.34380365079	a7	a17	a77	5
13	3897.3441530642	a7	a17
12	3897.3442564021	a7	a17	a77	8
13	3897.34454325979	a7	a17
12	3897.34462862588	a7	a17	a77	12
13	3897.34489682054	a7	a17
12	3897.42097355526	a7	a17	a83	1
13	3897.4221700629	a7	a17
12	3897.42873426558	a7	a17	a81	1
13	3897.43001302881	a7	a17
12	3897.47980184775	a7	a17	a51	3
13	3897.48242987898	a7	a17
12	3897.48490791474	a7	a17	a53	2
13	3897.4964741553	a7	a17
12	3897.49652392338	a7	a17	a53	5
13	3897.50173678439	a7	a17
12	3897.50424972693	a7	a17	a53	2
13	3897.50800790836	a7	a17
12	3897.50808497977	a7	a17	a53	6
13	3897.51170353408	a7	a17
12	3897.51396556254	a7	a17	a55	2
13	3897.52011226631	a7	a17
12	3897.53047577821	a7	a17	a57	2
13	3898.16496974992	a7	a17
12	3898.67727651311	a7	a17	a59	3
13	3901.40696078081	a7	a17
12	3901.40704199956	a7	a17	a59	7
13	3903.81376320979	a7	a17
12	3903.82907795465	a7	a17	a59	11
13	3905.97616599207	a7	a17
12	3905.9763325769	a7	a17	a59	14
13	3908.56777528221	a7	a17
12	3908.60320393576	a7	a17	a61	1
13	3909.5972792139	a7	a17
12	3909.59763588515	a7	a17	a61	4
13	3910.45558854613	a7	a17
12	3910.45579107457	a7	a17	a61	8
13	3911.29127517447	a7	a17
12	3911.29145973111	a7	a17	a61	12
13	3912.15403356589	a7	a17
12	3912.86556127106	a7	a17	a61	2
13	3913.17754804712	a7	a17
12	3913.17762926586	a7	a17	a61	6
13	3913.4648654069	a7	a17
12	3913.46500676208	a7	a17	a61	9
13	3913.75739735575	a7	a17
12	3913.75745645535	a7	a17	a61	14
13	3914.0431573893	a7	a17
12	3915.16390626121	a7	a17	a63	3
13	3915.52590857747	a7	a17
12	3917.24140884252	a7	a17	a65	3
13	3949.72267040919	a7	a17
12	3949.72311555704	a7	a17	a65	6
13	3963.20483248307	a7	a17
12	3963.20564674419	a7	a17	a65	7
13	3973.96086006683	a7	a17
12	3973.96164806147	a7	a17	a65	9
13	3979.52714426735	a7	a17
12	3979.5280273052	a7	a17	a65	11
13	3988.04034972333	a7	a17
12	3988.04111905494	a7	a17	a65	15
13	3989.22131762914	a7	a17
12	3992.70063225315	a7	a17	a79	11
13	3992.70087176204	a7	a17
12	3992.91367247825	a7	a17	a79	10
13	3992.91371982705	a7	a17
12	3992.91380830364	a7	a17	a79	14
13	3992.91385392438	a7	a17
12	3994.6707532848	a7	a17	a79	1
13	3994.67098346218	a7	a17
12	3994.67106260725	a7	a17	a79	5
13	3994.67111514023	a7	a17
12	3994.67119532214	a7	a17	a79	9
13	3994.67124509022	a7	a17
12	3994.67133460364	a7	a17	a79	13
13	3994.67137054726	a7	a17
12	4001.76968739694	a7	a17	a67	2
13	4042.55138861017	a7	a17
12	4047.69679347069	a7	a17	a51	1
13	4047.70009164298	a7	a17
12	4047.70268165692	a7	a17	a69	2
13	4047.72188937178	a7	a17
12	4047.72434978134	a7	a17	a51	2
13	4047.72542705296	a7	a17
12	4047.72774057756	a7	a17	a71	3
13	4047.74739032975	a7	a17
12	4047.74898982061	a7	a17	a71	2
13	4047.75542338208	a7	a17
12	4047.76019627941	a7	a17	a73	3
13	4047.89874439936	a7	a17
12	4047.89880349896	a7	a17	a73	7
13	4048.02266346802	a7	a17
12	4048.07324961312	a7	a17	a77	4
13	4048.07381952678	a7	a17
12	4048.07390800337	a7	a17	a77	8
13	4048.07420661186	a7	a17
12	4048.07430061824	a7	a17	a77	13
13	4048.07458125493	a7	a17
12	4048.12461787744	a7	a17	a81	3
13	4048.12626990129	a7	a17
12	4048.16129695406	a7	a17	a81	2
13	4048.16295105157	a7	a17
12	4048.23680170144	a7	a17	a51	3
13	4048.23739062374	a7	a17
12	4048.23978121975	a7	a17	a75	2
13	4048.2417795465	a7	a17
12	4048.27163659411	a7	a17	a77	5
13	4048.27216088703	a7	a17
12	4048.27226871788	a7	a17	a77	11
13	4048.27254071427	a7	a17
12	4048.27258184206	a7	a17	a77	13
13	4048.27282791758	a7	a17
12	4048.3582859358	a7	a17	a83	3
13	4048.35941574039	a7	a17
12	4048.36628304451	a7	a17	a81	2
13	4048.36744568221	a7	a17
12	4048.39895509928	a7	a17	a51	3
13	4048.40179187997	a7	a17
12	4048.40427751919	a7	a17	a53	2
13	4048.41517500114	a7	a17
12	4048.41521405526	a7	a17	a53	4
13	4048.42063359205	a7	a17
12	4048.4229840971	a7	a17	a53	1
13	4048.42672534356	a7	a17
12	4048.42682868145	a7	a17	a53	5
13	4048.43038087832	a7	a17
12	4048.4337972498	a7	a17	a55	3
13	4048.4391874096	a7	a17
12	4048.44930069864	a7	a17	a57	1
13	4049.1769304521	a7	a17
12	4049.64147713692	a7	a17	a59	2
13	4051.73046577688	a7	a17
12	4051.73054077461	a7	a17	a59	4
13	4054.1493694533	a7	a17
12	4054.14951599265	a7	a17	a59	8
13	4056.31531821144	a7	a17
12	4056.31566002139	a7	a17	a59	12
13	4058.66781847851	a7	a17
12	4059.5794909457	a7	a17	a61	3
13	4060.6866216805	a7	a17
12	4060.68686222623	a7	a17	a61	7
13	4061.6474933531	a7	a17
12	4061.6476768729	a7	a17	a61	8
13	4062.58633470024	a7	a17
12	4062.58651510954	a7	a17	a61	12
13	4063.55091582303	a7	a17
12	4063.59582391379	a7	a17	a61	2
13	4063.90321301764	a7	a17
12	4063.90327522774	a7	a17	a61	5
13	4064.20618347612	a7	a17
12	4064.20630374899	a7	a17	a61	10
13	4064.50253477967	a7	a17
12	4064.50258316531	a7	a17	a61	14
13	4064.7862055906	a7	a17
12	4066.19082607382	a7	a17	a63	3
13	4066.55552727171	a7	a17
12	4068.04184033387	a7	a17	a65	3
13	4099.75972449396	a7	a17
12	4099.76055914617	a7	a17	a65	6
13	4113.4444913938	a7	a17
12	4113.44599584146	a7	a17	a65	7
13	4123.97170641773	a7	a17
12	4123.97283103815	a7	a17	a65	9
13	4129.80305265938	a7	a17
12	4129.80406979456	a7	a17	a65	11
13	4137.95914931491	a7	a17
12	4137.95958513124	a7	a17	a65	14
13	4140.49544552899	a7	a17
12	4143.19683111215	a7	a17	a79	2
13	4143.19700530043	a7	a17
12	4143.19706751054	a7	a17	a79	4
13	4143.1971138225	a7	a17
12	4143.19715183979	a7	a17	a79	6
13	4143.19718882024	a7	a17
12	4143.19725725135	a7	a17	a79	9
13	4143.19728697395	a7	a17
12	4143.19738823818	a7	a17	a79	12
13	4143.19743351331	a7	a17
12	4143.46220800551	a7	a17	a79	7
13	4145.00757919193	a7	a17
12	4145.15635154227	a7	a17	a79	1
13	4145.15647803615	a7	a17
12	4145.15652123761	a7	a17	a79	4
13	4145.15656029173	a7	a17
12	4145.15660038269	a7	a17	a79	6
13	4145.15678286565	a7	a17
12	4145.15683781791	a7	a17	a79	8
13	4145.15686615807	a7	a17
12	4145.15692422083	a7	a17	a79	10
13	4145.15695912761	a7	a17
12	4145.15703101484	a7	a17	a79	12
13	4145.15707317947	a7	a17
12	4145.15712260194	a7	a17	a79	15
13	4152.33989519596	a7	a17
12	4152.45000396741	a7	a17	a67	2
13	4193.14582724423	a7	a17
12	4198.427877978	a7	a17	a51	3
13	4198.4310641721	a7	a17
12	4198.43362999323	a7	a17	a69	1
13	4198.45299288773	a7	a17
12	4198.45550583027	a7	a17	a51	2
13	4198.45674761304	a7	a17
12	4198.45928094667	a7	a17	a71	3
13	4198.47762359548	a7	a17
12	4198.48008918922	a7	a17	a71	1
13	4198.48653622954	a7	a17
12	4198.49246243306	a7	a17	a73	3
13	4198.6242265413	a7	a17
12	4198.62438690512	a7	a17	a73	5
13	4198.75787527004	a7	a17
12	4198.80687160139	a7	a17	a77	1
13	4198.80762365241	a7	a17
12	4198.80770072382	a7	a17	a77	7
13	4198.80813239281	a7	a17
12	4198.80817663111	a7	a17	a77	12
13	4198.80843203814	a7	a17
12	4198.80845934146	a7	a17	a77	14
13	4198.80871060116	a7	a17
12	4198.87918082316	a7	a17	a81	2
13	4198.8807350389	a7	a17
12	4198.91667001356	a7	a17	a81	2
13	4198.91844161904	a7	a17
12	4198.98906805753	a7	a17	a51	1
13	4198.989857089	a7	a17
12	4198.99230263726	a7	a17	a75	1
13	4198.9942681309	a7	a17
12	4199.00297961896	a7	a17	a77	1
13	4199.00374342078	a7	a17
12	4199.00384572183	a7	a17	a77	6
13	4199.00410942355	a7	a17
12	4199.00421621756	a7	a17	a77	10
13	4199.00448717712	a7	a17
12	4199.00463509892	a7	a17	a77	14
13	4199.00496723174	a7	a17
12	4199.07952811362	a7	a17	a83	2
13	4199.08054939614	a7	a17
12	4199.09552440472	a7	a17	a81	2
13	4199.09687782007	a7	a17
12	4199.12732171632	a7	a17	a51	3
13	4199.13005412228	a7	a17
12	4199.13260957506	a7	a17	a53	2
13	4199.14353228666	a7	a17
12	4199.14362698427	a7	a17	a53	4
13	4199.14851393345	a7	a17
12	4199.15005225105	a7	a17	a53	2
13	4199.15416675813	a7	a17
12	4199.15426698551	a7	a17	a53	6
13	4199.15805454394	a7	a17
12	4199.16041679979	a7	a17	a55	3
13	4199.16678504064	a7	a17
12	4199.17703139019	a7	a17	a57	3
13	4199.82706821047	a7	a17
12	4200.38432937639	a7	a17	a59	1
13	4202.84722112528	a7	a17
12	4202.84732757368	a7	a17	a59	6
13	4205.24612252559	a7	a17
12	4205.24639590443	a7	a17	a59	10
13	4208.14655106072	a7	a17
12	4208.14676741363	a7	a17	a59	15
13	4210.41889188228	a7	a17
12	4210.45189710671	a7	a17	a61	1
13	4211.55157092385	a7	a17
12	4211.55183669923	a7	a17	a61	6
13	4212.51975055547	a7	a17
12	4212.52003015532	a7	a17	a61	10
13	4213.44553953182	a7	a17
12	4213.44572719896	a7	a17	a61	14
13	4214.36611011738	a7	a17
12	4214.4058602994	a7	a17	a61	1
13	4214.85726648245	a7	a17
12	4214.85736878351	a7	a17	a61	6
13	4215.13568537826	a7	a17
12	4215.13574655152	a7	a17	a61	10
13	4215.40360493677	a7	a17
12	4215.40370620099	a7	a17	a61	14
13	4215.67157080724	a7	a17
12	4216.9099634765	a7	a17	a63	3
13	4217.26130885653	a7	a17
12	4218.74161276838	a7	a17	a65	1
13	4275.97100677197	a7	a17
12	4275.97173497578	a7	a17	a65	10
13	4292.95147932474	a7	a17
12	4292.98487820088	a7	a17	a79	1
13	4292.98512393078	a7	a17
12	4293.2388194949	a7	a17	a79	8
13	4293.23885647535	a7	a17
12	4293.23888723479	a7	a17	a79	10
13	4293.23893665726	a7	a17
12	4293.23896637986	a7	a17	a79	12
13	4293.23899886736	a7	a17
12	4293.23904206882	a7	a17	a79	14
13	4293.23909702108	a7	a17
12	4294.88160340763	a7	a17	a79	9
13	4294.88170570869	a7	a17
12	4294.88177759592	a7	a17	a79	13
13	4294.8818156132	a7	a17
12	4294.88192724577	a7	a17	a79	15
13	4301.58921903818	a7	a17
12	4301.84668211525	a7	a17	a67	1
13	4342.95207977393	a7	a17
12	4347.58292690238	a7	a17	a51	2
13	4347.58591678905	a7	a17
12	4347.60427948333	a7	a17	a69	3
13	4347.62307280978	a7	a17
12	4347.63000647135	a7	a17	a51	1
13	4347.63107925001	a7	a17
12	4347.63251111921	a7	a17	a71	1
13	4347.65081886124	a7	a17
12	4347.656858771	a7	a17	a71	2
13	4347.66382733935	a7	a17
12	4347.66857293336	a7	a17	a73	2
13	4347.80332900193	a7	a17
12	4347.80345134846	a7	a17	a73	6
13	4347.93326793487	a7	a17
12	4347.99000320301	a7	a17	a77	2
13	4347.99050537679	a7	a17
12	4347.9905706974	a7	a17	a77	6
13	4347.99095156147	a7	a17
12	4347.99103589072	a7	a17	a77	11
13	4347.99134832368	a7	a17
12	4347.99143265293	a7	a17	a77	14
13	4347.99171121595	a7	a17
12	4348.03983522342	a7	a17	a81	2
13	4348.04139877067	a7	a17
12	4348.07582929767	a7	a17	a81	1
13	4348.07781483679	a7	a17
12	4348.14984584115	a7	a17	a51	1
13	4348.1505453592	a7	a17
12	4348.15372706034	a7	a17	a75	3
13	4348.1556134089	a7	a17
12	4348.1648111726	a7	a17	a77	5
13	4348.16518270516	a7	a17
12	4348.16527429226	a7	a17	a77	8
13	4348.16561506538	a7	a17
12	4348.16574190486	a7	a17	a77	12
13	4348.1659886716	a7	a17
12	4348.24017802092	a7	a17	a83	2
13	4348.24125943988	a7	a17
12	4348.24821314692	a7	a17	a81	3
13	4348.24955515709	a7	a17
12	4348.2962842758	a7	a17	a51	3
13	4348.29889329839	a7	a17
12	4348.30136856926	a7	a17	a53	2
13	4348.31230890706	a7	a17
12	4348.31237664695	a7	a17	a53	5
13	4348.31651534685	a7	a17
12	4348.31658619724	a7	a17	a53	7
13	4348.32001604758	a7	a17
12	4348.32270525208	a7	a17	a53	3
13	4348.32697701247	a7	a17
12	4348.32701399292	a7	a17	a53	7
13	4348.33057379325	a7	a17
12	4348.3432760594	a7	a17	a55	2
13	4348.3494206895	a7	a17
12	4348.35918905809	a7	a17	a57	1
13	4349.0828771103	a7	a17
12	4349.52654159167	a7	a17	a59	3
13	4352.25184142957	a7	a17
12	4352.25191642731	a7	a17	a59	7
13	4354.81918186739	a7	a17
12	4354.81952264051	a7	a17	a59	11
13	4357.15070627025	a7	a17
12	4357.15082550628	a7	a17	a59	14
13	4359.42102526347	a7	a17
12	4359.50884035336	a7	a17	a61	3
13	4360.59913288699	a7	a17
12	4360.59954105439	a7	a17	a61	7
13	4361.5547799478	a7	a17
12	4361.55498662358	a7	a17	a61	9
13	4362.51710007896	a7	a17
12	4362.51743324862	a7	a17	a61	14
13	4363.43880461645	a7	a17
12	4363.57276646937	a7	a17	a61	2
13	4363.85649119572	a7	a17
12	4363.85660835808	a7	a17	a61	4
13	4364.28566487048	a7	a17
12	4364.28575265585	a7	a17	a61	10
13	4364.55482206443	a7	a17
12	4364.55489879022	a7	a17	a61	14
13	4364.82480388784	a7	a17
12	4366.0623031509	a7	a17	a63	3
13	4366.42534126537	a7	a17
12	4367.89480368435	a7	a17	a65	2
13	4392.72951288451	a7	a17
12	4392.73003510376	a7	a17	a65	5
13	4417.43884315225	a7	a17
12	4417.43989899594	a7	a17	a65	8
13	4436.36476904846	a7	a17
12	4436.36563618817	a7	a17	a65	13
13	4442.2881402759	a7	a17
12	4442.32317216723	a7	a17	a79	2
13	4442.32336017999	a7	a17
12	4442.32343725139	a7	a17	a79	4
13	4442.32348563703	a7	a17
12	4442.32355406814	a7	a17	a79	8
13	4442.32361973436	a7	a17
12	4442.3237272196	a7	a17	a79	12
13	4442.32376420005	a7	a17
12	4442.54046618092	a7	a17	a79	11
13	4442.54054117865	a7	a17
12	4442.54060649926	a7	a17	a79	14
13	4442.54065004633	a7	a17
12	4444.13491629989	a7	a17	a79	12
13	4444.13541536316	a7	a17
12	4450.90215132807	a7	a17	a67	3
13	4494.17732435744	a7	a17
12	4496.91072153144	a7	a17	a51	1
13	4496.91374839856	a7	a17
12	4496.91640165944	a7	a17	a69	1
13	4496.93527931514	a7	a17
12	4496.93762567285	a7	a17	a51	1
13	4496.93847380392	a7	a17
12	4496.95492284632	a7	a17	a71	1
13	4496.97332770523	a7	a17
12	4496.97593154365	a7	a17	a71	2
13	4496.98272903421	a7	a17
12	4496.98849798441	a7	a17	a73	2
13	4497.1243492964	a7	a17
12	4497.12443569933	a7	a17	a73	6
13	4497.25555938912	a7	a17
12	4497.30575983157	a7	a17	a77	1
13	4497.30644863565	a7	a17
12	4497.30652674389	a7	a17	a77	6
13	4497.30680530691	a7	a17
12	4497.30687166435	a7	a17	a77	10
13	4497.30713985902	a7	a17
12	4497.30724112324	a7	a17	a77	14
13	4497.3075089723	a7	a17
12	4497.36826266747	a7	a17	a81	1
13	4497.36971734704	a7	a17
12	4497.40603249455	a7	a17	a81	2
13	4497.40764788355	a7	a17
12	4497.48084843785	a7	a17	a51	3
13	4497.48144565483	a7	a17
12	4497.4840422354	a7	a17	a75	2
13	4497.48624067131	a7	a17
12	4497.5067482317	a7	a17	a77	3
13	4497.50729913672	a7	a17
12	4497.50736445733	a7	a17	a77	10
13	4497.5076357625	a7	a17
12	4497.50773598989	a7	a17	a77	13
13	4497.5079996916	a7	a17
12	4497.50802595809	a7	a17	a77	15
13	4497.50825820914	a7	a17
12	4497.58198651248	a7	a17	a83	1
13	4497.58319649898	a7	a17
12	4497.59018926014	a7	a17	a81	2
13	4497.59144797789	a7	a17
12	4497.62212066907	a7	a17	a51	3
13	4497.62457658569	a7	a17
12	4497.62697167465	a7	a17	a53	2
13	4497.63790268093	a7	a17
12	4497.63797975234	a7	a17	a53	6
13	4497.64163425027	a7	a17
12	4497.64427817963	a7	a17	a53	2
13	4497.64808059936	a7	a17
12	4497.64816285494	a7	a17	a53	6
13	4497.6518450018	a7	a17
12	4497.65413329675	a7	a17	a55	1
13	4497.6603473948	a7	a17
12	4497.67018557695	a7	a17	a57	3
13	4498.31796866345	a7	a17
12	4498.82987762759	a7	a17	a59	3
13	4501.54832709634	a7	a17
12	4501.54838826961	a7	a17	a59	7
13	4504.0796941966	a7	a17
12	4504.07992541082	a7	a17	a59	11
13	4506.39507991635	a7	a17
12	4506.39518532791	a7	a17	a59	14
13	4508.6558202818	a7	a17
12	4508.81461537092	a7	a17	a61	2
13	4509.9060778001	a7	a17
12	4509.90626477602	a7	a17	a61	6
13	4510.88529937936	a7	a17
12	4510.8855136586	a7	a17	a61	9
13	4511.83350438381	a7	a17
12	4511.83374492954	a7	a17	a61	13
13	4512.76710452979	a7	a17
12	4513.10093776589	a7	a17	a61	2
13	4513.5591856778	a7	a17
12	4513.55926274921	a7	a17	a61	6
13	4513.83827160415	a7	a17
12	4513.83837390521	a7	a17	a61	10
13	4514.12185393849	a7	a17
12	4514.12199529367	a7	a17	a61	13
13	4514.42138383268	a7	a17
12	4515.59900414373	a7	a17	a63	1
13	4515.97982294242	a7	a17
12	4517.44334533342	a7	a17	a65	3
13	4548.96268111186	a7	a17
12	4548.9634870783	a7	a17	a65	6
13	4562.54592388882	a7	a17
12	4562.54692097853	a7	a17	a65	7
13	4573.01174272546	a7	a17
12	4573.01250237994	a7	a17	a65	9
13	4578.77018598447	a7	a17
12	4578.77099402458	a7	a17	a65	11
13	4587.12779222255	a7	a17
12	4587.12852353687	a7	a17	a65	13
13	4593.07162262474	a7	a17
12	4593.10781922744	a7	a17	a79	3
13	4593.1079985999	a7	a17
12	4593.10810643075	a7	a17	a79	7
13	4593.1082972084	a7	a17
12	4593.32261827039	a7	a17	a79	8
13	4593.32269637863	a7	a17
12	4593.32274891161	a7	a17	a79	10
13	4593.32278381839	a7	a17
12	4593.32283877065	a7	a17	a79	12
13	4593.32287782477	a7	a17
12	4593.32291480522	a7	a17	a79	14
13	4593.32294729272	a7	a17
12	4595.00844500764	a7	a17	a79	8
13	4595.0086212696	a7	a17
12	4595.00865375709	a7	a17	a79	13
13	4595.00868555337	a7	a17
12	4595.00874050563	a7	a17	a79	15
13	4601.80335661933	a7	a17
12	4602.01460623031	a7	a17	a67	1
13	4643.15502990493	a7	a17
12	4647.89819806521	a7	a17	a51	3
13	4647.90130615107	a7	a17
12	4647.90385400039	a7	a17	a69	3
13	4647.92331297494	a7	a17
12	4647.92940368961	a7	a17	a71	3
13	4647.94693380536	a7	a17
12	4647.94956944005	a7	a17	a71	2
13	4647.95603652585	a7	a17
12	4647.98455709309	a7	a17	a73	3
13	4648.12132634971	a7	a17
12	4648.12140756845	a7	a17	a73	6
13	4648.25271512366	a7	a17
12	4648.30393546619	a7	a17	a77	1
13	4648.30470548901	a7	a17
12	4648.3047403958	a7	a17	a77	5
13	4648.30503278328	a7	a17
12	4648.30511192835	a7	a17	a77	8
13	4648.30544924536	a7	a17
12	4648.30555914987	a7	a17	a77	13
13	4648.30582077791	a7	a17
12	4648.3854645708	a7	a17	a81	1
13	4648.38710104212	a7	a17
12	4648.42284627596	a7	a17	a81	1
13	4648.42464829527	a7	a17
12	4648.49588784889	a7	a17	a51	1
13	4648.49675395176	a7	a17
12	4648.49919846319	a7	a17	a75	2
13	4648.50137719923	a7	a17
12	4648.51025941947	a7	a17	a77	5
13	4648.51061470828	a7	a17
12	4648.51076885109	a7	a17	a77	9
13	4648.51101250732	a7	a17
12	4648.51105156144	a7	a17	a77	13
13	4648.51131422632	a7	a17
12	4648.58452584019	a7	a17	a83	2
13	4648.5855882505	a7	a17
12	4648.59251223494	a7	a17	a81	2
13	4648.59365482717	a7	a17
12	4648.62412395307	a7	a17	a51	2
13	4648.62696211621	a7	a17
12	4648.62947609558	a7	a17	a53	3
13	4648.64054949388	a7	a17
12	4648.64062760212	a7	a17	a53	6
13	4648.64473588819	a7	a17
12	4648.64736841237	a7	a17	a53	3
13	4648.65111899035	a7	a17
12	4648.6512033196	a7	a17	a53	7
13	4648.65490965928	a7	a17
12	4648.6573361989	a7	a17	a55	1
13	4648.6638298968	a7	a17
12	4648.67312028443	a7	a17	a57	2
13	4649.32121926001	a7	a17
12	4649.7995337318	a7	a17	a59	3
13	4652.66252180779	a7	a17
12	4652.66270636443	a7	a17	a59	7
13	4654.97482881867	a7	a17
12	4654.97497535802	a7	a17	a59	11
13	4657.2997254263	a7	a17
12	4657.29978037856	a7	a17	a59	14
13	4659.67210147561	a7	a17
12	4659.70512467185	a7	a17	a61	2
13	4660.78919896009	a7	a17
12	4660.78939077458	a7	a17	a61	4
13	4661.72553911549	a7	a17
12	4661.72580800138	a7	a17	a61	8
13	4662.71478343353	a7	a17
12	4662.71512835399	a7	a17	a61	13
13	4663.70012510446	a7	a17
12	4664.10181124529	a7	a17	a61	1
13	4664.44341452323	a7	a17
12	4664.44357177655	a7	a17	a61	6
13	4664.73705553997	a7	a17
12	4664.73715784103	a7	a17	a61	10
13	4665.02054179426	a7	a17
12	4665.02074743321	a7	a17	a61	14
13	4665.29911690654	a7	a17
12	4668.16778718419	a7	a17	a63	2
13	4668.51732225024	a7	a17
12	4670.02036291782	a7	a17	a65	3
13	4702.57917283375	a7	a17
12	4702.57961176059	a7	a17	a65	6
13	4716.31542066733	a7	a17
12	4716.31625220904	a7	a17	a65	7
13	4726.90101226929	a7	a17
12	4726.90211788106	a7	a17	a65	8
13	4744.54636981144	a7	a17
12	4747.46831785796	a7	a17	a79	9
13	4747.46848029545	a7	a17
12	4747.46857326499	a7	a17	a79	12
13	4747.46862925409	a7	a17
12	4747.46871358334	a7	a17	a79	15
13	4749.17840722652	a7	a17
12	4749.32370203212	a7	a17	a79	1
13	4749.3240120458	a7	a17
12	4749.32404591574	a7	a17	a79	6
13	4749.32409568382	a7	a17
12	4749.32413024499	a7	a17	a79	8
13	4749.32416515177	a7	a17
12	4749.32423254605	a7	a17	a79	9
13	4749.32427056333	a7	a17
12	4749.32434867157	a7	a17	a79	13
13	4749.32438046785	a7	a17
12	4749.32444371479	a7	a17	a79	15
13	4756.51177596373	a7	a17
12	4756.59115709174	a7	a17	a67	3
13	4803.12265055796	a7	a17
12	4812.15776767139	a7	a17	a51	1
13	4812.15965194628	a7	a17
12	4812.15976668936	a7	a17	a51	3
13	4812.1613240156	a7	a17
12	4812.16288652601	a7	a17	a69	1
13	4812.17300638168	a7	a17
12	4812.17305891466	a7	a17	a69	3
13	4812.18263857926	a7	a17
12	4812.18485947993	a7	a17	a51	1
13	4812.18547881607	a7	a17
12	4812.18560323627	a7	a17	a51	3
13	4812.18614757467	a7	a17
12	4812.18759741568	a7	a17	a71	1
13	4812.20462017348	a7	a17
12	4812.21825524557	a7	a17	a71	1
13	4812.22480700623	a7	a17
12	4812.22931620184	a7	a17	a73	2
13	4812.35051738024	a7	a17
12	4812.35080216426	a7	a17	a73	5
13	4812.47464761764	a7	a17
12	4812.56700853799	a7	a17	a77	4
13	4812.56736935658	a7	a17
12	4812.5674675103	a7	a17	a77	9
13	4812.5677398523	a7	a17
12	4812.56782625522	a7	a17	a77	11
13	4812.56811967954	a7	a17
12	4812.63924932864	a7	a17	a81	3
13	4812.6412687377	a7	a17
12	4812.67630615882	a7	a17	a81	2
13	4812.67771867376	a7	a17
12	4812.75071600839	a7	a17	a51	3
13	4812.75134674971	a7	a17
12	4812.75386936938	a7	a17	a75	2
13	4812.75567138869	a7	a17
12	4812.76435626465	a7	a17	a77	1
13	4812.76494829747	a7	a17
12	4812.76503781089	a7	a17	a77	6
13	4812.76531741074	a7	a17
12	4812.76538929797	a7	a17	a77	9
13	4812.76565196285	a7	a17
12	4812.76572799742	a7	a17	a77	11
13	4812.76599584647	a7	a17
12	4812.85130110433	a7	a17	a83	3
13	4812.85240878977	a7	a17
12	4812.85911020029	a7	a17	a81	2
13	4812.86021166472	a7	a17
12	4812.89071880791	a7	a17	a51	1
13	4812.89348819432	a7	a17
12	4812.89603708048	a7	a17	a53	2
13	4812.90727948289	a7	a17
12	4812.90737659977	a7	a17	a53	5
13	4812.91251999283	a7	a17
12	4812.91601723744	a7	a17	a53	3
13	4812.91985663762	a7	a17
12	4812.91988186727	a7	a17	a53	6
13	4812.92335180856	a7	a17
12	4812.92571406441	a7	a17	a55	3
13	4812.93206433346	a7	a17
12	4812.94198788169	a7	a17	a57	1
13	4813.88507990691	a7	a17
12	4814.36058835746	a7	a17	a59	1
13	4816.81780619935	a7	a17
12	4816.81790331624	a7	a17	a59	6
13	4819.09550745811	a7	a17
12	4819.09564017299	a7	a17	a59	10
13	4821.97907256243	a7	a17
12	4821.97923914726	a7	a17	a59	15
13	4824.47005528323	a7	a17
12	4824.50364839313	a7	a17	a61	1
13	4825.60523067798	a7	a17
12	4825.6054176539	a7	a17	a61	6
13	4826.59202530042	a7	a17
12	4826.59238093484	a7	a17	a61	11
13	4827.527601654	a7	a17
12	4827.52775994415	a7	a17	a61	12
13	4828.47341364316	a7	a17
12	4828.52212311682	a7	a17	a61	1
13	4828.85713385192	a7	a17
12	4828.8572665668	a7	a17	a61	7
13	4829.15286478249	a7	a17
12	4829.15291316813	a7	a17	a61	11
13	4829.45171313045	a7	a17
12	4829.4518240718	a7	a17	a61	15
13	4829.7386240509	a7	a17
12	4830.90881889496	a7	a17	a63	3
13	4831.26727834586	a7	a17
12	4832.72701559772	a7	a17	a65	2
13	4858.97535192153	a7	a17
12	4858.97621698757	a7	a17	a65	5
13	4883.73590045813	a7	a17
12	4883.73678142231	a7	a17	a65	8
13	4901.84190411166	a7	a17
12	4901.84223866377	a7	a17	a65	15
13	4903.0002171717	a7	a17
12	4908.42961391641	a7	a17	a79	1
13	4908.43001067862	a7	a17
12	4908.4300780729	a7	a17	a79	6
13	4908.43013095148	a7	a17
12	4908.4301668951	a7	a17	a79	8
13	4908.43021631757	a7	a17
12	4908.43028716796	a7	a17	a79	10
13	4908.43031861863	a7	a17
12	4908.43035456224	a7	a17	a79	13
13	4908.43038532168	a7	a17
12	4908.43041884601	a7	a17	a79	14
13	4908.43044960545	a7	a17
12	4908.69312865403	a7	a17	a79	11
13	4908.69317392916	a7	a17
12	4908.69334604377	a7	a17	a79	15
13	4910.1740252899	a7	a17
12	4910.42711534235	a7	a17	a79	5
13	4910.42721971708	a7	a17
12	4910.42726913955	a7	a17	a79	11
13	4910.42732512864	a7	a17
12	4910.42738630191	a7	a17	a79	13
13	4910.42741602452	a7	a17
12	4917.6991715303	a7	a17	a67	3
13	4961.53899801386	a7	a17
12	4962.8827106591	a7	a17	a51	1
13	4962.88577139616	a7	a17
12	4962.88839631689	a7	a17	a69	2
13	4962.90844075762	a7	a17
12	4962.92755239243	a7	a17	a71	1
13	4962.94613973431	a7	a17
12	4962.95214300923	a7	a17	a71	1
13	4962.95864396497	a7	a17
12	4962.96353920884	a7	a17	a73	3
13	4963.09750762838	a7	a17
12	4963.09765520457	a7	a17	a73	7
13	4963.22488696121	a7	a17
12	4963.27612631238	a7	a17	a77	3
13	4963.27667514373	a7	a17
12	4963.27678988681	a7	a17	a77	6
13	4963.27718561219	a7	a17
12	4963.27726372043	a7	a17	a77	10
13	4963.27757269727	a7	a17
12	4963.27763940033	a7	a17	a77	14
13	4963.2779314422	a7	a17
12	4963.32621996083	a7	a17	a81	2
13	4963.3277634626	a7	a17
12	4963.37580728816	a7	a17	a81	2
13	4963.37752808872	a7	a17
12	4963.50991879094	a7	a17	a51	3
13	4963.51058996883	a7	a17
12	4963.51306385725	a7	a17	a75	2
13	4963.51526160194	a7	a17
12	4963.5532940939	a7	a17	a77	4
13	4963.55360445319	a7	a17
12	4963.55367599481	a7	a17	a77	8
13	4963.55391031953	a7	a17
12	4963.55401780476	a7	a17	a77	12
13	4963.55434406219	a7	a17
12	4963.55437240235	a7	a17	a77	14
13	4963.55461709542	a7	a17
12	4963.64416024372	a7	a17	a83	1
13	4963.64534292689	a7	a17
12	4963.65285790731	a7	a17	a81	3
13	4963.65391617028	a7	a17
12	4963.71091168402	a7	a17	a51	3
13	4963.71345642284	a7	a17
12	4963.71591164823	a7	a17	a53	2
13	4963.72710220889	a7	a17
12	4963.72713054905	a7	a17	a53	7
13	4963.73228776657	a7	a17
12	4963.73361076809	a7	a17	a53	2
13	4963.73747297864	a7	a17
12	4963.73755523422	a7	a17	a53	6
13	4963.74112782218	a7	a17
12	4963.74977986503	a7	a17	a55	3
13	4963.7554264687	a7	a17
12	4963.77487058194	a7	a17	a57	3
13	4964.38860193184	a7	a17
12	4965.09500767189	a7	a17	a59	3
13	4967.78536824238	a7	a17
12	4967.78548436791	a7	a17	a59	7
13	4970.19338065786	a7	a17
12	4970.19350749735	a7	a17	a59	11
13	4972.71359314108	a7	a17
12	4972.71381053083	a7	a17	a59	14
13	4975.09628604472	a7	a17
12	4975.12913850878	a7	a17	a61	2
13	4976.22610307594	a7	a17
12	4976.22632357619	a7	a17	a61	6
13	4977.20788529215	a7	a17
12	4977.20814588336	a7	a17	a61	9
13	4978.15326906844	a7	a17
12	4978.15353484382	a7	a17	a61	13
13	4979.07939432496	a7	a17
12	4979.14566985797	a7	a17	a61	3
13	4979.4856812485	a7	a17
12	4979.48583435448	a7	a17	a61	7
13	4979.7799986273	a7	a17
12	4979.78003215164	a7	a17	a61	11
13	4980.07944211857	a7	a17
12	4980.0794991445	a7	a17	a61	14
13	4980.37888975718	a7	a17
12	4981.5035499165	a7	a17	a63	3
13	4981.83425052831	a7	a17
12	4983.28665943005	a7	a17	a65	1
13	5040.95237193871	a7	a17
12	5040.95332686379	a7	a17	a65	10
13	5058.07097131079	a7	a17
12	5058.10691388891	a7	a17	a79	6
13	5058.1070320881	a7	a17
12	5058.10716722227	a7	a17	a79	14
13	5058.10722528503	a7	a17
12	5060.01734398131	a7	a17	a79	7
13	5066.51792577218	a7	a17
12	5066.61125336841	a7	a17	a67	3
13	5110.08963880908	a7	a17
12	5111.46941015796	a7	a17	a51	2
13	5111.4724200901	a7	a17
12	5111.47498383756	a7	a17	a69	2
13	5111.49368626813	a7	a17
12	5111.49629425389	a7	a17	a51	3
13	5111.49715102525	a7	a17
12	5111.49849821958	a7	a17	a71	1
13	5111.51774291489	a7	a17
12	5111.51919690323	a7	a17	a71	3
13	5111.52597020098	a7	a17
12	5111.53075139299	a7	a17	a73	2
13	5111.66376385063	a7	a17
12	5111.66388827083	a7	a17	a73	4
13	5111.79345705367	a7	a17
12	5111.84667987028	a7	a17	a77	1
13	5111.84732339923	a7	a17
12	5111.84740461798	a7	a17	a77	7
13	5111.8477305298	a7	a17
12	5111.84776543658	a7	a17	a77	11
13	5111.8481062097	a7	a17
12	5111.84815459533	a7	a17	a77	15
13	5111.84842693734	a7	a17
12	5111.89806576081	a7	a17	a81	2
13	5111.89966628851	a7	a17
12	5111.93366652897	a7	a17	a81	1
13	5111.93520795707	a7	a17
12	5112.00785173095	a7	a17	a51	2
13	5112.00867670603	a7	a17
12	5112.01124460083	a7	a17	a75	2
13	5112.01310571974	a7	a17
12	5112.03903938354	a7	a17	a77	4
13	5112.03935700068	a7	a17
12	5112.03943925626	a7	a17	a77	8
13	5112.03970606848	a7	a17
12	5112.03975687339	a7	a17	a77	10
13	5112.0400174646	a7	a17
12	5112.04006896074	a7	a17	a77	14
13	5112.04052793306	a7	a17
12	5112.1172682422	a7	a17	a83	2
13	5112.11831509999	a7	a17
12	5112.12521592845	a7	a17	a81	3
13	5112.12633847519	a7	a17
12	5112.15677269432	a7	a17	a51	3
13	5112.15983965239	a7	a17
12	5112.16236538256	a7	a17	a53	1
13	5112.17320169124	a7	a17
12	5112.17327530653	a7	a17	a53	4
13	5112.17698924967	a7	a17
12	5112.17970368382	a7	a17	a53	2
13	5112.18379503491	a7	a17
12	5112.18387625366	a7	a17	a53	6
13	5112.18744331183	a7	a17
12	5112.18988989693	a7	a17	a55	2
13	5112.19551541828	a7	a17
12	5112.20564667914	a7	a17	a57	1
13	5112.95817395256	a7	a17
12	5113.41229387854	a7	a17	a59	1
13	5115.84545300002	a7	a17
12	5115.84563963033	a7	a17	a59	6
13	5118.12422392693	a7	a17
12	5118.12440329939	a7	a17	a59	10
13	5121.01694877766	a7	a17
12	5121.01699508963	a7	a17	a59	15
13	5123.34850048384	a7	a17
12	5123.38257675888	a7	a17	a61	3
13	5124.49516401091	a7	a17
12	5124.49554902232	a7	a17	a61	7
13	5125.46285218272	a7	a17
12	5125.46303051835	a7	a17	a61	10
13	5126.44686255744	a7	a17
12	5126.44707234374	a7	a17	a61	14
13	5127.38910023059	a7	a17
12	5127.40947473048	a7	a17	a61	3
13	5127.72276135207	a7	a17
12	5127.72282874635	a7	a17	a61	7
13	5128.02936729984	a7	a17
12	5128.02941914159	a7	a17	a61	11
13	5128.32721786687	a7	a17
12	5128.32725588415	a7	a17	a61	15
13	5128.6285743188	a7	a17
12	5129.74807829742	a7	a17	a63	3
13	5130.09016819661	a7	a17
12	5131.56590450446	a7	a17	a65	3
13	5164.25885460895	a7	a17
12	5164.25939376317	a7	a17	a65	6
13	5177.91064462452	a7	a17
12	5177.91211416539	a7	a17	a65	7
13	5188.85856134404	a7	a17
12	5188.88248493029	a7	a17	a65	9
13	5194.40826897145	a7	a17
12	5194.40906215026	a7	a17	a65	12
13	5202.37671127116	a7	a17
12	5202.37724074826	a7	a17	a65	15
13	5203.54828614267	a7	a17
12	5208.03195073451	a7	a17	a79	1
13	5208.03256073913	a7	a17
12	5208.28861406615	a7	a17	a79	6
13	5208.28868491654	a7	a17
12	5208.28874920031	a7	a17	a79	9
13	5208.28880933675	a7	a17
12	5208.28885910483	a7	a17	a79	11
13	5208.28889470283	a7	a17
12	5208.28895069192	a7	a17	a79	13
13	5208.28898767237	a7	a17
12	5208.28902361599	a7	a17	a79	15
13	5209.84636817353	a7	a17
12	5209.99632735439	a7	a17	a79	8
13	5209.99647527619	a7	a17
12	5209.99652469866	a7	a17	a79	10
13	5209.99656582645	a7	a17
12	5209.99665672232	a7	a17	a79	13
13	5209.99668817299	a7	a17
12	5216.82364731914	a7	a17	a67	3
13	5260.84667909933	a7	a17
12	5261.56415927451	a7	a17	a51	1
13	5261.56731816529	a7	a17
12	5261.56976267672	a7	a17	a69	1
13	5261.58922165126	a7	a17
12	5261.59163436642	a7	a17	a51	3
13	5261.59263456662	a7	a17
12	5261.59502101529	a7	a17	a71	2
13	5261.61249445072	a7	a17
12	5261.6152659108	a7	a17	a71	1
13	5261.62197907212	a7	a17
12	5261.64040501334	a7	a17	a73	2
13	5261.77413461522	a7	a17
12	5261.77453034059	a7	a17	a73	5
13	5261.90613304818	a7	a17
12	5261.95976852514	a7	a17	a77	2
13	5261.96039822962	a7	a17
12	5261.96052610595	a7	a17	a77	8
13	5261.9608561651	a7	a17
12	5261.96091630154	a7	a17	a77	11
13	5261.96119590139	a7	a17
12	5261.96130234979	a7	a17	a77	15
13	5261.96153460084	a7	a17
12	5262.01092873124	a7	a17	a81	1
13	5262.012329841	a7	a17
12	5262.06208064265	a7	a17	a81	2
13	5262.06391411263	a7	a17
12	5262.13490482583	a7	a17	a51	2
13	5262.13556321608	a7	a17
12	5262.13800219772	a7	a17	a75	3
13	5262.14039936035	a7	a17
12	5262.14924148963	a7	a17	a77	4
13	5262.1495750049	a7	a17
12	5262.14971636008	a7	a17	a77	9
13	5262.14998835647	a7	a17
12	5262.15005920687	a7	a17	a77	13
13	5262.15032290858	a7	a17
12	5262.22378647337	a7	a17	a83	2
13	5262.22485510469	a7	a17
12	5262.23177286812	a7	a17	a81	2
13	5262.23288504652	a7	a17
12	5262.26301547297	a7	a17	a51	2
13	5262.26579211723	a7	a17
12	5262.26828432307	a7	a17	a53	2
13	5262.27988408796	a7	a17
12	5262.27995182785	a7	a17	a53	7
13	5262.28422358824	a7	a17
12	5262.28545154655	a7	a17	a53	2
13	5262.28909878663	a7	a17
12	5262.28916618091	a7	a17	a53	5
13	5262.29274913722	a7	a17
12	5262.31041023979	a7	a17	a55	1
13	5262.31630464703	a7	a17
12	5262.32740051009	a7	a17	a57	1
13	5263.07899601442	a7	a17
12	5263.52456274249	a7	a17	a59	1
13	5265.98760241318	a7	a17
12	5265.987762777	a7	a17	a59	6
13	5268.26721421331	a7	a17
12	5268.26739254894	a7	a17	a59	9
13	5270.25271012625	a7	a17
12	5270.25284629725	a7	a17	a59	13
13	5272.75013297514	a7	a17
12	5273.53332982925	a7	a17	a61	3
13	5274.63867029553	a7	a17
12	5274.63894229192	a7	a17	a61	7
13	5275.5957837867	a7	a17
12	5275.59592410504	a7	a17	a61	8
13	5276.5578979333	a7	a17
12	5276.55800576414	a7	a17	a61	14
13	5277.54340031366	a7	a17
12	5277.61276388706	a7	a17	a61	1
13	5277.92720035871	a7	a17
12	5277.92727639328	a7	a17	a61	7
13	5278.2163193922	a7	a17
12	5278.21638713209	a7	a17	a61	10
13	5278.5039478025	a7	a17
12	5278.50403213175	a7	a17	a61	13
13	5278.78782978217	a7	a17
12	5279.9497786771	a7	a17	a63	1
13	5280.34602177955	a7	a17
12	5281.78667953849	a7	a17	a65	2
13	5307.38839022932	a7	a17
12	5307.38879735989	a7	a17	a65	5
13	5332.13869518128	a7	a17
12	5332.13960379439	a7	a17	a65	8
13	5350.48266733932	a7	a17
12	5350.48318022706	a7	a17	a65	14
13	5352.76347253659	a7	a17
12	5357.6584302372	a7	a17	a79	8
13	5357.65897699488	a7	a17
12	5357.92245129594	a7	a17	a79	13
13	5357.92254322864	a7	a17
12	5359.58150280494	a7	a17	a79	2
13	5359.58173574721	a7	a17
12	5359.5818359746	a7	a17	a79	7
13	5367.07396731344	a7	a17
12	5367.15751479028	a7	a17	a67	2
13	5407.87024158886	a7	a17
12	5411.68407617938	a7	a17	a51	1
13	5411.68816960414	a7	a17
12	5411.69072402009	a7	a17	a69	2
13	5411.70952667805	a7	a17
12	5411.72633308293	a7	a17	a51	2
13	5411.72731427449	a7	a17
12	5411.72963125521	a7	a17	a71	3
13	5411.74711713266	a7	a17
12	5411.75086563697	a7	a17	a71	3
13	5411.75768524668	a7	a17
12	5411.76238349189	a7	a17	a73	3
13	5411.89768182519	a7	a17
12	5411.89786534499	a7	a17	a73	5
13	5412.03152858943	a7	a17
12	5412.08385177883	a7	a17	a77	6
13	5412.08443620819	a7	a17
12	5412.08453332507	a7	a17	a77	11
13	5412.08483055112	a7	a17
12	5412.13425336729	a7	a17	a81	3
13	5412.13600458168	a7	a17
12	5412.18803745728	a7	a17	a81	3
13	5412.18964005865	a7	a17
12	5412.2605969019	a7	a17	a51	3
13	5412.26128259548	a7	a17
12	5412.26366593364	a7	a17	a75	2
13	5412.26569052687	a7	a17
12	5412.27453058248	a7	a17	a77	1
13	5412.27508978218	a7	a17
12	5412.27517411143	a7	a17	a77	5
13	5412.27541673083	a7	a17
12	5412.27554771766	a7	a17	a77	9
13	5412.27583250169	a7	a17
12	5412.27593169224	a7	a17	a77	12
13	5412.27621958677	a7	a17
12	5412.3612756586	a7	a17	a83	2
13	5412.3623256269	a7	a17
12	5412.36928244445	a7	a17	a81	3
13	5412.37038805622	a7	a17
12	5412.39975675453	a7	a17	a51	1
13	5412.40271173441	a7	a17
12	5412.40534840593	a7	a17	a53	3
13	5412.41647364599	a7	a17
12	5412.4165569384	a7	a17	a53	5
13	5412.42027917622	a7	a17
12	5412.42400003159	a7	a17	a53	2
13	5412.42785740357	a7	a17
12	5412.42792272418	a7	a17	a53	5
13	5412.43154266094	a7	a17
12	5412.43404281585	a7	a17	a55	3
13	5412.43875039257	a7	a17
12	5412.44957287679	a7	a17	a57	2
13	5413.16831937318	a7	a17
12	5413.61471418684	a7	a17	a59	3
13	5416.31740583654	a7	a17
12	5416.31745111167	a7	a17	a59	7
13	5418.72477472307	a7	a17
12	5418.72488566442	a7	a17	a59	11
13	5421.00957104404	a7	a17
12	5421.0098388931	a7	a17	a59	14
13	5423.44571797851	a7	a17
12	5423.5350565247	a7	a17	a61	2
13	5424.64624681431	a7	a17
12	5424.6463767643	a7	a17	a61	7
13	5425.6163131401	a7	a17
12	5425.61651774222	a7	a17	a61	10
13	5426.55634684755	a7	a17
12	5426.55655352334	a7	a17	a61	14
13	5427.48646633828	a7	a17
12	5427.52505284576	a7	a17	a61	1
13	5427.84563809486	a7	a17
12	5427.84571309259	a7	a17	a61	7
13	5428.14425764788	a7	a17
12	5428.1443737734	a7	a17	a61	10
13	5428.45306998063	a7	a17
12	5428.4532258515	a7	a17	a61	15
13	5428.73367279665	a7	a17
12	5429.90406498498	a7	a17	a63	3
13	5430.25033471186	a7	a17
12	5431.73811316755	a7	a17	a65	2
13	5457.36062657115	a7	a17
12	5457.36105512963	a7	a17	a65	5
13	5482.28009461709	a7	a17
12	5482.2808584189	a7	a17	a65	8
13	5500.32964398477	a7	a17
12	5500.33006597663	a7	a17	a65	14
13	5502.57508654032	a7	a17
12	5506.27741263208	a7	a17	a79	14
13	5506.27769223193	a7	a17
12	5507.91314883138	a7	a17	a79	8
13	5507.91322797645	a7	a17
12	5507.91329122339	a7	a17	a79	11
13	5507.91334306514	a7	a17
12	5507.91340527525	a7	a17	a79	13
13	5507.91343672591	a7	a17
12	5515.09313821452	a7	a17	a67	3
13	5558.30295123622	a7	a17
12	5559.77142382334	a7	a17	a51	2
13	5559.77498673418	a7	a17
12	5559.77757882179	a7	a17	a69	2
13	5559.79631408547	a7	a17
12	5559.80202912025	a7	a17	a71	1
13	5559.82087912701	a7	a17
12	5559.82353377034	a7	a17	a71	2
13	5559.83015810946	a7	a17
12	5559.83492374894	a7	a17	a73	3
13	5559.9643836641	a7	a17
12	5559.96452709294	a7	a17	a73	5
13	5560.09912729065	a7	a17
12	5560.15044475006	a7	a17	a77	2
13	5560.15103574604	a7	a17
12	5560.1510969193	a7	a17	a77	5
13	5560.15137962966	a7	a17
12	5560.15146188524	a7	a17	a77	9
13	5560.15173837458	a7	a17
12	5560.15182892485	a7	a17	a77	13
13	5560.15212131233	a7	a17
12	5560.20193743459	a7	a17	a81	2
13	5560.20372666627	a7	a17
12	5560.23908481503	a7	a17	a81	1
13	5560.24046380565	a7	a17
12	5560.31239008967	a7	a17	a51	3
13	5560.31299249083	a7	a17
12	5560.31523447382	a7	a17	a75	2
13	5560.31770317806	a7	a17
12	5560.32535225581	a7	a17	a77	2
13	5560.32576353371	a7	a17
12	5560.32600615312	a7	a17	a77	7
13	5560.32630372477	a7	a17
12	5560.3264080995	a7	a17	a77	11
13	5560.32668251518	a7	a17
12	5560.32676684443	a7	a17	a77	14
13	5560.32705819508	a7	a17
12	5560.43013411441	a7	a17	a83	3
13	5560.43119445105	a7	a17
12	5560.43815748961	a7	a17	a81	1
13	5560.43947945429	a7	a17
12	5560.47108287774	a7	a17	a51	3
13	5560.47383947652	a7	a17
12	5560.47641393794	a7	a17	a53	3
13	5560.4876518474	a7	a17
12	5560.48780184287	a7	a17	a53	5
13	5560.49338692765	a7	a17
12	5560.49487132983	a7	a17	a53	2
13	5560.49877708745	a7	a17
12	5560.49886694649	a7	a17	a53	5
13	5560.50242536437	a7	a17
12	5560.50591016696	a7	a17	a55	3
13	5560.51107464233	a7	a17
12	5560.52144852258	a7	a17	a57	2
13	5561.17526149611	a7	a17
12	5561.70117360878	a7	a17	a59	2
13	5563.76304382809	a7	a17
12	5563.76311260482	a7	a17	a59	4
13	5566.13894062361	a7	a17
12	5566.13908923664	a7	a17	a59	8
13	5568.08893288527	a7	a17
12	5568.08905730548	a7	a17	a59	12
13	5570.51275807205	a7	a17
12	5571.65395575036	a7	a17	a61	1
13	5572.75542709385	a7	a17
12	5572.75562132762	a7	a17	a61	6
13	5573.73945751406	a7	a17
12	5573.7398048538	a7	a17	a61	10
13	5574.68169000303	a7	a17
12	5574.68191568745	a7	a17	a61	13
13	5575.66535442046	a7	a17
12	5575.66823993239	a7	a17	a61	2
13	5575.98100295228	a7	a17
12	5575.98107483951	a7	a17	a61	5
13	5576.29208975552	a7	a17
12	5576.2922490825	a7	a17	a61	10
13	5576.58849186398	a7	a17
12	5576.58861213685	a7	a17	a61	14
13	5576.86795416146	a7	a17
12	5578.09988596592	a7	a17	a63	3
13	5578.43175474522	a7	a17
12	5580.07352048593	a7	a17	a65	3
13	5612.50856443917	a7	a17
12	5612.50898954154	a7	a17	a65	6
13	5625.93072175839	a7	a17
12	5625.93166493267	a7	a17	a65	7
13	5636.74363218649	a7	a17
12	5636.7443306677	a7	a17	a65	9
13	5642.09753973634	a7	a17
12	5642.09826033669	a7	a17	a65	12
13	5649.57729126472	a7	a17
12	5649.57777339302	a7	a17	a65	15
13	5650.74111821354	a7	a17
12	5656.35063705306	a7	a17	a79	15
13	5657.91647709136	a7	a17
12	5658.06133919113	a7	a17	a79	15
13	5664.69425915125	a7	a17
12	5664.78551549666	a7	a17	a67	2
13	5705.74763775881	a7	a17
12	5709.4279777634	a7	a17	a51	3
13	5709.43083804568	a7	a17
12	5709.4333710337	a7	a17	a69	2
13	5709.45355475594	a7	a17
12	5709.45598889902	a7	a17	a51	1
13	5709.45707135481	a7	a17
12	5709.45920550695	a7	a17	a71	3
13	5709.47666615474	a7	a17
12	5709.47932390858	a7	a17	a71	2
13	5709.4859810808	a7	a17
12	5709.50286144659	a7	a17	a73	2
13	5709.6363791885	a7	a17
12	5709.63684023448	a7	a17	a73	6
13	5709.76976283308	a7	a17
12	5709.81935119725	a7	a17	a77	5
13	5709.81982468525	a7	a17
12	5709.81992491264	a7	a17	a77	10
13	5709.82020451249	a7	a17
12	5709.82026568576	a7	a17	a77	14
13	5709.82053388042	a7	a17
12	5709.86991937053	a7	a17	a81	1
13	5709.87163187642	a7	a17
12	5709.90646331298	a7	a17	a81	3
13	5709.9077420762	a7	a17
12	5709.98035543625	a7	a17	a75	1
13	5709.98276711457	a7	a17
12	5709.99151005329	a7	a17	a77	7
13	5709.99178343213	a7	a17
12	5709.99181280912	a7	a17	a77	8
13	5709.9921936732	a7	a17
12	5709.99231705657	a7	a17	a77	13
13	5709.99263467371	a7	a17
12	5710.06619431854	a7	a17	a83	2
13	5710.06725465518	a7	a17
12	5710.07418935358	a7	a17	a81	3
13	5710.07529289169	a7	a17
12	5710.10476907523	a7	a17	a51	3
13	5710.1074130046	a7	a17
12	5710.10998297307	a7	a17	a53	3
13	5710.12094888613	a7	a17
12	5710.12098379291	a7	a17	a53	4
13	5710.12447481651	a7	a17
12	5710.12710181091	a7	a17	a53	1
13	5710.1310538805	a7	a17
12	5710.13108567677	a7	a17	a53	6
13	5710.13478994278	a7	a17
12	5710.15077863042	a7	a17	a55	3
13	5710.15684204178	a7	a17
12	5710.1669280275	a7	a17	a57	3
13	5710.86194171528	a7	a17
12	5711.33226460814	a7	a17	a59	2
13	5713.43395274937	a7	a17
12	5713.4340453733	a7	a17	a59	4
13	5715.83354813794	a7	a17
12	5715.83373165774	a7	a17	a59	8
13	5717.77809252265	a7	a17
12	5717.77829919844	a7	a17	a59	12
13	5720.24927480457	a7	a17
12	5721.37929090813	a7	a17	a61	1
13	5722.4857466633	a7	a17
12	5722.48589735	a7	a17	a61	6
13	5723.4559107972	a7	a17
12	5723.45615341661	a7	a17	a61	11
13	5724.38482133827	a7	a17
12	5724.38502594039	a7	a17	a61	15
13	5725.355719897	a7	a17
12	5725.379121264	a7	a17	a61	3
13	5725.70005454406	a7	a17
12	5725.70014647677	a7	a17	a61	7
13	5725.99695467896	a7	a17
12	5725.9970949973	a7	a17	a61	9
13	5726.29022416314	a7	a17
12	5726.29034858334	a7	a17	a61	14
13	5726.57994870829	a7	a17
12	5727.77685276876	a7	a17	a63	3
13	5728.11700655131	a7	a17
12	5729.60388399735	a7	a17	a65	1
13	5787.06238018336	a7	a17
12	5787.06330849634	a7	a17	a65	8
13	5808.07818225033	a7	a17
12	5808.11156211783	a7	a17	a79	3
13	5808.11175738843	a7	a17
12	5808.11182478271	a7	a17	a79	8
13	5808.11186832978	a7	a17
12	5808.11199689732	a7	a17	a79	11
13	5808.11202420065	a7	a17
12	5808.11210127205	a7	a17	a79	15
13	5808.33121527685	a7	a17
12	5808.37201853767	a7	a17	a79	2
13	5808.37211219844	a7	a17
12	5808.37217440854	a7	a17	a79	10
13	5808.37221449949	a7	a17
12	5808.37226426758	a7	a17	a79	11
13	5808.37229364457	a7	a17
12	5808.37234652316	a7	a17	a79	13
13	5808.3723803931	a7	a17
12	5810.057658299	a7	a17	a79	2
13	5810.05781244181	a7	a17
12	5810.05787568874	a7	a17	a79	9
13	5810.05790852185	a7	a17
12	5810.05794446547	a7	a17	a79	11
13	5810.05797695297	a7	a17
12	5810.05801082291	a7	a17	a79	12
13	5810.05804365602	a7	a17
12	5810.05810793979	a7	a17	a79	14
13	5810.05815321492	a7	a17
12	5817.18918324716	a7	a17	a67	2
13	5858.19668916175	a7	a17
12	5861.79716832931	a7	a17	a51	1
13	5861.80027745201	a7	a17
12	5861.80284949415	a7	a17	a69	1
13	5861.82213220673	a7	a17
12	5861.82455874635	a7	a17	a51	2
13	5861.82585859189	a7	a17
12	5861.82811750985	a7	a17	a71	3
13	5861.84690634334	a7	a17
12	5861.84838245083	a7	a17	a71	2
13	5861.85498570763	a7	a17
12	5861.87635626039	a7	a17	a73	1
13	5862.01147867735	a7	a17
12	5862.01182463464	a7	a17	a73	5
13	5862.1458614853	a7	a17
12	5862.19607851712	a7	a17	a77	4
13	5862.19651329661	a7	a17
12	5862.19657861722	a7	a17	a77	9
13	5862.19686754859	a7	a17
12	5862.19692146401	a7	a17	a77	12
13	5862.19718723939	a7	a17
12	5862.24726740898	a7	a17	a81	1
13	5862.24925813227	a7	a17
12	5862.28500129245	a7	a17	a81	1
13	5862.28680331176	a7	a17
12	5862.37833407285	a7	a17	a75	3
13	5862.38049380025	a7	a17
12	5862.38975273722	a7	a17	a77	7
13	5862.39011148214	a7	a17
12	5862.39018095009	a7	a17	a77	10
13	5862.39043739396	a7	a17
12	5862.3905479897	a7	a17	a77	13
13	5862.39084141402	a7	a17
12	5862.4670384216	a7	a17	a83	2
13	5862.46824979054	a7	a17
12	5862.47582594423	a7	a17	a81	3
13	5862.47685241092	a7	a17
12	5862.50738374693	a7	a17	a51	3
13	5862.50968586635	a7	a17
12	5862.51207646235	a7	a17	a53	1
13	5862.52374915131	a7	a17
12	5862.52389603627	a7	a17	a53	6
13	5862.52757783753	a7	a17
12	5862.52991279005	a7	a17	a53	3
13	5862.53370345898	a7	a17
12	5862.53377189009	a7	a17	a53	7
13	5862.53763029891	a7	a17
12	5862.54024554251	a7	a17	a55	2
13	5862.54668981794	a7	a17
12	5862.55687499422	a7	a17	a57	3
13	5863.25435531257	a7	a17
12	5863.80827614158	a7	a17	a59	3
13	5866.37426074477	a7	a17
12	5866.37447191351	a7	a17	a59	7
13	5868.91393634987	a7	a17
12	5868.91408185239	a7	a17	a59	11
13	5871.25440518307	a7	a17
12	5871.254497807	a7	a17	a59	14
13	5873.52578451293	a7	a17
12	5873.65284657423	a7	a17	a61	3
13	5874.75738072845	a7	a17
12	5874.75767726328	a7	a17	a61	7
13	5875.71859421101	a7	a17
12	5875.71881056392	a7	a17	a61	8
13	5876.66359401272	a7	a17
12	5876.66376474489	a7	a17	a61	13
13	5877.59892740128	a7	a17
12	5877.63681750123	a7	a17	a61	3
13	5877.96742756278	a7	a17
12	5877.96750567102	a7	a17	a61	6
13	5878.26349200863	a7	a17
12	5878.26357841155	a7	a17	a61	10
13	5878.54104272789	a7	a17
12	5878.5411346606	a7	a17	a61	12
13	5878.97077974969	a7	a17
12	5880.1256218316	a7	a17	a63	3
13	5880.48750283816	a7	a17
12	5881.95484043652	a7	a17	a65	1
13	5939.79545699481	a7	a17
12	5939.79590352511	a7	a17	a65	10
13	5956.44688821746	a7	a17
12	5956.73893078017	a7	a17	a79	13
13	5956.73900992524	a7	a17
12	5958.36495874732	a7	a17	a79	4
13	5958.36510632351	a7	a17
12	5958.36517510023	a7	a17	a79	8
13	5958.36521519119	a7	a17
12	5965.3715018709	a7	a17	a67	1
13	6006.83632150902	a7	a17
12	6010.22703512218	a7	a17	a51	3
13	6010.23071277609	a7	a17
12	6010.23328620067	a7	a17	a69	3
13	6010.25217940889	a7	a17
12	6010.25796425723	a7	a17	a71	1
13	6010.27776158561	a7	a17
12	6010.28148693393	a7	a17	a71	3
13	6010.28777188238	a7	a17
12	6010.29215527534	a7	a17	a73	2
13	6010.43449510106	a7	a17
12	6010.43485280915	a7	a17	a73	7
13	6010.56318395655	a7	a17
12	6010.61286943759	a7	a17	a77	3
13	6010.61348013344	a7	a17
12	6010.61353715936	a7	a17	a77	8
13	6010.6138399152	a7	a17
12	6010.61391802344	a7	a17	a77	12
13	6010.61422181611	a7	a17
12	6010.66390729716	a7	a17	a81	2
13	6010.66585481899	a7	a17
12	6010.71851014122	a7	a17	a81	3
13	6010.72017598953	a7	a17
12	6010.79247691661	a7	a17	a51	1
13	6010.79318369251	a7	a17
12	6010.79560504795	a7	a17	a75	2
13	6010.79775302456	a7	a17
12	6010.80590842342	a7	a17	a77	1
13	6010.8065350174	a7	a17
12	6010.80658996966	a7	a17	a77	6
13	6010.80712255726	a7	a17
12	6010.80722831444	a7	a17	a77	11
13	6010.80749720032	a7	a17
12	6010.80755941043	a7	a17	a77	15
13	6010.80782207531	a7	a17
12	6010.88439372595	a7	a17	a83	2
13	6010.88541604531	a7	a17
12	6010.89237078919	a7	a17	a81	3
13	6010.89345946599	a7	a17
12	6010.92407340319	a7	a17	a51	3
13	6010.92677850582	a7	a17
12	6010.92924064345	a7	a17	a53	2
13	6010.9403036734	a7	a17
12	6010.9403807448	a7	a17	a53	6
13	6010.94434041784	a7	a17
12	6010.94585316018	a7	a17	a53	1
13	6010.94975062312	a7	a17
12	6010.9498359892	a7	a17	a53	5
13	6010.95368575773	a7	a17
12	6010.95642887765	a7	a17	a55	3
13	6010.96141363495	a7	a17
12	6010.97332514157	a7	a17	a57	3
13	6011.63189476868	a7	a17
12	6012.15128173279	a7	a17	a59	1
13	6014.54718667982	a7	a17
12	6014.54724266891	a7	a17	a59	6
13	6016.8145106022	a7	a17
12	6016.81466474501	a7	a17	a59	10
13	6019.77640617501	a7	a17
12	6019.77656757567	a7	a17	a59	14
13	6022.1581064819	a7	a17
12	6022.19114661311	a7	a17	a61	1
13	6023.28706985227	a7	a17
12	6023.28724715106	a7	a17	a61	6
13	6024.26801741627	a7	a17
12	6024.26822098155	a7	a17	a61	9
13	6025.21155389811	a7	a17
12	6025.21178165621	a7	a17	a61	13
13	6026.1554584564	a7	a17
12	6026.20238699306	a7	a17	a61	2
13	6026.5193198179	a7	a17
12	6026.51937684382	a7	a17	a61	5
13	6026.82609476978	a7	a17
12	6026.8261780622	a7	a17	a61	11
13	6027.12272671002	a7	a17
12	6027.1228089656	a7	a17	a61	15
13	6027.4224487643	a7	a17
12	6028.56832948091	a7	a17	a63	1
13	6028.97286104272	a7	a17
12	6030.43291763977	a7	a17	a65	3
13	6061.917899617	a7	a17
12	6061.91873323238	a7	a17	a65	6
13	6075.26543315301	a7	a17
12	6075.26693449016	a7	a17	a65	7
13	6086.26472746838	a7	a17
12	6086.26536892366	a7	a17	a65	9
13	6092.25569723035	a7	a17
12	6092.25634179614	a7	a17	a65	12
13	6099.72989927196	a7	a17
12	6099.73066618428	a7	a17	a65	13
13	6105.81692592561	a7	a17
12	6107.95235060558	a7	a17	a79	5
13	6107.95243597167	a7	a17
12	6107.95259115131	a7	a17	a79	9
13	6107.95263331594	a7	a17
12	6107.95275773614	a7	a17	a79	12
13	6107.95278849558	a7	a17
12	6116.69913668016	a7	a17	a67	3
13	6159.95470212197	a7	a17
12	6161.24379498817	a7	a17	a51	2
13	6161.24718785805	a7	a17
12	6161.24979065963	a7	a17	a69	2
13	6161.26834344035	a7	a17
12	6161.27413865703	a7	a17	a71	2
13	6161.29269212897	a7	a17
12	6161.29411985083	a7	a17	a71	1
13	6161.3010566229	a7	a17
12	6161.30545902451	a7	a17	a73	1
13	6161.4421356572	a7	a17
12	6161.44239175546	a7	a17	a73	6
13	6161.57429860132	a7	a17
12	6161.63603210561	a7	a17	a77	4
13	6161.63643750811	a7	a17
12	6161.63648485692	a7	a17	a77	8
13	6161.63672643948	a7	a17
12	6161.63679728988	a7	a17	a77	11
13	6161.63701433401	a7	a17
12	6161.63710315621	a7	a17	a77	14
13	6161.63732780381	a7	a17
12	6161.69940242683	a7	a17	a81	2
13	6161.70101643339	a7	a17
12	6161.73537541878	a7	a17	a81	2
13	6161.73664485048	a7	a17
12	6161.81304231284	a7	a17	a75	3
13	6161.81498153999	a7	a17
12	6161.8234932645	a7	a17	a77	4
13	6161.82377390118	a7	a17
12	6161.90828045044	a7	a17	a83	1
13	6161.90947903176	a7	a17
12	6161.9242459821	a7	a17	a81	2
13	6161.92547739653	a7	a17
12	6161.95603396219	a7	a17	a51	3
13	6161.95858837813	a7	a17
12	6161.96105604554	a7	a17	a53	1
13	6161.97247885725	a7	a17
12	6161.97255350937	a7	a17	a53	5
13	6161.97636111328	a7	a17
12	6161.97876449692	a7	a17	a53	2
13	6161.98260182342	a7	a17
12	6161.98268200533	a7	a17	a53	5
13	6161.98617717628	a7	a17
12	6161.98847722202	a7	a17	a55	1
13	6161.99487587671	a7	a17
12	6162.00504411801	a7	a17	a57	3
13	6162.70857298641	a7	a17
12	6163.20393890177	a7	a17	a59	2
13	6165.30510482375	a7	a17
12	6165.30520297746	a7	a17	a59	4
13	6167.827253078	a7	a17
12	6167.82741344182	a7	a17	a59	9
13	6169.80662475193	a7	a17
12	6169.80680205072	a7	a17	a59	13
13	6172.06972011538	a7	a17
12	6173.08904129007	a7	a17	a61	3
13	6174.19015388864	a7	a17
12	6174.19050641255	a7	a17	a61	6
13	6175.14712498779	a7	a17
12	6175.14734445121	a7	a17	a61	10
13	6176.08457835842	a7	a17
12	6176.0847228241	a7	a17	a61	13
13	6177.0530289496	a7	a17
12	6177.3179333918	a7	a17	a61	3
13	6177.66756315544	a7	a17
12	6177.66769310543	a7	a17	a61	6
13	6177.94399789458	a7	a17
12	6177.94406632569	a7	a17	a61	10
13	6178.2078765613	a7	a17
12	6178.20801584281	a7	a17	a61	14
13	6178.48967484813	a7	a17
12	6179.72273542036	a7	a17	a63	3
13	6180.06856622039	a7	a17
12	6181.57061705612	a7	a17	a65	3
13	6214.17272001942	a7	a17
12	6214.17310952379	a7	a17	a65	6
13	6227.79422131838	a7	a17
12	6227.79515308748	a7	a17	a65	7
13	6238.55413565112	a7	a17
12	6238.55543134932	a7	a17	a65	9
13	6244.4360898114	a7	a17
12	6244.43691893382	a7	a17	a65	12
13	6252.04831015024	a7	a17
12	6252.04921323356	a7	a17	a65	14
13	6254.48770548891	a7	a17
12	6258.25916082934	a7	a17	a79	15
13	6258.48870919644	a7	a17
12	6258.52692520821	a7	a17	a79	8
13	6258.52705930554	a7	a17
12	6258.52724282534	a7	a17	a79	9
13	6258.52728084263	a7	a17
12	6258.52736724555	a7	a17	a79	11
13	6258.52741805046	a7	a17
12	6258.5274812974	a7	a17	a79	14
13	6258.52756355298	a7	a17
12	6260.21390939897	a7	a17	a79	6
13	6260.21397057224	a7	a17
12	6260.21401273687	a7	a17	a79	8
13	6260.21404142264	a7	a17
12	6260.21407183646	a7	a17	a79	9
13	6260.2141025959	a7	a17
12	6260.21413300973	a7	a17	a79	10
13	6260.2141616955	a7	a17
12	6260.214194183	a7	a17	a79	11
13	6260.21422597927	a7	a17
12	6260.2142563931	a7	a17	a79	12
13	6260.21428715254	a7	a17
12	6260.21432309616	a7	a17	a79	13
13	6260.21435247315	a7	a17
12	6260.21438634309	a7	a17	a79	14
13	6260.21441468325	a7	a17
12	6260.21445062687	a7	a17	a79	15
13	6267.5061652073	a7	a17
12	6267.58169311066	a7	a17	a67	3
13	6312.1034183555	a7	a17
12	6312.87242404832	a7	a17	a51	2
13	6312.87529711823	a7	a17
12	6312.87784704123	a7	a17	a69	2
13	6312.89735440141	a7	a17
12	6312.90010374234	a7	a17	a51	3
13	6312.90083713033	a7	a17
12	6312.90233293769	a7	a17	a71	2
13	6312.92130356293	a7	a17
12	6312.92280490007	a7	a17	a71	2
13	6312.92942923919	a7	a17
12	6312.93420109968	a7	a17	a73	2
13	6313.06250287009	a7	a17
12	6313.06259134668	a7	a17	a73	6
13	6313.19502766964	a7	a17
12	6313.24416535617	a7	a17	a77	4
13	6313.24472974005	a7	a17
12	6313.24478054497	a7	a17	a77	8
13	6313.24505392381	a7	a17
12	6313.24512961276	a7	a17	a77	11
13	6313.24543893522	a7	a17
12	6313.24550114532	a7	a17	a77	15
13	6313.24574687523	a7	a17
12	6313.2952761398	a7	a17	a81	2
13	6313.29689360247	a7	a17
12	6313.33265888179	a7	a17	a81	3
13	6313.33417715391	a7	a17
12	6313.41798833247	a7	a17	a51	1
13	6313.41870029253	a7	a17
12	6313.42116692311	a7	a17	a75	2
13	6313.42302389468	a7	a17
12	6313.43284617869	a7	a17	a77	7
13	6313.43320181311	a7	a17
12	6313.43325538292	a7	a17	a77	12
13	6313.43351597413	a7	a17
12	6313.50775198102	a7	a17	a83	2
13	6313.50885655596	a7	a17
12	6313.51573941261	a7	a17	a81	3
13	6313.51709732091	a7	a17
12	6313.54650818384	a7	a17	a51	1
13	6313.54916904818	a7	a17
12	6313.56532777678	a7	a17	a53	2
13	6313.57596881486	a7	a17
12	6313.58625318169	a7	a17	a53	2
13	6313.59002898932	a7	a17
12	6313.59010813439	a7	a17	a53	6
13	6313.59416250504	a7	a17
12	6313.59671277364	a7	a17	a55	2
13	6313.60248034139	a7	a17
12	6313.620970912	a7	a17	a57	3
13	6314.3231121495	a7	a17
12	6314.79938854921	a7	a17	a59	1
13	6317.40564244316	a7	a17
12	6317.40573748638	a7	a17	a59	6
13	6319.66156256248	a7	a17
12	6319.66173364026	a7	a17	a59	10
13	6322.56769576403	a7	a17
12	6322.56780670539	a7	a17	a59	15
13	6324.72569165175	a7	a17
12	6324.7600464898	a7	a17	a61	3
13	6325.8602636085	a7	a17
12	6325.86061924292	a7	a17	a61	7
13	6326.94791843378	a7	a17
12	6326.94821082126	a7	a17	a61	10
13	6327.84801636573	a7	a17
12	6327.84823064497	a7	a17	a61	14
13	6328.75652510358	a7	a17
12	6328.77425878461	a7	a17	a61	1
13	6329.10378846404	a7	a17
12	6329.10387624941	a7	a17	a61	7
13	6329.40330695304	a7	a17
12	6329.40339992258	a7	a17	a61	11
13	6329.70492295935	a7	a17
12	6329.7049924273	a7	a17	a61	15
13	6329.99913043363	a7	a17
12	6331.12360465386	a7	a17	a63	2
13	6331.51004033361	a7	a17
12	6332.97347528485	a7	a17	a65	3
13	6365.58382108678	a7	a17
12	6365.58433915869	a7	a17	a65	6
13	6379.11540355754	a7	a17
12	6379.1162928164	a7	a17	a65	7
13	6389.83684750832	a7	a17
12	6389.83792477993	a7	a17	a65	9
13	6395.51083605982	a7	a17
12	6395.51165999807	a7	a17	a65	12
13	6402.96889216046	a7	a17
12	6402.96925816324	a7	a17	a65	15
13	6404.13498079213	a7	a17
12	6408.54982718581	a7	a17	a79	5
13	6408.55008777702	a7	a17
12	6408.5501880044	a7	a17	a79	14
13	6408.5502439935	a7	a17
12	6408.80216069429	a7	a17	a79	9
13	6408.80222290439	a7	a17
12	6408.80228304082	a7	a17	a79	10
13	6408.8023179476	a7	a17
12	6408.8024067698	a7	a17	a79	13
13	6408.80249732006	a7	a17
12	6410.48609486196	a7	a17	a79	9
13	6410.48630706753	a7	a17
12	6410.48638379332	a7	a17	a79	13
13	6410.48642077377	a7	a17
12	6417.04147545872	a7	a17	a67	2
13	6457.7784731833	a7	a17
12	6461.49375798508	a7	a17	a51	2
13	6461.49716053209	a7	a17
12	6461.49970630774	a7	a17	a69	3
13	6461.51955651471	a7	a17
12	6461.52195575101	a7	a17	a51	2
13	6461.52277001213	a7	a17
12	6461.52508491918	a7	a17	a71	2
13	6461.54369438021	a7	a17
12	6461.5630984025	a7	a17	a71	2
13	6461.56966087712	a7	a17
12	6461.57407917686	a7	a17	a73	2
13	6461.71421711055	a7	a17
12	6461.7143014398	a7	a17	a73	7
13	6461.84412874017	a7	a17
12	6461.89489322089	a7	a17	a77	3
13	6461.89554539014	a7	a17
12	6461.8956539122	a7	a17	a77	8
13	6461.89598431697	a7	a17
12	6461.89607175673	a7	a17	a77	12
13	6461.89633442161	a7	a17
12	6461.94505771973	a7	a17	a81	1
13	6461.9465241501	a7	a17
12	6461.98226731028	a7	a17	a81	2
13	6461.98419374979	a7	a17
12	6462.05434877395	a7	a17	a51	1
13	6462.05507248481	a7	a17
12	6462.0572882013	a7	a17	a75	1
13	6462.05942235344	a7	a17
12	6462.06812312754	a7	a17	a77	2
13	6462.06865502392	a7	a17
12	6462.06876665649	a7	a17	a77	7
13	6462.06902621087	a7	a17
12	6462.06914026272	a7	a17	a77	10
13	6462.06942089941	a7	a17
12	6462.06945580619	a7	a17	a77	14
13	6462.06974266388	a7	a17
12	6462.14395205868	a7	a17	a83	2
13	6462.14513266819	a7	a17
12	6462.15201759851	a7	a17	a81	3
13	6462.15311595243	a7	a17
12	6462.18361998512	a7	a17	a51	2
13	6462.18611080851	a7	a17
12	6462.18859955824	a7	a17	a53	3
13	6462.20031786793	a7	a17
12	6462.20037178336	a7	a17	a53	7
13	6462.20419701346	a7	a17
12	6462.20551897814	a7	a17	a53	1
13	6462.20980352617	a7	a17
12	6462.20988267124	a7	a17	a53	5
13	6462.21339374032	a7	a17
12	6462.2157421717	a7	a17	a55	2
13	6462.22188887547	a7	a17
12	6462.23233982713	a7	a17	a57	3
13	6462.93175522529	a7	a17
12	6463.37771836996	a7	a17	a59	1
13	6465.90584466948	a7	a17
12	6465.90594074952	a7	a17	a59	6
13	6468.18305619647	a7	a17
12	6468.18319029381	a7	a17	a59	10
13	6471.16270584141	a7	a17
12	6471.16289765589	a7	a17	a59	15
13	6473.38445464247	a7	a17
12	6473.41725526479	a7	a17	a61	1
13	6474.52337646786	a7	a17
12	6474.52361805042	a7	a17	a61	7
13	6475.48408328368	a7	a17
12	6475.49565816453	a7	a17	a61	10
13	6476.60584514343	a7	a17
12	6476.60613649408	a7	a17	a61	15
13	6477.48495753404	a7	a17
12	6477.48756137245	a7	a17	a61	1
13	6477.80472402906	a7	a17
12	6477.8047903865	a7	a17	a61	7
13	6478.10103316798	a7	a17
12	6478.10116933899	a7	a17	a61	10
13	6478.40346136174	a7	a17
12	6478.4035636628	a7	a17	a61	14
13	6478.68906725248	a7	a17
12	6479.82347469807	a7	a17	a63	3
13	6480.17469980524	a7	a17
12	6481.69947080734	a7	a17	a65	2
13	6507.73001198053	a7	a17
12	6507.73057636441	a7	a17	a65	5
13	6532.6288044988	a7	a17
12	6532.62987658624	a7	a17	a65	8
13	6551.33289469821	a7	a17
12	6551.33354341134	a7	a17	a65	15
13	6552.50924972489	a7	a17
12	6556.29238846824	a7	a17	a79	10
13	6556.2925025201	a7	a17
12	6556.29258062834	a7	a17	a79	14
13	6556.29268500307	a7	a17
12	6557.89770634656	a7	a17	a79	10
13	6557.89790680134	a7	a17
12	6564.54923576771	a7	a17	a67	2
13	6605.79550889541	a7	a17
12	6608.94261915118	a7	a17	a51	3
13	6608.94592665498	a7	a17
12	6608.94850733741	a7	a17	a69	2
13	6608.9678964984	a7	a17
12	6608.97046231952	a7	a17	a51	3
13	6608.971523693	a7	a17
12	6608.97397442544	a7	a17	a71	1
13	6608.99341957552	a7	a17
12	6608.99621764769	a7	a17	a71	2
13	6609.00293184585	a7	a17
12	6609.00781672136	a7	a17	a73	3
13	6609.14555645559	a7	a17
12	6609.14567776529	a7	a17	a73	6
13	6609.27973777193	a7	a17
12	6609.32956322571	a7	a17	a77	2
13	6609.33008440813	a7	a17
12	6609.33015629536	a7	a17	a77	7
13	6609.33045283018	a7	a17
12	6609.33052333496	a7	a17	a77	11
13	6609.33081261194	a7	a17
12	6609.33089279385	a7	a17	a77	15
13	6609.33113541325	a7	a17
12	6609.41022622745	a7	a17	a81	3
13	6609.41204932907	a7	a17
12	6609.4478000927	a7	a17	a81	2
13	6609.44949117067	a7	a17
12	6609.52016322989	a7	a17	a51	1
13	6609.52084996031	a7	a17
12	6609.52405619988	a7	a17	a75	3
13	6609.52627710055	a7	a17
12	6609.53506635124	a7	a17	a77	5
13	6609.5353459511	a7	a17
12	6609.53542716984	a7	a17	a77	8
13	6609.53574893432	a7	a17
12	6609.53579662873	a7	a17	a77	13
13	6609.53604546914	a7	a17
