%EventDef PajeDefineContainerType 0 
%       Alias string 
%       Type string 
%       Name string 
%EndEventDef 
%EventDef PajeDefineVariableType 1 
%       Alias string 
%       Type string 
%       Name string 
%       Color color 
%EndEventDef 
%EventDef PajeDefineStateType 2 
%       Alias string 
%       Type string 
%       Name string 
%EndEventDef 
%EventDef PajeDefineEventType 3 
%       Alias string 
%       Type string 
%       Name string 
%       Color color 
%EndEventDef 
%EventDef PajeDefineLinkType 4 
%       Alias string 
%       Type string 
%       StartContainerType string 
%       EndContainerType string 
%       Name string 
%EndEventDef 
%EventDef PajeDefineEntityValue 5 
%       Alias string 
%       Type string 
%       Name string 
%       Color color 
%EndEventDef 
%EventDef PajeCreateContainer 6 
%       Time date 
%       Alias string 
%       Type string 
%       Container string 
%       Name string 
%EndEventDef 
%EventDef PajeDestroyContainer 7 
%       Time date 
%       Type string 
%       Name string 
%EndEventDef 
%EventDef PajeSetVariable 8 
%       Time date 
%       Type string 
%       Container string 
%       Value double 
%EndEventDef
%EventDef PajeAddVariable 9 
%       Time date 
%       Type string 
%       Container string 
%       Value double 
%EndEventDef
%EventDef PajeSubVariable 10 
%       Time date 
%       Type string 
%       Container string 
%       Value double 
%EndEventDef
%EventDef PajeSetState 11 
%       Time date 
%       Type string 
%       Container string 
%       Value string 
%EndEventDef
%EventDef PajePushState 12 
%       Time date 
%       Type string 
%       Container string 
%       Value string 
%       Id string 
%EndEventDef
%EventDef PajePopState 13 
%       Time date 
%       Type string 
%       Container string 
%EndEventDef
%EventDef PajeResetState 14 
%       Time date 
%       Type string 
%       Container string 
%EndEventDef
%EventDef PajeStartLink 15 
%       Time date 
%       Type string 
%       Container string 
%       Value string 
%       StartContainer string 
%       Key string 
%EndEventDef
%EventDef PajeEndLink 16 
%       Time date 
%       Type string 
%       Container string 
%       Value string 
%       EndContainer string 
%       Key string 
%EndEventDef
%EventDef PajeNewEvent 17 
%       Time date 
%       Type string 
%       Container string 
%       Value string 
%EndEventDef
0	a1	0	"Task Manager"
0	a2	a1	"Node"
0	a3	a1	"Thread"
0	a4	a1	"Jobs"
0	a5	a1	"Memory usage"
2	a6	a4	"Job"
2	a7	a3	"Task"
2	a8	a3	"Timer state"
6	0	a9	a1	0	"The task manager"
6	0	a10	a4	a9	"Jobs"
6	0	a11	a5	a9	"Memory"
1	a12	a1	"Memory [MB]"	"1.0 1.0 1.0"
6	0	a13	a2	a9	"Node 0"
6	0	a14	a3	a13	"Thread 0"
6	0	a15	a3	a13	"Thread 1"
6	0	a16	a3	a13	"Thread 2"
6	0	a17	a3	a13	"Thread 3"
5	a18	a6	"ngcore::ParallelFor<int,ngcore::EnterTaskManager(int)::{lambda(int)#1}>(ngcore::T_Range<int>,ngcore::EnterTaskManager(int)::{lambda(int)#1},int,ngcore::TotalCosts)::{lambda(ngcore::TaskInfo&)#1}"	"0.474876604153514 0 1"
5	a19	a7	"ngcore::ParallelFor<int,ngcore::EnterTaskManager(int)::{lambda(int)#1}>(ngcore::T_Range<int>,ngcore::EnterTaskManager(int)::{lambda(int)#1},int,ngcore::TotalCosts)::{lambda(ngcore::TaskInfo&)#1}"	"0.474876604153514 0 1"
5	a20	a6	"ngcore::ParallelForRange<unsigned long,netgen::MeshOptimize3d::UpdateBadness()::{lambda(auto:1)#1}>(ngcore::T_Range<unsigned long>,netgen::MeshOptimize3d::UpdateBadness()::{lambda(auto:1)#1},int,ngcore::TotalCosts)::{lambda(ngcore::TaskInfo&)#1}"	"1 0.678650250816404 0"
5	a21	a7	"ngcore::ParallelForRange<unsigned long,netgen::MeshOptimize3d::UpdateBadness()::{lambda(auto:1)#1}>(ngcore::T_Range<unsigned long>,netgen::MeshOptimize3d::UpdateBadness()::{lambda(auto:1)#1},int,ngcore::TotalCosts)::{lambda(ngcore::TaskInfo&)#1}"	"1 0.678650250816404 0"
5	a22	a6	"ngcore::ParallelForRange<netgen::ElementIndex,ngcore::CreateTable<netgen::ElementIndex,netgen::PointIndex,ngcore::T_Range<netgen::ElementIndex>,netgen::Mesh::CreatePoint2ElementTable(std::optional<ngcore::TBitArray<netgen::PointIndex>>,int)const::{lambda(auto:1&,netgen::ElementIndex)#2}>(ngcore::T_Range<netgen::ElementIndex>const&,netgen::Mesh::CreatePoint2ElementTable(std::optional<ngcore::TBitArray<netgen::PointIndex>>,int)const::{lambda(auto:1&,netgen::ElementIndex)#2}const&,std::optional<unsigned long>)::{lambda(auto:1)#1}>(ngcore::T_Range<netgen::ElementIndex>,ngcore::CreateTable<netgen::ElementIndex,netgen::PointIndex,ngcore::T_Range<netgen::ElementIndex>,netgen::Mesh::CreatePoint2ElementTable(std::optional<ngcore::TBitArray<netgen::PointIndex>>,int)const::{lambda(auto:1&,netgen::ElementIndex)#2}>(ngcore::T_Range<netgen::ElementIndex>const&,netgen::Mesh::CreatePoint2ElementTable(std::optional<ngcore::TBitArray<netgen::PointIndex>>,int)const::{lambda(auto:1&,netgen::ElementIndex)#2}const&,std::optional<unsigned long>)::{lambda(auto:1)#1},int,ngcore::TotalCosts)::{lambda(ngcore::TaskInfo&)#1}"	"0.249937056621988 0 1"
5	a23	a7	"ngcore::ParallelForRange<netgen::ElementIndex,ngcore::CreateTable<netgen::ElementIndex,netgen::PointIndex,ngcore::T_Range<netgen::ElementIndex>,netgen::Mesh::CreatePoint2ElementTable(std::optional<ngcore::TBitArray<netgen::PointIndex>>,int)const::{lambda(auto:1&,netgen::ElementIndex)#2}>(ngcore::T_Range<netgen::ElementIndex>const&,netgen::Mesh::CreatePoint2ElementTable(std::optional<ngcore::TBitArray<netgen::PointIndex>>,int)const::{lambda(auto:1&,netgen::ElementIndex)#2}const&,std::optional<unsigned long>)::{lambda(auto:1)#1}>(ngcore::T_Range<netgen::ElementIndex>,ngcore::CreateTable<netgen::ElementIndex,netgen::PointIndex,ngcore::T_Range<netgen::ElementIndex>,netgen::Mesh::CreatePoint2ElementTable(std::optional<ngcore::TBitArray<netgen::PointIndex>>,int)const::{lambda(auto:1&,netgen::ElementIndex)#2}>(ngcore::T_Range<netgen::ElementIndex>const&,netgen::Mesh::CreatePoint2ElementTable(std::optional<ngcore::TBitArray<netgen::PointIndex>>,int)const::{lambda(auto:1&,netgen::ElementIndex)#2}const&,std::optional<unsigned long>)::{lambda(auto:1)#1},int,ngcore::TotalCosts)::{lambda(ngcore::TaskInfo&)#1}"	"0.249937056621988 0 1"
5	a24	a6	"ngcore::TablePrefixSum2<unsigned int>(ngcore::FlatArray<unsigned int,unsigned long>)::{lambda(ngcore::TaskInfo)#1}"	"0 0.312895337658212 1"
5	a25	a7	"ngcore::TablePrefixSum2<unsigned int>(ngcore::FlatArray<unsigned int,unsigned long>)::{lambda(ngcore::TaskInfo)#1}"	"0 0.312895337658212 1"
5	a26	a6	"ngcore::TablePrefixSum2<unsigned int>(ngcore::FlatArray<unsigned int,unsigned long>)::{lambda(ngcore::TaskInfo)#2}"	"0 1 0.887517304832004"
5	a27	a7	"ngcore::TablePrefixSum2<unsigned int>(ngcore::FlatArray<unsigned int,unsigned long>)::{lambda(ngcore::TaskInfo)#2}"	"0 1 0.887517304832004"
5	a28	a6	"ngcore::ParallelForRange<netgen::PointIndex,ngcore::CreateSortedTable<netgen::ElementIndex,netgen::PointIndex,ngcore::T_Range<netgen::ElementIndex>,netgen::Mesh::CreatePoint2ElementTable(std::optional<ngcore::TBitArray<netgen::PointIndex>>,int)const::{lambda(auto:1&,netgen::ElementIndex)#2}>(ngcore::T_Range<netgen::ElementIndex>const&,netgen::Mesh::CreatePoint2ElementTable(std::optional<ngcore::TBitArray<netgen::PointIndex>>,int)const::{lambda(auto:1&,netgen::ElementIndex)#2}const&,std::optional<unsigned long>)::{lambda(auto:1)#1}>(ngcore::T_Range<netgen::PointIndex>,ngcore::CreateSortedTable<netgen::ElementIndex,netgen::PointIndex,ngcore::T_Range<netgen::ElementIndex>,netgen::Mesh::CreatePoint2ElementTable(std::optional<ngcore::TBitArray<netgen::PointIndex>>,int)const::{lambda(auto:1&,netgen::ElementIndex)#2}>(ngcore::T_Range<netgen::ElementIndex>const&,netgen::Mesh::CreatePoint2ElementTable(std::optional<ngcore::TBitArray<netgen::PointIndex>>,int)const::{lambda(auto:1&,netgen::ElementIndex)#2}const&,std::optional<unsigned long>)::{lambda(auto:1)#1},int,ngcore::TotalCosts)::{lambda(ngcore::TaskInfo&)#1}"	"0.842090268815423 1 0"
5	a29	a7	"ngcore::ParallelForRange<netgen::PointIndex,ngcore::CreateSortedTable<netgen::ElementIndex,netgen::PointIndex,ngcore::T_Range<netgen::ElementIndex>,netgen::Mesh::CreatePoint2ElementTable(std::optional<ngcore::TBitArray<netgen::PointIndex>>,int)const::{lambda(auto:1&,netgen::ElementIndex)#2}>(ngcore::T_Range<netgen::ElementIndex>const&,netgen::Mesh::CreatePoint2ElementTable(std::optional<ngcore::TBitArray<netgen::PointIndex>>,int)const::{lambda(auto:1&,netgen::ElementIndex)#2}const&,std::optional<unsigned long>)::{lambda(auto:1)#1}>(ngcore::T_Range<netgen::PointIndex>,ngcore::CreateSortedTable<netgen::ElementIndex,netgen::PointIndex,ngcore::T_Range<netgen::ElementIndex>,netgen::Mesh::CreatePoint2ElementTable(std::optional<ngcore::TBitArray<netgen::PointIndex>>,int)const::{lambda(auto:1&,netgen::ElementIndex)#2}>(ngcore::T_Range<netgen::ElementIndex>const&,netgen::Mesh::CreatePoint2ElementTable(std::optional<ngcore::TBitArray<netgen::PointIndex>>,int)const::{lambda(auto:1&,netgen::ElementIndex)#2}const&,std::optional<unsigned long>)::{lambda(auto:1)#1},int,ngcore::TotalCosts)::{lambda(ngcore::TaskInfo&)#1}"	"0.842090268815423 1 0"
5	a30	a6	"ngcore::ParallelFor<unsigned long,netgen::BuildEdgeList<ngcore::Table<netgen::ElementIndex,netgen::PointIndex>>(netgen::Mesh const&,ngcore::Table<netgen::ElementIndex,netgen::PointIndex>const&,ngcore::Array<std::tuple<netgen::PointIndex,netgen::PointIndex>,unsigned long>&)::{lambda(int)#1}>(ngcore::T_Range<unsigned long>,netgen::BuildEdgeList<ngcore::Table<netgen::ElementIndex,netgen::PointIndex>>(netgen::Mesh const&,ngcore::Table<netgen::ElementIndex,netgen::PointIndex>const&,ngcore::Array<std::tuple<netgen::PointIndex,netgen::PointIndex>,unsigned long>&)::{lambda(int)#1},int,ngcore::TotalCosts)::{lambda(ngcore::TaskInfo&)#1}"	"0 0.92845231968175 1"
5	a31	a7	"ngcore::ParallelFor<unsigned long,netgen::BuildEdgeList<ngcore::Table<netgen::ElementIndex,netgen::PointIndex>>(netgen::Mesh const&,ngcore::Table<netgen::ElementIndex,netgen::PointIndex>const&,ngcore::Array<std::tuple<netgen::PointIndex,netgen::PointIndex>,unsigned long>&)::{lambda(int)#1}>(ngcore::T_Range<unsigned long>,netgen::BuildEdgeList<ngcore::Table<netgen::ElementIndex,netgen::PointIndex>>(netgen::Mesh const&,ngcore::Table<netgen::ElementIndex,netgen::PointIndex>const&,ngcore::Array<std::tuple<netgen::PointIndex,netgen::PointIndex>,unsigned long>&)::{lambda(int)#1},int,ngcore::TotalCosts)::{lambda(ngcore::TaskInfo&)#1}"	"0 0.92845231968175 1"
5	a32	a6	"ngcore::ParallelForRange<unsigned long,netgen::MeshOptimize3d::CombineImprove()::{lambda(auto:1)#1}>(ngcore::T_Range<unsigned long>,netgen::MeshOptimize3d::CombineImprove()::{lambda(auto:1)#1},int,ngcore::TotalCosts)::{lambda(ngcore::TaskInfo&)#1}"	"0.871932935638338 1 0"
5	a33	a7	"ngcore::ParallelForRange<unsigned long,netgen::MeshOptimize3d::CombineImprove()::{lambda(auto:1)#1}>(ngcore::T_Range<unsigned long>,netgen::MeshOptimize3d::CombineImprove()::{lambda(auto:1)#1},int,ngcore::TotalCosts)::{lambda(ngcore::TaskInfo&)#1}"	"0.871932935638338 1 0"
5	a34	a6	"ngcore::ParallelForRange<netgen::ElementIndex,netgen::Mesh::Compress()::{lambda(auto:1)#1}>(ngcore::T_Range<netgen::ElementIndex>,netgen::Mesh::Compress()::{lambda(auto:1)#1},int,ngcore::TotalCosts)::{lambda(ngcore::TaskInfo&)#1}"	"1 0.0611641584106637 0"
5	a35	a7	"ngcore::ParallelForRange<netgen::ElementIndex,netgen::Mesh::Compress()::{lambda(auto:1)#1}>(ngcore::T_Range<netgen::ElementIndex>,netgen::Mesh::Compress()::{lambda(auto:1)#1},int,ngcore::TotalCosts)::{lambda(ngcore::TaskInfo&)#1}"	"1 0.0611641584106637 0"
5	a36	a6	"ngcore::ParallelForRange<netgen::SurfaceElementIndex,netgen::Mesh::Compress()::{lambda(auto:1)#2}>(ngcore::T_Range<netgen::SurfaceElementIndex>,netgen::Mesh::Compress()::{lambda(auto:1)#2},int,ngcore::TotalCosts)::{lambda(ngcore::TaskInfo&)#1}"	"1 0 0.468416236915722"
5	a37	a7	"ngcore::ParallelForRange<netgen::SurfaceElementIndex,netgen::Mesh::Compress()::{lambda(auto:1)#2}>(ngcore::T_Range<netgen::SurfaceElementIndex>,netgen::Mesh::Compress()::{lambda(auto:1)#2},int,ngcore::TotalCosts)::{lambda(ngcore::TaskInfo&)#1}"	"1 0 0.468416236915722"
5	a38	a6	"ngcore::ParallelForRange<netgen::ElementIndex,netgen::Mesh::Compress()::{lambda(auto:1)#3}>(ngcore::T_Range<netgen::ElementIndex>,netgen::Mesh::Compress()::{lambda(auto:1)#3},int,ngcore::TotalCosts)::{lambda(ngcore::TaskInfo&)#1}"	"0.688034037288286 1 0"
5	a39	a7	"ngcore::ParallelForRange<netgen::ElementIndex,netgen::Mesh::Compress()::{lambda(auto:1)#3}>(ngcore::T_Range<netgen::ElementIndex>,netgen::Mesh::Compress()::{lambda(auto:1)#3},int,ngcore::TotalCosts)::{lambda(ngcore::TaskInfo&)#1}"	"0.688034037288286 1 0"
5	a40	a6	"ngcore::ParallelForRange<netgen::SurfaceElementIndex,netgen::Mesh::Compress()::{lambda(auto:1)#4}>(ngcore::T_Range<netgen::SurfaceElementIndex>,netgen::Mesh::Compress()::{lambda(auto:1)#4},int,ngcore::TotalCosts)::{lambda(ngcore::TaskInfo&)#1}"	"0 0.666479625428673 1"
5	a41	a7	"ngcore::ParallelForRange<netgen::SurfaceElementIndex,netgen::Mesh::Compress()::{lambda(auto:1)#4}>(ngcore::T_Range<netgen::SurfaceElementIndex>,netgen::Mesh::Compress()::{lambda(auto:1)#4},int,ngcore::TotalCosts)::{lambda(ngcore::TaskInfo&)#1}"	"0 0.666479625428673 1"
5	a42	a6	"ngcore::ParallelForRange<netgen::ElementIndex,netgen::Mesh::MarkIllegalElements(int)::{lambda(auto:1)#1}>(ngcore::T_Range<netgen::ElementIndex>,netgen::Mesh::MarkIllegalElements(int)::{lambda(auto:1)#1},int,ngcore::TotalCosts)::{lambda(ngcore::TaskInfo&)#1}"	"0 1 0.466615076285465"
5	a43	a7	"ngcore::ParallelForRange<netgen::ElementIndex,netgen::Mesh::MarkIllegalElements(int)::{lambda(auto:1)#1}>(ngcore::T_Range<netgen::ElementIndex>,netgen::Mesh::MarkIllegalElements(int)::{lambda(auto:1)#1},int,ngcore::TotalCosts)::{lambda(ngcore::TaskInfo&)#1}"	"0 1 0.466615076285465"
5	a44	a6	"ngcore::ParallelForRange<netgen::ElementIndex,netgen::PointFunction::PointFunction(netgen::Mesh&,netgen::MeshingParameters const&)::{lambda(auto:1)#1}>(ngcore::T_Range<netgen::ElementIndex>,netgen::PointFunction::PointFunction(netgen::Mesh&,netgen::MeshingParameters const&)::{lambda(auto:1)#1},int,ngcore::TotalCosts)::{lambda(ngcore::TaskInfo&)#1}"	"0.21485381159346 0 1"
5	a45	a7	"ngcore::ParallelForRange<netgen::ElementIndex,netgen::PointFunction::PointFunction(netgen::Mesh&,netgen::MeshingParameters const&)::{lambda(auto:1)#1}>(ngcore::T_Range<netgen::ElementIndex>,netgen::PointFunction::PointFunction(netgen::Mesh&,netgen::MeshingParameters const&)::{lambda(auto:1)#1},int,ngcore::TotalCosts)::{lambda(ngcore::TaskInfo&)#1}"	"0.21485381159346 0 1"
5	a46	a6	"ngcore::ParallelForRange<netgen::ElementIndex,ngcore::CreateTable<netgen::ElementIndex,netgen::PointIndex,ngcore::T_Range<netgen::ElementIndex>,netgen::PointFunction::PointFunction(netgen::Mesh&,netgen::MeshingParameters const&)::{lambda(auto:1&,netgen::ElementIndex)#2}>(ngcore::T_Range<netgen::ElementIndex>const&,netgen::PointFunction::PointFunction(netgen::Mesh&,netgen::MeshingParameters const&)::{lambda(auto:1&,netgen::ElementIndex)#2}const&,std::optional<unsigned long>)::{lambda(auto:1)#1}>(ngcore::T_Range<netgen::ElementIndex>,ngcore::CreateTable<netgen::ElementIndex,netgen::PointIndex,ngcore::T_Range<netgen::ElementIndex>,netgen::PointFunction::PointFunction(netgen::Mesh&,netgen::MeshingParameters const&)::{lambda(auto:1&,netgen::ElementIndex)#2}>(ngcore::T_Range<netgen::ElementIndex>const&,netgen::PointFunction::PointFunction(netgen::Mesh&,netgen::MeshingParameters const&)::{lambda(auto:1&,netgen::ElementIndex)#2}const&,std::optional<unsigned long>)::{lambda(auto:1)#1},int,ngcore::TotalCosts)::{lambda(ngcore::TaskInfo&)#1}"	"0.223576134588471 1 0"
5	a47	a7	"ngcore::ParallelForRange<netgen::ElementIndex,ngcore::CreateTable<netgen::ElementIndex,netgen::PointIndex,ngcore::T_Range<netgen::ElementIndex>,netgen::PointFunction::PointFunction(netgen::Mesh&,netgen::MeshingParameters const&)::{lambda(auto:1&,netgen::ElementIndex)#2}>(ngcore::T_Range<netgen::ElementIndex>const&,netgen::PointFunction::PointFunction(netgen::Mesh&,netgen::MeshingParameters const&)::{lambda(auto:1&,netgen::ElementIndex)#2}const&,std::optional<unsigned long>)::{lambda(auto:1)#1}>(ngcore::T_Range<netgen::ElementIndex>,ngcore::CreateTable<netgen::ElementIndex,netgen::PointIndex,ngcore::T_Range<netgen::ElementIndex>,netgen::PointFunction::PointFunction(netgen::Mesh&,netgen::MeshingParameters const&)::{lambda(auto:1&,netgen::ElementIndex)#2}>(ngcore::T_Range<netgen::ElementIndex>const&,netgen::PointFunction::PointFunction(netgen::Mesh&,netgen::MeshingParameters const&)::{lambda(auto:1&,netgen::ElementIndex)#2}const&,std::optional<unsigned long>)::{lambda(auto:1)#1},int,ngcore::TotalCosts)::{lambda(ngcore::TaskInfo&)#1}"	"0.223576134588471 1 0"
5	a48	a6	"ngcore::ParallelForRange<netgen::PointIndex,ngcore::CreateSortedTable<netgen::ElementIndex,netgen::PointIndex,ngcore::T_Range<netgen::ElementIndex>,netgen::PointFunction::PointFunction(netgen::Mesh&,netgen::MeshingParameters const&)::{lambda(auto:1&,netgen::ElementIndex)#2}>(ngcore::T_Range<netgen::ElementIndex>const&,netgen::PointFunction::PointFunction(netgen::Mesh&,netgen::MeshingParameters const&)::{lambda(auto:1&,netgen::ElementIndex)#2}const&,std::optional<unsigned long>)::{lambda(auto:1)#1}>(ngcore::T_Range<netgen::PointIndex>,ngcore::CreateSortedTable<netgen::ElementIndex,netgen::PointIndex,ngcore::T_Range<netgen::ElementIndex>,netgen::PointFunction::PointFunction(netgen::Mesh&,netgen::MeshingParameters const&)::{lambda(auto:1&,netgen::ElementIndex)#2}>(ngcore::T_Range<netgen::ElementIndex>const&,netgen::PointFunction::PointFunction(netgen::Mesh&,netgen::MeshingParameters const&)::{lambda(auto:1&,netgen::ElementIndex)#2}const&,std::optional<unsigned long>)::{lambda(auto:1)#1},int,ngcore::TotalCosts)::{lambda(ngcore::TaskInfo&)#1}"	"1 0 0.920556272128726"
5	a49	a7	"ngcore::ParallelForRange<netgen::PointIndex,ngcore::CreateSortedTable<netgen::ElementIndex,netgen::PointIndex,ngcore::T_Range<netgen::ElementIndex>,netgen::PointFunction::PointFunction(netgen::Mesh&,netgen::MeshingParameters const&)::{lambda(auto:1&,netgen::ElementIndex)#2}>(ngcore::T_Range<netgen::ElementIndex>const&,netgen::PointFunction::PointFunction(netgen::Mesh&,netgen::MeshingParameters const&)::{lambda(auto:1&,netgen::ElementIndex)#2}const&,std::optional<unsigned long>)::{lambda(auto:1)#1}>(ngcore::T_Range<netgen::PointIndex>,ngcore::CreateSortedTable<netgen::ElementIndex,netgen::PointIndex,ngcore::T_Range<netgen::ElementIndex>,netgen::PointFunction::PointFunction(netgen::Mesh&,netgen::MeshingParameters const&)::{lambda(auto:1&,netgen::ElementIndex)#2}>(ngcore::T_Range<netgen::ElementIndex>const&,netgen::PointFunction::PointFunction(netgen::Mesh&,netgen::MeshingParameters const&)::{lambda(auto:1&,netgen::ElementIndex)#2}const&,std::optional<unsigned long>)::{lambda(auto:1)#1},int,ngcore::TotalCosts)::{lambda(ngcore::TaskInfo&)#1}"	"1 0 0.920556272128726"
5	a50	a6	"ngcore::ParallelForRange<unsigned long,ngcore::CreateTable<netgen::PointIndex,int,unsigned long,netgen::Mesh::ImproveMesh(netgen::MeshingParameters const&,netgen::OPTIMIZEGOAL)::{lambda(auto:1&,int)#2}>(unsigned long const&,netgen::Mesh::ImproveMesh(netgen::MeshingParameters const&,netgen::OPTIMIZEGOAL)::{lambda(auto:1&,int)#2}const&,std::optional<unsigned long>)::{lambda(auto:1)#1}>(ngcore::T_Range<unsigned long>,ngcore::CreateTable<netgen::PointIndex,int,unsigned long,netgen::Mesh::ImproveMesh(netgen::MeshingParameters const&,netgen::OPTIMIZEGOAL)::{lambda(auto:1&,int)#2}>(unsigned long const&,netgen::Mesh::ImproveMesh(netgen::MeshingParameters const&,netgen::OPTIMIZEGOAL)::{lambda(auto:1&,int)#2}const&,std::optional<unsigned long>)::{lambda(auto:1)#1},int,ngcore::TotalCosts)::{lambda(ngcore::TaskInfo&)#1}"	"0.262113174950265 0 1"
5	a51	a7	"ngcore::ParallelForRange<unsigned long,ngcore::CreateTable<netgen::PointIndex,int,unsigned long,netgen::Mesh::ImproveMesh(netgen::MeshingParameters const&,netgen::OPTIMIZEGOAL)::{lambda(auto:1&,int)#2}>(unsigned long const&,netgen::Mesh::ImproveMesh(netgen::MeshingParameters const&,netgen::OPTIMIZEGOAL)::{lambda(auto:1&,int)#2}const&,std::optional<unsigned long>)::{lambda(auto:1)#1}>(ngcore::T_Range<unsigned long>,ngcore::CreateTable<netgen::PointIndex,int,unsigned long,netgen::Mesh::ImproveMesh(netgen::MeshingParameters const&,netgen::OPTIMIZEGOAL)::{lambda(auto:1&,int)#2}>(unsigned long const&,netgen::Mesh::ImproveMesh(netgen::MeshingParameters const&,netgen::OPTIMIZEGOAL)::{lambda(auto:1&,int)#2}const&,std::optional<unsigned long>)::{lambda(auto:1)#1},int,ngcore::TotalCosts)::{lambda(ngcore::TaskInfo&)#1}"	"0.262113174950265 0 1"
5	a52	a6	"ngcore::ParallelForRange<unsigned long,netgen::Mesh::CalcTotalBad(netgen::MeshingParameters const&)::{lambda(auto:1)#1}>(ngcore::T_Range<unsigned long>,netgen::Mesh::CalcTotalBad(netgen::MeshingParameters const&)::{lambda(auto:1)#1},int,ngcore::TotalCosts)::{lambda(ngcore::TaskInfo&)#1}"	"0 0.94516644928259 1"
5	a53	a7	"ngcore::ParallelForRange<unsigned long,netgen::Mesh::CalcTotalBad(netgen::MeshingParameters const&)::{lambda(auto:1)#1}>(ngcore::T_Range<unsigned long>,netgen::Mesh::CalcTotalBad(netgen::MeshingParameters const&)::{lambda(auto:1)#1},int,ngcore::TotalCosts)::{lambda(ngcore::TaskInfo&)#1}"	"0 0.94516644928259 1"
5	a54	a6	"ngcore::ParallelForRange<netgen::PointIndex,netgen::Mesh::ImproveMesh(netgen::MeshingParameters const&,netgen::OPTIMIZEGOAL)::{lambda(auto:1)#3}>(ngcore::T_Range<netgen::PointIndex>,netgen::Mesh::ImproveMesh(netgen::MeshingParameters const&,netgen::OPTIMIZEGOAL)::{lambda(auto:1)#3},int,ngcore::TotalCosts)::{lambda(ngcore::TaskInfo&)#1}"	"0 1 0.601332436921385"
5	a55	a7	"ngcore::ParallelForRange<netgen::PointIndex,netgen::Mesh::ImproveMesh(netgen::MeshingParameters const&,netgen::OPTIMIZEGOAL)::{lambda(auto:1)#3}>(ngcore::T_Range<netgen::PointIndex>,netgen::Mesh::ImproveMesh(netgen::MeshingParameters const&,netgen::OPTIMIZEGOAL)::{lambda(auto:1)#3},int,ngcore::TotalCosts)::{lambda(ngcore::TaskInfo&)#1}"	"0 1 0.601332436921385"
5	a56	a6	"ngcore::ParallelForRange<unsigned long,netgen::Mesh::ImproveMesh(netgen::MeshingParameters const&,netgen::OPTIMIZEGOAL)::{lambda(auto:1)#4}>(ngcore::T_Range<unsigned long>,netgen::Mesh::ImproveMesh(netgen::MeshingParameters const&,netgen::OPTIMIZEGOAL)::{lambda(auto:1)#4},int,ngcore::TotalCosts)::{lambda(ngcore::TaskInfo&)#1}"	"0.693194167384225 0 1"
5	a57	a7	"ngcore::ParallelForRange<unsigned long,netgen::Mesh::ImproveMesh(netgen::MeshingParameters const&,netgen::OPTIMIZEGOAL)::{lambda(auto:1)#4}>(ngcore::T_Range<unsigned long>,netgen::Mesh::ImproveMesh(netgen::MeshingParameters const&,netgen::OPTIMIZEGOAL)::{lambda(auto:1)#4},int,ngcore::TotalCosts)::{lambda(ngcore::TaskInfo&)#1}"	"0.693194167384225 0 1"
5	a58	a6	"ngcore::ParallelForRange<unsigned long,netgen::MeshOptimize3d::SplitImprove()::{lambda(auto:1)#1}>(ngcore::T_Range<unsigned long>,netgen::MeshOptimize3d::SplitImprove()::{lambda(auto:1)#1},int,ngcore::TotalCosts)::{lambda(ngcore::TaskInfo&)#1}"	"0.823419219074636 0 1"
5	a59	a7	"ngcore::ParallelForRange<unsigned long,netgen::MeshOptimize3d::SplitImprove()::{lambda(auto:1)#1}>(ngcore::T_Range<unsigned long>,netgen::MeshOptimize3d::SplitImprove()::{lambda(auto:1)#1},int,ngcore::TotalCosts)::{lambda(ngcore::TaskInfo&)#1}"	"0.823419219074636 0 1"
5	a60	a6	"ngcore::ParallelForRange<int,netgen::MeshOptimize3d::SplitImprove2()::{lambda(auto:1)#1}>(ngcore::T_Range<int>,netgen::MeshOptimize3d::SplitImprove2()::{lambda(auto:1)#1},int,ngcore::TotalCosts)::{lambda(ngcore::TaskInfo&)#1}"	"1 0 0.638035884275575"
5	a61	a7	"ngcore::ParallelForRange<int,netgen::MeshOptimize3d::SplitImprove2()::{lambda(auto:1)#1}>(ngcore::T_Range<int>,netgen::MeshOptimize3d::SplitImprove2()::{lambda(auto:1)#1},int,ngcore::TotalCosts)::{lambda(ngcore::TaskInfo&)#1}"	"1 0 0.638035884275575"
5	a62	a6	"ngcore::ParallelForRange<netgen::ElementIndex,netgen::MeshOptimize3d::SwapImprove(ngcore::TBitArray<netgen::ElementIndex>const*)::{lambda(auto:1)#1}>(ngcore::T_Range<netgen::ElementIndex>,netgen::MeshOptimize3d::SwapImprove(ngcore::TBitArray<netgen::ElementIndex>const*)::{lambda(auto:1)#1},int,ngcore::TotalCosts)::{lambda(ngcore::TaskInfo&)#1}"	"0.251699413231504 1 0"
5	a63	a7	"ngcore::ParallelForRange<netgen::ElementIndex,netgen::MeshOptimize3d::SwapImprove(ngcore::TBitArray<netgen::ElementIndex>const*)::{lambda(auto:1)#1}>(ngcore::T_Range<netgen::ElementIndex>,netgen::MeshOptimize3d::SwapImprove(ngcore::TBitArray<netgen::ElementIndex>const*)::{lambda(auto:1)#1},int,ngcore::TotalCosts)::{lambda(ngcore::TaskInfo&)#1}"	"0.251699413231504 1 0"
5	a64	a6	"ngcore::ParallelForRange<netgen::ElementIndex,ngcore::CreateTable<netgen::ElementIndex,netgen::PointIndex,ngcore::T_Range<netgen::ElementIndex>,netgen::Mesh::CreatePoint2ElementTable(std::optional<ngcore::TBitArray<netgen::PointIndex>>,int)const::{lambda(auto:1&,netgen::ElementIndex)#1}>(ngcore::T_Range<netgen::ElementIndex>const&,netgen::Mesh::CreatePoint2ElementTable(std::optional<ngcore::TBitArray<netgen::PointIndex>>,int)const::{lambda(auto:1&,netgen::ElementIndex)#1}const&,std::optional<unsigned long>)::{lambda(auto:1)#1}>(ngcore::T_Range<netgen::ElementIndex>,ngcore::CreateTable<netgen::ElementIndex,netgen::PointIndex,ngcore::T_Range<netgen::ElementIndex>,netgen::Mesh::CreatePoint2ElementTable(std::optional<ngcore::TBitArray<netgen::PointIndex>>,int)const::{lambda(auto:1&,netgen::ElementIndex)#1}>(ngcore::T_Range<netgen::ElementIndex>const&,netgen::Mesh::CreatePoint2ElementTable(std::optional<ngcore::TBitArray<netgen::PointIndex>>,int)const::{lambda(auto:1&,netgen::ElementIndex)#1}const&,std::optional<unsigned long>)::{lambda(auto:1)#1},int,ngcore::TotalCosts)::{lambda(ngcore::TaskInfo&)#1}"	"1 0 0.735593826215619"
5	a65	a7	"ngcore::ParallelForRange<netgen::ElementIndex,ngcore::CreateTable<netgen::ElementIndex,netgen::PointIndex,ngcore::T_Range<netgen::ElementIndex>,netgen::Mesh::CreatePoint2ElementTable(std::optional<ngcore::TBitArray<netgen::PointIndex>>,int)const::{lambda(auto:1&,netgen::ElementIndex)#1}>(ngcore::T_Range<netgen::ElementIndex>const&,netgen::Mesh::CreatePoint2ElementTable(std::optional<ngcore::TBitArray<netgen::PointIndex>>,int)const::{lambda(auto:1&,netgen::ElementIndex)#1}const&,std::optional<unsigned long>)::{lambda(auto:1)#1}>(ngcore::T_Range<netgen::ElementIndex>,ngcore::CreateTable<netgen::ElementIndex,netgen::PointIndex,ngcore::T_Range<netgen::ElementIndex>,netgen::Mesh::CreatePoint2ElementTable(std::optional<ngcore::TBitArray<netgen::PointIndex>>,int)const::{lambda(auto:1&,netgen::ElementIndex)#1}>(ngcore::T_Range<netgen::ElementIndex>const&,netgen::Mesh::CreatePoint2ElementTable(std::optional<ngcore::TBitArray<netgen::PointIndex>>,int)const::{lambda(auto:1&,netgen::ElementIndex)#1}const&,std::optional<unsigned long>)::{lambda(auto:1)#1},int,ngcore::TotalCosts)::{lambda(ngcore::TaskInfo&)#1}"	"1 0 0.735593826215619"
5	a66	a6	"ngcore::ParallelForRange<netgen::PointIndex,ngcore::CreateSortedTable<netgen::ElementIndex,netgen::PointIndex,ngcore::T_Range<netgen::ElementIndex>,netgen::Mesh::CreatePoint2ElementTable(std::optional<ngcore::TBitArray<netgen::PointIndex>>,int)const::{lambda(auto:1&,netgen::ElementIndex)#1}>(ngcore::T_Range<netgen::ElementIndex>const&,netgen::Mesh::CreatePoint2ElementTable(std::optional<ngcore::TBitArray<netgen::PointIndex>>,int)const::{lambda(auto:1&,netgen::ElementIndex)#1}const&,std::optional<unsigned long>)::{lambda(auto:1)#1}>(ngcore::T_Range<netgen::PointIndex>,ngcore::CreateSortedTable<netgen::ElementIndex,netgen::PointIndex,ngcore::T_Range<netgen::ElementIndex>,netgen::Mesh::CreatePoint2ElementTable(std::optional<ngcore::TBitArray<netgen::PointIndex>>,int)const::{lambda(auto:1&,netgen::ElementIndex)#1}>(ngcore::T_Range<netgen::ElementIndex>const&,netgen::Mesh::CreatePoint2ElementTable(std::optional<ngcore::TBitArray<netgen::PointIndex>>,int)const::{lambda(auto:1&,netgen::ElementIndex)#1}const&,std::optional<unsigned long>)::{lambda(auto:1)#1},int,ngcore::TotalCosts)::{lambda(ngcore::TaskInfo&)#1}"	"0.635982936861921 1 0"
5	a67	a7	"ngcore::ParallelForRange<netgen::PointIndex,ngcore::CreateSortedTable<netgen::ElementIndex,netgen::PointIndex,ngcore::T_Range<netgen::ElementIndex>,netgen::Mesh::CreatePoint2ElementTable(std::optional<ngcore::TBitArray<netgen::PointIndex>>,int)const::{lambda(auto:1&,netgen::ElementIndex)#1}>(ngcore::T_Range<netgen::ElementIndex>const&,netgen::Mesh::CreatePoint2ElementTable(std::optional<ngcore::TBitArray<netgen::PointIndex>>,int)const::{lambda(auto:1&,netgen::ElementIndex)#1}const&,std::optional<unsigned long>)::{lambda(auto:1)#1}>(ngcore::T_Range<netgen::PointIndex>,ngcore::CreateSortedTable<netgen::ElementIndex,netgen::PointIndex,ngcore::T_Range<netgen::ElementIndex>,netgen::Mesh::CreatePoint2ElementTable(std::optional<ngcore::TBitArray<netgen::PointIndex>>,int)const::{lambda(auto:1&,netgen::ElementIndex)#1}>(ngcore::T_Range<netgen::ElementIndex>const&,netgen::Mesh::CreatePoint2ElementTable(std::optional<ngcore::TBitArray<netgen::PointIndex>>,int)const::{lambda(auto:1&,netgen::ElementIndex)#1}const&,std::optional<unsigned long>)::{lambda(auto:1)#1},int,ngcore::TotalCosts)::{lambda(ngcore::TaskInfo&)#1}"	"0.635982936861921 1 0"
5	a68	a6	"ngcore::ParallelForRange<unsigned long,netgen::MeshOptimize3d::SwapImprove(ngcore::TBitArray<netgen::ElementIndex>const*)::{lambda(auto:1)#2}>(ngcore::T_Range<unsigned long>,netgen::MeshOptimize3d::SwapImprove(ngcore::TBitArray<netgen::ElementIndex>const*)::{lambda(auto:1)#2},int,ngcore::TotalCosts)::{lambda(ngcore::TaskInfo&)#1}"	"0 0.259371895869116 1"
5	a69	a7	"ngcore::ParallelForRange<unsigned long,netgen::MeshOptimize3d::SwapImprove(ngcore::TBitArray<netgen::ElementIndex>const*)::{lambda(auto:1)#2}>(ngcore::T_Range<unsigned long>,netgen::MeshOptimize3d::SwapImprove(ngcore::TBitArray<netgen::ElementIndex>const*)::{lambda(auto:1)#2},int,ngcore::TotalCosts)::{lambda(ngcore::TaskInfo&)#1}"	"0 0.259371895869116 1"
5	a70	a6	"ngcore::ParallelForRange<int,netgen::MeshOptimize3d::SwapImprove2(bool)::{lambda(auto:1)#1}>(ngcore::T_Range<int>,netgen::MeshOptimize3d::SwapImprove2(bool)::{lambda(auto:1)#1},int,ngcore::TotalCosts)::{lambda(ngcore::TaskInfo&)#1}"	"0.175914998672883 0 1"
5	a71	a7	"ngcore::ParallelForRange<int,netgen::MeshOptimize3d::SwapImprove2(bool)::{lambda(auto:1)#1}>(ngcore::T_Range<int>,netgen::MeshOptimize3d::SwapImprove2(bool)::{lambda(auto:1)#1},int,ngcore::TotalCosts)::{lambda(ngcore::TaskInfo&)#1}"	"0.175914998672883 0 1"
5	a72	a8	"MeshOptimize3d::SwapImprove2"	"0.225266543735113 1 0"
5	a73	a8	"Optimize"	"1 0.806388608367739 0"
5	a74	a8	"Search"	"0 1 0.476944827585701"
5	a75	a8	"MeshOptimize3d::SplitImprove2"	"1 0 0.284167684680821"
5	a76	a8	"Search-split"	"0 0.760775463367062 1"
5	a77	a8	"Optimize"	"1 0.806388608367739 0"
5	a78	a8	"MeshOptimize3d::SplitImprove"	"1 0.00597891211648912 0"
5	a79	a8	"CalcTotalBad"	"1 0.145034133956077 0"
5	a80	a8	"CreateTable"	"0.608616351291681 0 1"
5	a81	a8	"ComputeColoring - netgen::Mesh::ImproveMesh(netgen::MeshingParameters const&,netgen::OPTIMIZEGOAL)::{lambda(int)#1}"	"0.385055626832195 1 0"
5	a82	a8	"CreateTable"	"0.608616351291681 0 1"
5	a83	a8	"CreateSortedTable"	"0 0.0381698166109086 1"
5	a84	a8	"PointFunction - build elementsonpoint table"	"1 0 0.690117679231362"
5	a85	a8	"loch"	"0.0560465790461859 0 1"
5	a86	a8	"range"	"1 0.343599914187472 0"
5	a87	a8	"optimize"	"0.430292365707059 0 1"
5	a88	a8	"coloring"	"0.525413031812155 0 1"
5	a89	a8	"Mesh::ImproveMesh"	"1 0.990503610342393 0"
5	a90	a8	"CreateTable"	"0.608616351291681 0 1"
5	a91	a8	"CreateSortedTable"	"0 0.0381698166109086 1"
5	a92	a8	"Search-combine"	"1 0.055839804479815 0"
5	a93	a8	"Optimize"	"1 0.806388608367739 0"
5	a94	a8	"MeshOptimize3d::CombineImprove"	"0.860704830116756 0 1"
5	a95	a8	"UpdateBadness"	"0.0229539312475719 1 0"
5	a96	a8	"Build edges"	"0 0.0614795051658243 1"
5	a97	a8	"CreateTable"	"0.608616351291681 0 1"
5	a98	a8	"CreateSortedTable"	"0 0.0381698166109086 1"
5	a99	a8	"Mesh::CreatePoint2VolumeElementTable"	"1 0 0.838864258685815"
5	a100	a8	"MeshOptimize3d::SwapImprove loop"	"0.154668690207104 1 0"
5	a101	a8	"MeshOptimize3d::SwapImprove"	"1 0 0.872378238214267"
5	a102	a8	"Mesh::BuildBoundaryEdges"	"1 0 0.657663000435024"
5	a103	a8	"Mesh::LinkSurfaceElements"	"0 1 0.171518596860468"
5	a104	a8	"Mesh::Compress"	"1 0.648677515017027 0"
5	a105	a8	"Mesh::CalcSurfacesOfNode, pointloop"	"0 0.319536079261344 1"
5	a106	a8	"Mesh::CalcSurfacesOfNode - surfelementht"	"0.690162641156969 0 1"
5	a107	a8	"Mesh::CalcSurfacesOfNode - surf on node"	"0.000515674241007069 1 0"
5	a108	a8	"Mesh::CalcSurfacesOfNode"	"1 0 0.975916575867663"
6	0	a109	a3	a9	"Timer level 0"
6	0	a110	a3	a9	"Timer level 1"
6	0	a111	a3	a9	"Timer level 2"
6	0	a112	a3	a9	"Timer level 3"
4	a113	a2	a3	a3	"links"
12	0.343943893616967	a6	a10	a18	0
13	0.344959796806871	a6	a10
12	0.381934663230013	a6	a10	a20	0
13	0.38292844399591	a6	a10
12	0.412523062372903	a6	a10	a20	0
13	0.41325966995973	a6	a10
12	0.414807548314405	a6	a10	a22	0
13	0.415948235802218	a6	a10
12	0.416571811628889	a6	a10	a24	0
13	0.417374786487734	a6	a10
12	0.417643020878808	a6	a10	a26	0
13	0.418339185909249	a6	a10
12	0.418770918840242	a6	a10	a22	0
13	0.419896742824426	a6	a10
12	0.420207148086261	a6	a10	a28	0
13	0.421652710229907	a6	a10
12	0.422840753531608	a6	a10	a30	0
13	0.425029145193834	a6	a10
12	0.42625624840042	a6	a10	a32	0
13	0.4275500645419	a6	a10
12	0.432592594563783	a6	a10	a34	0
13	0.433079287891917	a6	a10
12	0.433214096413204	a6	a10	a36	0
13	0.434736741377996	a6	a10
12	0.43921618657635	a6	a10	a38	0
13	0.439669696268474	a6	a10
12	0.439791023937633	a6	a10	a40	0
13	0.441213426668648	a6	a10
12	0.502090189578846	a6	a10	a42	0
13	0.502823340536922	a6	a10
12	0.5071192387486	a6	a10	a44	0
13	0.507711013590763	a6	a10
12	0.508431720685335	a6	a10	a46	0
13	0.509586234688152	a6	a10
12	0.510258203317337	a6	a10	a24	0
13	0.511051845278554	a6	a10
12	0.511316623040877	a6	a10	a26	0
13	0.511888695099159	a6	a10
12	0.512333908882281	a6	a10	a46	0
13	0.513594887050627	a6	a10
12	0.51398928839111	a6	a10	a48	0
13	0.515360187353736	a6	a10
12	0.517570701439967	a6	a10	a50	0
13	0.519901506206732	a6	a10
12	0.520232996903948	a6	a10	a50	0
13	0.523509189634096	a6	a10
12	0.524721774999929	a6	a10	a52	0
13	0.527014556850433	a6	a10
12	0.533708664089519	a6	a10	a54	0
13	0.538208849060378	a6	a10
12	0.538910544696821	a6	a10	a56	0
13	0.541315321318855	a6	a10
12	0.541746017261223	a6	a10	a52	0
13	0.543293895615898	a6	a10
12	0.547190553206842	a6	a10	a22	0
13	0.548250009919007	a6	a10
12	0.548681742850001	a6	a10	a24	0
13	0.549353711479185	a6	a10
12	0.549449805758462	a6	a10	a26	0
13	0.550236880125052	a6	a10
12	0.550562148890517	a6	a10	a22	0
13	0.55164994995844	a6	a10
12	0.551825201036113	a6	a10	a28	0
13	0.553305329467269	a6	a10
12	0.554301529873292	a6	a10	a20	0
13	0.555118331247141	a6	a10
12	0.555561471053013	a6	a10	a30	0
13	0.557411113097645	a6	a10
12	0.55846849583256	a6	a10	a58	0
13	0.559756781368039	a6	a10
12	0.562853920728888	a6	a10	a34	0
13	0.563393154814036	a6	a10
12	0.563507914888568	a6	a10	a36	0
13	0.565362050550576	a6	a10
12	0.569504474445712	a6	a10	a38	0
13	0.570179899703648	a6	a10
12	0.570291894475178	a6	a10	a40	0
13	0.572142573508436	a6	a10
12	0.608081142632044	a6	a10	a22	0
13	0.609314467770382	a6	a10
12	0.612876869361109	a6	a10	a24	0
13	0.613970892360784	a6	a10
12	0.614075628211938	a6	a10	a26	0
13	0.615031386061575	a6	a10
12	0.615260560547763	a6	a10	a22	0
13	0.616501490269354	a6	a10
12	0.616686074244654	a6	a10	a28	0
13	0.618105366009793	a6	a10
12	0.618421647540505	a6	a10	a20	0
13	0.619088776889438	a6	a10
12	0.640140682971338	a6	a10	a60	0
13	0.641141031331862	a6	a10
12	0.644110275428927	a6	a10	a44	0
13	0.644798144550365	a6	a10
12	0.645351205150517	a6	a10	a46	0
13	0.646563444853474	a6	a10
12	0.646987573201216	a6	a10	a24	0
13	0.64751298077136	a6	a10
12	0.647617716622514	a6	a10	a26	0
13	0.648502959245631	a6	a10
12	0.648748725549824	a6	a10	a46	0
13	0.649770159345729	a6	a10
12	0.649995877203166	a6	a10	a48	0
13	0.65152267012246	a6	a10
12	0.652832386756194	a6	a10	a50	0
13	0.655288667146618	a6	a10
12	0.655471177144668	a6	a10	a50	0
13	0.658819267752836	a6	a10
12	0.659224730305322	a6	a10	a52	0
13	0.66089497331778	a6	a10
12	0.663746000711562	a6	a10	a54	0
13	0.667264157454277	a6	a10
12	0.667548983663356	a6	a10	a56	0
13	0.669253101637573	a6	a10
12	0.669515805422645	a6	a10	a52	0
13	0.67097415709267	a6	a10
12	0.674610184875792	a6	a10	a62	0
13	0.675334002936241	a6	a10
12	0.676896744794545	a6	a10	a64	0
13	0.678120737035255	a6	a10
12	0.678534495496744	a6	a10	a24	0
13	0.679099999960399	a6	a10
12	0.6791929832738	a6	a10	a26	0
13	0.680123507733555	a6	a10
12	0.680440134927142	a6	a10	a64	0
13	0.681501665616558	a6	a10
12	0.681712519970366	a6	a10	a66	0
13	0.683205783590775	a6	a10
12	0.684513080584384	a6	a10	a30	0
13	0.686223420490353	a6	a10
12	0.686784776999507	a6	a10	a20	0
13	0.687542470021715	a6	a10
12	0.687879145662057	a6	a10	a68	0
13	0.689129408281275	a6	a10
12	0.691734669370865	a6	a10	a34	0
13	0.692187487737239	a6	a10
12	0.692290840936892	a6	a10	a36	0
13	0.693542140544735	a6	a10
12	0.697652072129613	a6	a10	a38	0
13	0.698345471857053	a6	a10
12	0.698439492159079	a6	a10	a40	0
13	0.700200298844812	a6	a10
12	0.759760086200899	a6	a10	a22	0
13	0.760625280377261	a6	a10
12	0.761047334747752	a6	a10	a24	0
13	0.761721723017062	a6	a10
12	0.761816780307713	a6	a10	a26	0
13	0.762705133896706	a6	a10
12	0.762950900200899	a6	a10	a22	0
13	0.76401139390169	a6	a10
12	0.764207730414744	a6	a10	a28	0
13	0.765734523334037	a6	a10
12	0.792910884236867	a6	a10	a20	0
13	0.793383405387121	a6	a10
12	0.793535497052163	a6	a10	a70	0
13	0.79438064278177	a6	a10
12	0.797114490460895	a6	a10	a34	0
13	0.798112764844169	a6	a10
12	0.798214044066571	a6	a10	a36	0
13	0.799689333217476	a6	a10
12	0.804778527727497	a6	a10	a38	0
13	0.80518986654886	a6	a10
12	0.805304972286266	a6	a10	a40	0
13	0.806576320340865	a6	a10
12	0.869821910934088	a6	a10	a44	0
13	0.870331418011978	a6	a10
12	0.870755892022594	a6	a10	a46	0
13	0.871739302902239	a6	a10
12	0.872103285909714	a6	a10	a24	0
13	0.872700591357878	a6	a10
12	0.872781822133525	a6	a10	a26	0
13	0.873666027768017	a6	a10
12	0.873984728938855	a6	a10	a46	0
13	0.875108478945788	a6	a10
12	0.875312074379219	a6	a10	a48	0
13	0.876841978264389	a6	a10
12	0.878116782947738	a6	a10	a50	0
13	0.880459340252256	a6	a10
12	0.880700958601947	a6	a10	a50	0
13	0.883502210541716	a6	a10
12	0.883895920556449	a6	a10	a52	0
13	0.885660183870932	a6	a10
12	0.888426869523191	a6	a10	a54	0
13	0.891772886154109	a6	a10
12	0.892049416454185	a6	a10	a56	0
13	0.893937081415078	a6	a10
12	0.894183884707895	a6	a10	a52	0
13	0.896087450161043	a6	a10
12	0.903014879840818	a6	a10	a20	0
13	0.915976546331123	a6	a10
12	0.917032892077413	a6	a10	a22	0
13	0.918319103635641	a6	a10
12	0.918859374709414	a6	a10	a24	0
13	0.919622252674748	a6	a10
12	0.919835526668682	a6	a10	a26	0
13	0.920658549974282	a6	a10
12	0.920961350652865	a6	a10	a22	0
13	0.922048114732164	a6	a10
12	0.922263462703348	a6	a10	a28	0
13	0.923780577062139	a6	a10
12	0.924213346981757	a6	a10	a30	0
13	0.926154935351165	a6	a10
12	0.926742562238826	a6	a10	a32	0
13	0.927796834007865	a6	a10
12	0.931398986829228	a6	a10	a34	0
13	0.931847657241102	a6	a10
12	0.931953084418005	a6	a10	a36	0
13	0.933269022983491	a6	a10
12	0.93884249118152	a6	a10	a38	0
13	0.939364787785788	a6	a10
12	0.939462956042315	a6	a10	a40	0
13	0.940976959435231	a6	a10
12	0.998245001929439	a6	a10	a42	0
13	0.99896017841801	a6	a10
12	1.00176488698653	a6	a10	a44	0
13	1.00235700749157	a6	a10
12	1.00289935254259	a6	a10	a46	0
13	1.00407253234066	a6	a10
12	1.00471511962546	a6	a10	a24	0
13	1.00535044798989	a6	a10
12	1.00544757925779	a6	a10	a26	0
13	1.00641405265655	a6	a10
12	1.00667883041888	a6	a10	a46	0
13	1.00785442985707	a6	a10
12	1.00808982627501	a6	a10	a48	0
13	1.00945312065439	a6	a10
12	1.0106854088041	a6	a10	a50	0
13	1.01268921649103	a6	a10
12	1.01290352747358	a6	a10	a50	0
13	1.01602901119019	a6	a10
12	1.01641822758755	a6	a10	a52	0
13	1.01793879857509	a6	a10
12	1.02057897161507	a6	a10	a54	0
13	1.0245188370654	a6	a10
12	1.02493155853826	a6	a10	a56	0
13	1.0270988647651	a6	a10
12	1.02736467951605	a6	a10	a52	0
13	1.0286519280629	a6	a10
12	1.03156966839158	a6	a10	a22	0
13	1.03265954343675	a6	a10
12	1.03305221646286	a6	a10	a24	0
13	1.03394471800636	a6	a10
12	1.03407676122464	a6	a10	a26	0
13	1.03474665587658	a6	a10
12	1.03498516326039	a6	a10	a22	0
13	1.03625996794374	a6	a10
12	1.03646978530892	a6	a10	a28	0
13	1.03781959883617	a6	a10
12	1.03853062737024	a6	a10	a20	0
13	1.03921020058268	a6	a10
12	1.0395679616584	a6	a10	a30	0
13	1.04119707078872	a6	a10
12	1.04199589769306	a6	a10	a58	0
13	1.04308266177236	a6	a10
12	1.04591467770801	a6	a10	a34	0
13	1.04661015141271	a6	a10
12	1.04670209773748	a6	a10	a36	0
13	1.04801043171971	a6	a10
12	1.05217532370173	a6	a10	a38	0
13	1.05298452049233	a6	a10
12	1.05306782524523	a6	a10	a40	0
13	1.05445324204861	a6	a10
12	1.09067456340404	a6	a10	a22	0
13	1.09176029049471	a6	a10
12	1.095545298977	a6	a10	a24	0
13	1.0962808695752	a6	a10
12	1.09652456190215	a6	a10	a26	0
13	1.09750797278179	a6	a10
12	1.09775062812011	a6	a10	a22	0
13	1.09895768287994	a6	a10
12	1.09915090842712	a6	a10	a28	0
13	1.10053114028737	a6	a10
12	1.10080110299282	a6	a10	a20	0
13	1.10138665590323	a6	a10
12	1.12093389148984	a6	a10	a60	0
13	1.12201132267151	a6	a10
12	1.12439190289229	a6	a10	a44	0
13	1.12488239851205	a6	a10
12	1.12525191212553	a6	a10	a46	0
13	1.12610846473001	a6	a10
12	1.1265083966765	a6	a10	a24	0
13	1.12731690214134	a6	a10
12	1.12740850280324	a6	a10	a26	0
13	1.12820836669621	a6	a10
12	1.12844480010278	a6	a10	a46	0
13	1.12949146728856	a6	a10
12	1.12975417107364	a6	a10	a48	0
13	1.13123257119042	a6	a10
12	1.13239019615911	a6	a10	a50	0
13	1.13520216364801	a6	a10
12	1.13542062258507	a6	a10	a50	0
13	1.13846280154877	a6	a10
12	1.13883611745388	a6	a10	a52	0
13	1.14060452872286	a6	a10
12	1.14324988670596	a6	a10	a54	0
13	1.14679327683856	a6	a10
12	1.14703074723375	a6	a10	a56	0
13	1.14885619287713	a6	a10
12	1.14918872056297	a6	a10	a52	0
13	1.15052747287821	a6	a10
12	1.15345039815001	a6	a10	a62	0
13	1.15402039623104	a6	a10
12	1.15498894360706	a6	a10	a64	0
13	1.15594815808545	a6	a10
12	1.15631421507017	a6	a10	a24	0
13	1.1571299794554	a6	a10
12	1.15721535818554	a6	a10	a26	0
13	1.15802455497614	a6	a10
12	1.15829278936721	a6	a10	a64	0
13	1.15938059043514	a6	a10
12	1.15955376753556	a6	a10	a66	0
13	1.161157643276	a6	a10
12	1.16231181161594	a6	a10	a30	0
13	1.16415315775157	a6	a10
12	1.16467441736721	a6	a10	a20	0
13	1.16537818698091	a6	a10
12	1.16558074542571	a6	a10	a68	0
13	1.16676567776154	a6	a10
12	1.16888355419724	a6	a10	a34	0
13	1.16925928974247	a6	a10
12	1.16951438894429	a6	a10	a36	0
13	1.17130941625466	a6	a10
12	1.17542245880541	a6	a10	a38	0
13	1.17601457931045	a6	a10
12	1.17610721696098	a6	a10	a40	0
13	1.17763297289164	a6	a10
12	1.23337837042106	a6	a10	a22	0
13	1.23446098654586	a6	a10
12	1.2348101060497	a6	a10	a24	0
13	1.23545165634588	a6	a10
12	1.23555950316291	a6	a10	a26	0
13	1.23653323548205	a6	a10
12	1.23688477462602	a6	a10	a22	0
13	1.23793040482318	a6	a10
12	1.23811498879848	a6	a10	a28	0
13	1.23957022950263	a6	a10
12	1.26442719251358	a6	a10	a20	0
13	1.26515101057403	a6	a10
12	1.26529549765581	a6	a10	a70	0
13	1.26614168037405	a6	a10
12	1.26842201836105	a6	a10	a34	0
13	1.26890525506043	a6	a10
12	1.26902243477509	a6	a10	a36	0
13	1.27103350138239	a6	a10
12	1.27594018589436	a6	a10	a38	0
13	1.27672622327233	a6	a10
12	1.2768223175516	a6	a10	a40	0
13	1.27848944959818	a6	a10
12	1.33963721220246	a6	a10	a44	0
13	1.34057637823409	a6	a10
12	1.34094347220744	a6	a10	a46	0
13	1.34202297736636	a6	a10
12	1.34236691192708	a6	a10	a24	0
13	1.34295903243212	a6	a10
12	1.34313186386966	a6	a10	a26	0
13	1.34394970223214	a6	a10
12	1.34419028359321	a6	a10	a46	0
13	1.34510525322358	a6	a10
12	1.34529191117613	a6	a10	a48	0
13	1.34671949885027	a6	a10
12	1.34784981645183	a6	a10	a50	0
13	1.35079037053027	a6	a10
12	1.35098878102057	a6	a10	a50	0
13	1.35381457502447	a6	a10
12	1.3541861626152	a6	a10	a52	0
13	1.35595664786143	a6	a10
12	1.35872955544544	a6	a10	a54	0
13	1.36200816781572	a6	a10
12	1.36223699663903	a6	a10	a56	0
13	1.36421971889057	a6	a10
12	1.36447723773252	a6	a10	a52	0
13	1.36576759724525	a6	a10
12	1.37218310020701	a6	a10	a20	0
13	1.37284573593857	a6	a10
12	1.37343163451185	a6	a10	a22	0
13	1.37486233315187	a6	a10
12	1.37530650994637	a6	a10	a24	0
13	1.37595324518567	a6	a10
12	1.37603032800681	a6	a10	a26	0
13	1.37692732316768	a6	a10
12	1.37714889307062	a6	a10	a22	0
13	1.37821249773729	a6	a10
12	1.37837184832271	a6	a10	a28	0
13	1.37987859279524	a6	a10
12	1.38021008349246	a6	a10	a30	0
13	1.38209878544198	a6	a10
12	1.382632834584	a6	a10	a32	0
13	1.38372167264055	a6	a10
12	1.38666360937048	a6	a10	a34	0
13	1.38715306800161	a6	a10
12	1.38737048995005	a6	a10	a36	0
13	1.3892920298727	a6	a10
12	1.39341336833246	a6	a10	a38	0
13	1.3939221840846	a6	a10
12	1.39415101290791	a6	a10	a40	0
13	1.39556062611255	a6	a10
12	1.45080688645032	a6	a10	a42	0
13	1.45140004394399	a6	a10
12	1.45394515969331	a6	a10	a44	0
13	1.45447575220658	a6	a10
12	1.45489158464532	a6	a10	a46	0
13	1.4559161294071	a6	a10
12	1.45650790424926	a6	a10	a24	0
13	1.45705681689491	a6	a10
12	1.45714323261369	a6	a10	a26	0
13	1.45804748669494	a6	a10
12	1.45826698262062	a6	a10	a46	0
13	1.45930016895428	a6	a10
12	1.45947956798645	a6	a10	a48	0
13	1.46103470526151	a6	a10
12	1.46224521665009	a6	a10	a50	0
13	1.46462441421936	a6	a10
12	1.4648418361678	a6	a10	a50	0
13	1.46765276666807	a6	a10
12	1.46802746522467	a6	a10	a52	0
13	1.46917748561011	a6	a10
12	1.47173331690856	a6	a10	a54	0
13	1.47513947887975	a6	a10
12	1.47543363798645	a6	a10	a56	0
13	1.47726357724721	a6	a10
12	1.47758642637255	a6	a10	a52	0
13	1.47874508832986	a6	a10
12	1.4815328594175	a6	a10	a22	0
13	1.48244852037363	a6	a10
12	1.48284741533149	a6	a10	a24	0
13	1.48345854729466	a6	a10
12	1.48353666710443	a6	a10	a26	0
13	1.48439010874304	a6	a10
12	1.48461064165735	a6	a10	a22	0
13	1.48570189935402	a6	a10
12	1.48585675632206	a6	a10	a28	0
13	1.48739841274499	a6	a10
12	1.48799157023865	a6	a10	a20	0
13	1.48867632839421	a6	a10
12	1.4889791290728	a6	a10	a30	0
13	1.49072852888365	a6	a10
12	1.49130682287368	a6	a10	a58	0
13	1.49235245307085	a6	a10
12	1.49485332397216	a6	a10	a34	0
13	1.49531651222478	a6	a10
12	1.49541260650406	a6	a10	a36	0
13	1.49674098893305	a6	a10
12	1.5008319090598	a6	a10	a38	0
13	1.50146516344697	a6	a10
12	1.50154743121124	a6	a10	a40	0
13	1.50360827327256	a6	a10
12	1.53918666168032	a6	a10	a22	0
13	1.54009955733344	a6	a10
12	1.5436892662913	a6	a10	a24	0
13	1.54422331543332	a6	a10
12	1.54429901560297	a6	a10	a26	0
13	1.54483617571087	a6	a10
12	1.54524993417235	a6	a10	a22	0
13	1.54642311397043	a6	a10
12	1.54657727961272	a6	a10	a28	0
13	1.54803874224862	a6	a10
12	1.54828865650731	a6	a10	a20	0
13	1.54896097079937	a6	a10
12	1.56721024229	a6	a10	a60	0
13	1.56830357396393	a6	a10
12	1.57055314795505	a6	a10	a44	0
13	1.57108166649107	a6	a10
12	1.57143942756679	a6	a10	a46	0
13	1.57236165611754	a6	a10
12	1.5727646990299	a6	a10	a24	0
13	1.57333988205406	a6	a10
12	1.57344530923096	a6	a10	a26	0
13	1.57432018196783	a6	a10
12	1.57456387429477	a6	a10	a46	0
13	1.5757709290546	a6	a10
12	1.57598938799166	a6	a10	a48	0
13	1.57725555110313	a6	a10
12	1.57843840946171	a6	a10	a50	0
13	1.58109240901669	a6	a10
12	1.58129807842737	a6	a10	a50	0
13	1.58449200339324	a6	a10
12	1.58486773893847	a6	a10	a52	0
13	1.58662889128708	a6	a10
12	1.58922862177067	a6	a10	a54	0
13	1.59238798044903	a6	a10
12	1.59257463840159	a6	a10	a56	0
13	1.59448131482061	a6	a10
12	1.59473572269668	a6	a10	a52	0
13	1.59593033359301	a6	a10
12	1.59873919011603	a6	a10	a62	0
13	1.59918440389915	a6	a10
12	1.60006757254502	a6	a10	a64	0
13	1.60100984954252	a6	a10
12	1.60135689506912	a6	a10	a24	0
13	1.60198600150179	a6	a10
12	1.60207241722057	a6	a10	a26	0
13	1.60295247490056	a6	a10
12	1.60321828965151	a6	a10	a64	0
13	1.60432199121168	a6	a10
12	1.60450346422111	a6	a10	a66	0
13	1.60603475075778	a6	a10
12	1.60706862841719	a6	a10	a30	0
13	1.60912324854675	a6	a10
12	1.60962964465876	a6	a10	a20	0
13	1.61033445126108	a6	a10
12	1.61055498417539	a6	a10	a68	0
13	1.6117568539921	a6	a10
12	1.61386194090142	a6	a10	a34	0
13	1.61447618383047	a6	a10
12	1.614574352087	a6	a10	a36	0
13	1.61626360655758	a6	a10
12	1.62054982620876	a6	a10	a38	0
13	1.62119345048219	a6	a10
12	1.62135798601073	a6	a10	a40	0
13	1.62304827746994	a6	a10
12	1.6786502249062	a6	a10	a22	0
13	1.67985831665465	a6	a10
12	1.68019291831774	a6	a10	a24	0
13	1.68106848238036	a6	a10
12	1.68117632919739	a6	a10	a26	0
13	1.68182513841394	a6	a10
12	1.68206571977501	a6	a10	a22	0
13	1.68308922754816	a6	a10
12	1.68328141610672	a6	a10	a28	0
13	1.68488736582441	a6	a10
12	1.70963440804107	a6	a10	a20	0
13	1.71038034852552	a6	a10
12	1.71051861367556	a6	a10	a70	0
13	1.71132815612903	a6	a10
12	1.71348578379538	a6	a10	a34	0
13	1.71412007517118	a6	a10
12	1.71420960185582	a6	a10	a36	0
13	1.71566380557135	a6	a10
12	1.72027391133649	a6	a10	a38	0
13	1.72069596570698	a6	a10
12	1.7207720115395	a6	a10	a40	0
13	1.72202538512459	a6	a10
12	1.78491321464209	a6	a10	a44	0
13	1.78543136329186	a6	a10
12	1.78579016135621	a6	a10	a46	0
13	1.78682956962162	a6	a10
12	1.7872156750531	a6	a10	a24	0
13	1.78788453271641	a6	a10
12	1.78797855301843	a6	a10	a26	0
13	1.78887451119068	a6	a10
12	1.78911059893437	a6	a10	a46	0
13	1.79016694468066	a6	a10
12	1.79035152865596	a6	a10	a48	0
13	1.79183511371587	a6	a10
12	1.79292740840117	a6	a10	a50	0
13	1.79522641218342	a6	a10
12	1.79543864918873	a6	a10	a50	0
13	1.79838784483904	a6	a10
12	1.79887522949292	a6	a10	a52	0
13	1.80048359885074	a6	a10
12	1.80330178827139	a6	a10	a54	0
13	1.80652958819902	a6	a10
12	1.80674908412471	a6	a10	a56	0
13	1.80851127346194	a6	a10
12	1.80878469279614	a6	a10	a52	0
13	1.810107890282	a6	a10
8	0	a12	a11	0
12	0.346298894784988	a8	a109	a108	-1
12	0.350428874816621	a8	a110	a107	-1
13	0.367623183212462	a8	a110
12	0.367755917756499	a8	a110	a106	-1
13	0.371776322656726	a8	a110
12	0.371950536745774	a8	a110	a105	-1
13	0.374602116660627	a8	a110
13	0.380585886691393	a8	a109
12	0.381274101475707	a8	a109	a95	-1
13	0.383058413236946	a8	a109
12	0.383512959917696	a8	a109	a94	-1
12	0.384142066350368	a8	a110	a102	-1
13	0.41138237488509	a8	a110
12	0.412423857127751	a8	a110	a95	-1
13	0.413344011701253	a8	a110
12	0.413697624822475	a8	a110	a99	-1
12	0.414108963643838	a8	a111	a91	-1
12	0.414247228793876	a8	a112	a90	-1
13	0.420017033504959	a8	a112
13	0.421746384869058	a8	a111
13	0.422020841191883	a8	a110
12	0.422460870031879	a8	a110	a96	-1
13	0.42572565588715	a8	a110
12	0.426070627436494	a8	a110	a92	-1
13	0.42771563705907	a8	a110
12	0.430927536494451	a8	a110	a93	-1
13	0.4310142978761	a8	a110
12	0.431395218364455	a8	a110	a104	-1
12	0.443146719129053	a8	a111	a103	-1
13	0.446080014287108	a8	a111
12	0.446221390403021	a8	a111	a108	-1
12	0.449124267228068	a8	a112	a107	-1
13	0.464508684809913	a8	a112
12	0.464577471722056	a8	a112	a106	-1
13	0.46845511785487	a8	a112
12	0.468677724746431	a8	a112	a105	-1
13	0.471065563887586	a8	a112
13	0.476660117520996	a8	a111
13	0.476938721798322	a8	a110
12	0.477361813157438	a8	a110	a102	-1
13	0.501663987253854	a8	a110
13	0.505015188827898	a8	a109
12	0.505919442909146	a8	a109	a89	-1
12	0.506125112319828	a8	a110	a102	-1
13	0.506182146694218	a8	a110
12	0.506870015815657	a8	a110	a84	-1
12	0.507875549119308	a8	a111	a83	-1
12	0.508007592337594	a8	a112	a82	-1
13	0.513761496556422	a8	a112
13	0.515462503564764	a8	a111
13	0.515681999490449	a8	a110
12	0.515870731420251	a8	a110	a88	-1
12	0.516108201815441	a8	a111	a81	-1
13	0.516936410064168	a8	a111
12	0.517267900761384	a8	a111	a80	-1
13	0.523738364120284	a8	a111
13	0.523829964782184	a8	a110
12	0.524310090515691	a8	a110	a79	-1
13	0.527122058004587	a8	a110
12	0.533392036895932	a8	a110	a85	-1
13	0.538484342371829	a8	a110
12	0.538584584605606	a8	a110	a87	-1
12	0.53923685045091	a8	a111	a86	8
13	0.53976536898693	a8	a111
12	0.539878400747086	a8	a111	a86	9
13	0.539997654438994	a8	a111
12	0.540068169665513	a8	a111	a86	8
13	0.540182238414294	a8	a111
12	0.540273839076195	a8	a111	a86	8
13	0.540400697351354	a8	a111
12	0.540501976573757	a8	a111	a86	9
13	0.540623304242915	a8	a111
12	0.540733916362946	a8	a111	a86	9
13	0.540864922592607	a8	a111
12	0.540986250261765	a8	a111	a86	8
13	0.541092714427294	a8	a111
13	0.54149472035103	a8	a110
12	0.541628837546566	a8	a110	a79	-1
13	0.543364756505292	a8	a110
13	0.545939253598999	a8	a109
12	0.546357160014988	a8	a109	a78	-1
12	0.546553496528042	a8	a110	a99	-1
12	0.546759165938724	a8	a111	a91	-1
12	0.54681931127899	a8	a112	a90	-1
13	0.551767129673097	a8	a112
13	0.553378264333914	a8	a111
13	0.553441520640056	a8	a110
12	0.553862538021922	a8	a110	a102	-1
13	0.553896412983681	a8	a110
12	0.554119019875242	a8	a110	a95	-1
13	0.555181587553284	a8	a110
12	0.555365134539959	a8	a110	a96	-1
13	0.557751936692489	a8	a110
12	0.558271122330881	a8	a110	a76	-1
13	0.559898157483952	a8	a110
12	0.561498922258517	a8	a110	a77	-1
13	0.561593979549168	a8	a110
12	0.561702517691947	a8	a110	a104	-1
12	0.573693562828987	a8	a111	a103	-1
13	0.575689074606909	a8	a111
12	0.575812476253318	a8	a111	a108	-1
12	0.578666614612976	a8	a112	a107	-1
13	0.593044807565419	a8	a112
12	0.593099422299684	a8	a112	a106	-1
13	0.596906553205979	a8	a112
12	0.596996425553503	a8	a112	a105	-1
13	0.599516999238695	a8	a112
13	0.605161328326118	a8	a111
13	0.60536907171405	a8	a110
13	0.606986773969494	a8	a109
12	0.607299253208579	a8	a109	a75	-1
12	0.60744581426762	a8	a110	a99	-1
12	0.607580968451782	a8	a111	a91	-1
12	0.607623139322543	a8	a112	a90	-1
13	0.616624891915762	a8	a112
13	0.618132673376926	a8	a111
13	0.618166548338685	a8	a110
12	0.61825711201196	a8	a110	a95	-1
13	0.619143391623703	a8	a110
12	0.619216326490348	a8	a110	a102	-1
13	0.639505354606913	a8	a110
12	0.639902175587522	a8	a110	a74	-1
13	0.641274802864524	a8	a110
12	0.641509162293838	a8	a110	a73	-1
13	0.641595578012612	a8	a110
13	0.643220539188432	a8	a109
12	0.643461120549498	a8	a109	a89	-1
12	0.643549955908398	a8	a110	a102	-1
13	0.643597311722286	a8	a110
12	0.643956109786634	a8	a110	a84	-1
12	0.64499862901792	a8	a111	a83	-1
12	0.645091612331321	a8	a112	a82	-1
13	0.649924324988021	a8	a112
13	0.65156069303872	a8	a111
13	0.651678909742002	a8	a110
12	0.651781225953031	a8	a110	a88	-1
12	0.651877320232307	a8	a111	a81	-1
13	0.652571756948372	a8	a111
12	0.652664394598898	a8	a111	a80	-1
13	0.658967211463377	a8	a111
13	0.659011456311389	a8	a110
12	0.659094761064287	a8	a110	a79	-1
13	0.660976204093428	a8	a110
12	0.663637462568783	a8	a110	a85	-1
13	0.667393781032438	a8	a110
12	0.667465678910458	a8	a110	a87	-1
12	0.6677093712374	a8	a111	a86	8
13	0.667882202674947	a8	a111
12	0.668001456366855	a8	a111	a86	9
13	0.66809340269163	a8	a111
12	0.668372006968956	a8	a111	a86	8
13	0.668488149694988	a8	a111
12	0.668631599788153	a8	a111	a86	8
13	0.668753964445936	a8	a111
12	0.668902599482227	a8	a111	a86	9
13	0.669020816185509	a8	a111
13	0.669316357943715	a8	a110
12	0.669401736673864	a8	a110	a79	-1
13	0.671053313891067	a8	a110
13	0.673007346123978	a8	a109
12	0.673312220779811	a8	a109	a101	-1
12	0.673413500002214	a8	a110	a102	-1
13	0.673448411952599	a8	a110
12	0.676094806924325	a8	a110	a99	-1
12	0.676225813153986	a8	a111	a98	-1
12	0.676312228872759	a8	a112	a97	-1
13	0.681635437149219	a8	a112
13	0.683284940389172	a8	a111
13	0.683319506676681	a8	a110
12	0.684307411173702	a8	a110	a96	-1
13	0.686562170107946	a8	a110
12	0.686682460788479	a8	a110	a95	-1
13	0.687604689339232	a8	a110
12	0.687693524698131	a8	a110	a100	-1
13	0.689444998486237	a8	a110
12	0.690612993341182	a8	a110	a104	-1
12	0.701496188963542	a8	a111	a103	-1
13	0.703686654603018	a8	a111
12	0.703782748882294	a8	a111	a108	-1
12	0.706668688226461	a8	a112	a107	-1
13	0.721608929013809	a8	a112
12	0.721655593501947	a8	a112	a106	-1
13	0.725357988557087	a8	a112
12	0.725454082836364	a8	a112	a105	-1
13	0.72793697926817	a8	a112
13	0.733548470382459	a8	a111
13	0.733696068430124	a8	a110
13	0.734209032136765	a8	a109
12	0.734794585047176	a8	a109	a72	-1
12	0.734914875727709	a8	a110	a102	-1
13	0.758330424549506	a8	a110
12	0.759342179784909	a8	a110	a99	-1
12	0.759403362113801	a8	a111	a91	-1
12	0.75945417455644	a8	a112	a90	-1
13	0.764142400131351	a8	a112
13	0.765775657216174	a8	a111
13	0.765814717121059	a8	a110
12	0.792758792571825	a8	a110	a95	-1
13	0.793450118322015	a8	a110
12	0.796188113955641	a8	a110	a104	-1
12	0.807830039588834	a8	a111	a103	-1
13	0.808668963386689	a8	a111
12	0.808722541132329	a8	a111	a108	-1
12	0.811409032997566	a8	a112	a107	-1
13	0.825351345064515	a8	a112
12	0.825391441958026	a8	a112	a106	-1
13	0.829104552562295	a8	a112
12	0.829184746349316	a8	a112	a105	-1
13	0.831714998595011	a8	a112
13	0.837329600675176	a8	a111
13	0.837506925730099	a8	a110
13	0.842351390924553	a8	a109
12	0.842562245278361	a8	a109	a89	-1
12	0.842661450523513	a8	a110	a102	-1
13	0.869046243442375	a8	a110
12	0.869654264439667	a8	a110	a84	-1
12	0.870443412783509	a8	a111	a83	-1
12	0.870479361722518	a8	a112	a82	-1
13	0.875240176501199	a8	a112
13	0.876887260101026	a8	a111
13	0.876970910516799	a8	a110
12	0.877074263716452	a8	a110	a88	-1
12	0.87713648303397	a8	a111	a81	-1
13	0.877903508953805	a8	a111
12	0.877975406831825	a8	a111	a80	-1
13	0.883635290748627	a8	a111
13	0.88368368355114	a8	a110
12	0.88375558142916	a8	a110	a79	-1
13	0.885738303680704	a8	a110
12	0.888330775243915	a8	a110	a85	-1
13	0.891896287800518	a8	a110
12	0.891968185678538	a8	a110	a87	-1
12	0.892197014501851	a8	a111	a86	8
13	0.892338390617764	a8	a111
12	0.892435521885666	a8	a111	a86	9
13	0.892541986051195	a8	a111
12	0.892765629931382	a8	a111	a86	8
13	0.892870365782535	a8	a111
12	0.892984088868441	a8	a111	a86	8
13	0.893103342560349	a8	a111
12	0.893224670229507	a8	a111	a86	9
13	0.893352565493292	a8	a111
12	0.893446240132443	a8	a111	a86	9
13	0.893559271892599	a8	a111
13	0.894006559652972	a8	a110
12	0.894096432000496	a8	a110	a79	-1
13	0.896157274061812	a8	a110
13	0.898210511539875	a8	a109
12	0.902345676514634	a8	a109	a94	-1
12	0.902464930206542	a8	a110	a102	-1
13	0.902517816626431	a8	a110
12	0.902865899141652	a8	a110	a95	-1
13	0.916201227199935	a8	a110
12	0.916386156838111	a8	a110	a99	-1
12	0.916466350625132	a8	a111	a91	-1
12	0.916516817404896	a8	a112	a90	-1
13	0.922193638802578	a8	a112
13	0.923840722402405	a8	a111
13	0.923888423879168	a8	a110
12	0.924005603593825	a8	a110	a96	-1
13	0.926512696426888	a8	a110
12	0.926643356993674	a8	a110	a92	-1
13	0.927929568551902	a8	a110
12	0.930040186067231	a8	a110	a93	-1
13	0.930121416842878	a8	a110
12	0.930215091482029	a8	a110	a104	-1
12	0.942229641694574	a8	a111	a103	-1
13	0.945407666168196	a8	a111
12	0.945509982379224	a8	a111	a108	-1
12	0.948610232705949	a8	a112	a107	-1
13	0.963415319309135	a8	a112
12	0.963460946808648	a8	a112	a106	-1
13	0.967405997202105	a8	a112
12	0.96757191538215	a8	a112	a105	-1
13	0.970210705770624	a8	a112
13	0.975814937964537	a8	a111
13	0.975964609989453	a8	a110
12	0.976104949116741	a8	a110	a102	-1
13	0.998089799298521	a8	a110
13	1.00086685483703	a8	a109
12	1.00113508922811	a8	a109	a89	-1
12	1.00123844242776	a8	a110	a102	-1
13	1.00128165028715	a8	a110
12	1.00147591282295	a8	a110	a84	-1
12	1.00260069981851	a8	a111	a83	-1
12	1.0026480556324	a8	a112	a82	-1
13	1.00800755851074	a8	a112
13	1.00949218055927	a8	a111
13	1.00956580675167	a8	a110
12	1.00967157959145	a8	a110	a88	-1
12	1.0097611062761	a8	a111	a81	-1
13	1.01046591287842	a8	a111
12	1.01054195871094	a8	a111	a80	-1
13	1.01615448681385	a8	a111
13	1.01619769467324	a8	a110
12	1.01627581448301	a8	a110	a79	-1
13	1.01801484440761	a8	a110
12	1.02047112479804	a8	a110	a85	-1
13	1.02462219026505	a8	a110
12	1.02469616212032	a8	a110	a87	-1
12	1.02508987213505	a8	a111	a86	8
13	1.02525544465222	a8	a111
12	1.02533978639375	a8	a111	a86	9
13	1.02544106561615	a8	a111
12	1.0255222963918	a8	a111	a86	8
13	1.02563429116333	a8	a111
12	1.02586104600939	a8	a111	a86	9
13	1.02597200379229	a8	a111
12	1.0260912574842	a8	a111	a86	8
13	1.02619357369523	a8	a111
12	1.02629588990626	a8	a111	a86	8
13	1.02639924310591	a8	a111
12	1.02649948533969	a8	a111	a86	8
13	1.02662184999747	a8	a111
12	1.02677497865114	a8	a111	a86	9
13	1.02688040582804	a8	a111
13	1.0271863174725	a8	a110
12	1.0272613263164	a8	a110	a79	-1
13	1.0287131103918	a8	a110
13	1.03065573574983	a8	a109
12	1.03099033741292	a8	a109	a78	-1
12	1.03109991254433	a8	a110	a99	-1
12	1.0311780323541	a8	a111	a91	-1
12	1.03122677081949	a8	a112	a90	-1
13	1.03640860298003	a8	a112
13	1.03786280669556	a8	a111
13	1.03790186660044	a8	a110
12	1.03828175010017	a8	a110	a102	-1
13	1.03831216843318	a8	a110
12	1.03840307776933	a8	a110	a95	-1
13	1.03927241990019	a8	a110
12	1.03938856262622	a8	a110	a96	-1
13	1.04151991991406	a8	a110
12	1.04186938508078	a8	a110	a76	-1
13	1.04320813739602	a8	a110
12	1.04454723537414	a8	a110	a77	-1
13	1.04461256565753	a8	a110
12	1.04470036402781	a8	a110	a104	-1
12	1.05573945360683	a8	a111	a103	-1
13	1.05862228198513	a8	a111
12	1.05888602275882	a8	a111	a108	-1
12	1.06166031299433	a8	a112	a107	-1
13	1.0760160378599	a8	a112
12	1.07606028270791	a8	a112	a106	-1
13	1.07992444798859	a8	a112
12	1.08001293768462	a8	a112	a105	-1
13	1.08240077682577	a8	a112
13	1.08801641589456	a8	a111
13	1.08818751901773	a8	a110
13	1.0898062582618	a8	a109
12	1.08997805271073	a8	a109	a75	-1
12	1.09023557155267	a8	a110	a99	-1
12	1.09029675388156	a8	a111	a91	-1
12	1.09033477679782	a8	a112	a90	-1
13	1.09908212151497	a8	a112
13	1.10056052163175	a8	a111
13	1.10059854454801	a8	a110
12	1.10068807123266	a8	a110	a95	-1
13	1.10146270173575	a8	a110
12	1.1015356366024	a8	a110	a102	-1
13	1.12065010226939	a8	a110
12	1.12084540179382	a8	a110	a74	-1
13	1.1221336873293	a8	a110
12	1.12223704052895	a8	a110	a73	-1
13	1.12229822285784	a8	a110
13	1.12361105045745	a8	a109
12	1.12391696210191	a8	a109	a89	-1
12	1.12399508191168	a8	a110	a102	-1
13	1.12402135229019	a8	a110
12	1.12423047832962	a8	a110	a84	-1
12	1.12498056676858	a8	a111	a83	-1
12	1.12501236775309	a8	a112	a82	-1
13	1.1296076100146	a8	a112
13	1.13126091554617	a8	a111
13	1.13133799836732	a8	a110
12	1.13142234010884	a8	a110	a88	-1
12	1.13147730050598	a8	a111	a81	-1
13	1.13219593362331	a8	a111
12	1.13225089402045	a8	a111	a80	-1
13	1.13858309222931	a8	a111
13	1.1386304480432	a8	a110
12	1.13871064183022	a8	a110	a79	-1
13	1.14069543805901	a8	a110
12	1.14314757049493	a8	a110	a85	-1
13	1.14686413772795	a8	a110
12	1.14694847946948	a8	a110	a87	-1
12	1.14717730829279	a8	a111	a86	8
13	1.14733769586683	a8	a111
12	1.14742756821436	a8	a111	a86	9
13	1.14753403237989	a8	a111
12	1.14781471063447	a8	a111	a86	8
13	1.14792566841737	a8	a111
12	1.14802591065115	a8	a111	a86	8
13	1.14816279314969	a8	a111
12	1.14829483636797	a8	a111	a86	8
13	1.148397152579	a8	a111
12	1.14851640627091	a8	a111	a86	8
13	1.14861664850469	a8	a111
13	1.14899756899304	a8	a110
12	1.14906186228781	a8	a110	a79	-1
13	1.15059625979035	a8	a110
13	1.15250086223213	a8	a109
12	1.15276045505132	a8	a109	a101	-1
12	1.15284272281559	a8	a110	a102	-1
13	1.1530273067909	a8	a110
12	1.15437158971214	a8	a110	a99	-1
12	1.15445074651054	a8	a111	a98	-1
12	1.15453301427481	a8	a112	a97	-1
13	1.15950917702467	a8	a112
13	1.16121225801027	a8	a111
13	1.16126203346428	a8	a110
12	1.16210510521664	a8	a110	a96	-1
13	1.16446114337328	a8	a110
12	1.16457521212206	a8	a110	a95	-1
13	1.16544248027568	a8	a110
12	1.16550158862732	a8	a110	a100	-1
13	1.16690705387745	a8	a110
12	1.16785486148096	a8	a110	a104	-1
12	1.17886664369286	a8	a111	a103	-1
13	1.17997760417341	a8	a111
12	1.18008337701319	a8	a111	a108	-1
12	1.18298072323224	a8	a112	a107	-1
13	1.19754211750848	a8	a112
12	1.19775124354791	a8	a112	a106	-1
13	1.20155526348833	a8	a112
12	1.20163856824123	a8	a112	a105	-1
13	1.20401465484463	a8	a112
13	1.20954802614915	a8	a111
13	1.2097305361472	a8	a110
13	1.21033198954986	a8	a109
12	1.21050827761616	a8	a109	a72	-1
12	1.21059918695231	a8	a110	a102	-1
13	1.23207522138195	a8	a110
12	1.23296253798232	a8	a110	a99	-1
12	1.23303443586034	a8	a111	a91	-1
12	1.23306381720472	a8	a112	a90	-1
13	1.23805173249234	a8	a112
13	1.23962173327102	a8	a111
13	1.23965768221003	a8	a110
12	1.26429514929529	a8	a110	a95	-1
13	1.26520908193704	a8	a110
12	1.26748803727254	a8	a110	a104	-1
12	1.27970065231252	a8	a111	a103	-1
13	1.28067680427178	a8	a111
12	1.28082129135357	a8	a111	a108	-1
12	1.28344867486717	a8	a112	a107	-1
13	1.29686557936397	a8	a112
12	1.29691604614374	a8	a112	a106	-1
13	1.30078021142442	a8	a112
12	1.30086559015457	a8	a112	a105	-1
13	1.30339687938889	a8	a112
13	1.30885109389501	a8	a111
13	1.30915838819097	a8	a110
13	1.31394339937091	a8	a109
12	1.31413662491809	a8	a109	a89	-1
12	1.31423064522011	a8	a110	a102	-1
13	1.33881833685136	a8	a110
12	1.33932473296337	a8	a110	a84	-1
12	1.34066590491874	a8	a111	a83	-1
12	1.340703927835	a8	a112	a82	-1
13	1.34521690233224	a8	a112
13	1.34674818886891	a8	a111
13	1.34682630867868	a8	a110
12	1.34692862488971	a8	a110	a88	-1
12	1.3469898072186	a8	a111	a81	-1
13	1.34765762789328	a8	a111
12	1.34770083575267	a8	a111	a80	-1
13	1.35392345883012	a8	a111
13	1.35396666668951	a8	a110
12	1.35405723036279	a8	a110	a79	-1
13	1.35603580465983	a8	a110
12	1.35862723923442	a8	a110	a85	-1
13	1.36207868304224	a8	a110
12	1.36215783984063	a8	a110	a87	-1
12	1.36239323625857	a8	a111	a86	8
13	1.36254947587812	a8	a111
12	1.36263174364239	a8	a111	a86	9
13	1.36275203432292	a8	a111
12	1.36283015413269	a8	a111	a86	8
13	1.36307384645963	a8	a111
12	1.36320588967792	a8	a111	a86	8
13	1.3633282543357	a8	a111
12	1.36345061899349	a8	a111	a86	9
13	1.3635740206399	a8	a111
12	1.36373337122532	a8	a111	a86	9
13	1.3638557358831	a8	a111
12	1.36397498957501	a8	a111	a86	9
13	1.36407937976329	a8	a111
13	1.36429161676859	a8	a110
12	1.36438010646462	a8	a110	a79	-1
13	1.36583534716877	a8	a110
13	1.36774720853092	a8	a109
12	1.3715004160287	a8	a109	a94	-1
12	1.37174203437839	a8	a110	a102	-1
13	1.37178109428327	a8	a110
12	1.37201960166709	a8	a110	a95	-1
13	1.37290277031296	a8	a110
12	1.37304414642887	a8	a110	a99	-1
12	1.37312122925002	a8	a111	a91	-1
12	1.37317100470403	a8	a112	a90	-1
13	1.37832864046332	a8	a112
13	1.37992940523788	a8	a111
13	1.37997053912002	a8	a110
12	1.38003483241479	a8	a110	a96	-1
13	1.38241852360144	a8	a110
12	1.38252706174422	a8	a110	a92	-1
13	1.38381984089708	a8	a110
12	1.38526747701797	a8	a110	a93	-1
13	1.38548697294366	a8	a110
12	1.38556198178755	a8	a110	a104	-1
12	1.39679533390238	a8	a111	a103	-1
13	1.39976561498807	a8	a111
12	1.39985859830147	a8	a111	a108	-1
12	1.40296195959408	a8	a112	a107	-1
13	1.41733220230039	a8	a112
12	1.41737782979991	a8	a112	a106	-1
13	1.42120708313021	a8	a112
12	1.42129764680348	a8	a112	a105	-1
13	1.42366854846376	a8	a112
13	1.42922853580966	a8	a111
13	1.42938684940645	a8	a110
12	1.42951128804148	a8	a110	a102	-1
13	1.450519986264	a8	a110
13	1.45311038384996	a8	a109
12	1.45347644083468	a8	a109	a89	-1
12	1.45355870859895	a8	a110	a102	-1
13	1.45358739861759	a8	a110
12	1.45380585755465	a8	a110	a84	-1
12	1.45457080949723	a8	a111	a83	-1
12	1.45460019084162	a8	a112	a82	-1
13	1.45941285505156	a8	a112
13	1.46106650624601	a8	a111
13	1.46123207876318	a8	a110
12	1.4613039766412	a8	a110	a88	-1
12	1.46136412198147	a8	a111	a81	-1
13	1.46206132400054	a8	a111
12	1.4621048775228	a8	a111	a80	-1
13	1.46777409433723	a8	a111
13	1.46782179581399	a8	a110
12	1.46789887863514	a8	a110	a79	-1
13	1.46926632096901	a8	a110
12	1.47144952768811	a8	a110	a85	-1
13	1.4752248576099	a8	a110
12	1.47535137022218	a8	a110	a87	-1
12	1.47564794896901	a8	a111	a86	8
13	1.47579139906218	a8	a111
12	1.47589164129596	a8	a111	a86	8
13	1.47611113722164	a8	a111
12	1.47619236799729	a8	a111	a86	9
13	1.47629468420832	a8	a111
12	1.47639077848759	a8	a111	a86	8
13	1.476505884225	a8	a111
12	1.47664207539779	a8	a111	a86	8
13	1.47676132908969	a8	a111
12	1.47684463384259	a8	a111	a86	8
13	1.47694383908774	a8	a111
12	1.4770651667569	a8	a111	a86	9
13	1.47717059393381	a8	a111
13	1.47732579656472	a8	a110
12	1.47741843421525	a8	a110	a79	-1
13	1.47880938162463	a8	a110
13	1.4807043055059	a8	a109
12	1.4808902721327	a8	a109	a78	-1
12	1.48101367377911	a8	a110	a99	-1
12	1.48107174514213	a8	a111	a91	-1
12	1.48111806396739	a8	a112	a90	-1
13	1.4858187334058	a8	a112
13	1.48743228770675	a8	a111
13	1.48746270603975	a8	a110
12	1.48776688936984	a8	a110	a102	-1
13	1.48780145565735	a8	a110
12	1.48787750148987	a8	a110	a95	-1
13	1.48873128879135	a8	a110
12	1.48881355655562	a8	a110	a96	-1
13	1.49102614461911	a8	a110
12	1.49121072859441	a8	a110	a76	-1
13	1.49244128842974	a8	a110
12	1.49366424368183	a8	a110	a77	-1
13	1.49371574745022	a8	a110
12	1.49380561979774	a8	a110	a104	-1
12	1.50492939678117	a8	a111	a103	-1
13	1.50703655766775	a8	a111
12	1.50713368893565	a8	a111	a108	-1
12	1.50989173301603	a8	a112	a107	-1
13	1.52455025856018	a8	a112
12	1.52460314498007	a8	a112	a106	-1
13	1.52844518783675	a8	a112
12	1.52853264054414	a8	a112	a105	-1
13	1.53109987871747	a8	a112
13	1.53656031515535	a8	a111
13	1.53686657246268	a8	a110
13	1.53833322004171	a8	a109
12	1.53849671858163	a8	a109	a75	-1
12	1.53860421973578	a8	a110	a99	-1
12	1.53881438276384	a8	a111	a91	-1
12	1.53885344266873	a8	a112	a90	-1
13	1.54652231921558	a8	a112
13	1.54806916058163	a8	a111
13	1.54810510952064	a8	a110
12	1.54818115535316	a8	a110	a95	-1
13	1.54901489420789	a8	a110
12	1.54908333545716	a8	a110	a102	-1
13	1.56683346975615	a8	a110
12	1.56713419645748	a8	a110	a74	-1
13	1.56840796415221	a8	a110
12	1.56849437987098	a8	a110	a73	-1
13	1.56855556219987	a8	a110
13	1.56978819601246	a8	a109
12	1.57007924415329	a8	a109	a89	-1
12	1.57017430144394	a8	a110	a102	-1
13	1.57020160881107	a8	a110
12	1.57040105629	a8	a110	a84	-1
12	1.57117153883859	a8	a111	a83	-1
12	1.5712019571716	a8	a112	a82	-1
13	1.57591023119326	a8	a112
13	1.57728631509902	a8	a111
13	1.57736443490879	a8	a110
12	1.57743495013531	a8	a110	a88	-1
12	1.57749716945283	a8	a111	a81	-1
13	1.57824103596003	a8	a111
12	1.57829288539129	a8	a111	a80	-1
13	1.58462923155466	a8	a111
13	1.58467451339129	a8	a110
12	1.58475055922381	a8	a110	a79	-1
13	1.58670701109685	a8	a110
12	1.58912526857101	a8	a110	a85	-1
13	1.59244708880068	a8	a110
12	1.59250101220919	a8	a110	a87	-1
12	1.5928172937399	a8	a111	a86	8
13	1.59297664432532	a8	a111
12	1.59305683811234	a8	a111	a86	9
13	1.59315708034612	a8	a111
12	1.59324695269365	a8	a111	a86	9
13	1.59347785549421	a8	a111
12	1.59360989871249	a8	a111	a86	8
13	1.5937250044499	a8	a111
12	1.59383976452443	a8	a111	a86	9
13	1.59397388171997	a8	a111
12	1.5940858764915	a8	a111	a86	8
13	1.59417851414203	a8	a111
12	1.59431159434894	a8	a111	a86	9
13	1.59443499599535	a8	a111
13	1.59455010173275	a8	a110
12	1.59462614756527	a8	a110	a79	-1
13	1.59599358989915	a8	a110
13	1.59791616681043	a8	a109
12	1.59816193311462	a8	a109	a101	-1
12	1.59825491642802	a8	a110	a102	-1
13	1.59829708729878	a8	a110
12	1.59947683469148	a8	a110	a99	-1
12	1.59968354109079	a8	a111	a98	-1
12	1.5997499083628	a8	a112	a97	-1
13	1.60444539285809	a8	a112
13	1.60608210657167	a8	a111
13	1.60611701852205	a8	a110
12	1.6067616797841	a8	a110	a96	-1
13	1.60940392680133	a8	a110
12	1.60951246494411	a8	a110	a95	-1
13	1.61040323817323	a8	a110
12	1.61046856845662	a8	a110	a100	-1
13	1.61188129262713	a8	a110
12	1.61281319973839	a8	a110	a104	-1
12	1.62423874041177	a8	a111	a103	-1
13	1.62635419720735	a8	a111
12	1.62645132847525	a8	a111	a108	-1
12	1.62912503081411	a8	a112	a107	-1
13	1.64355265355769	a8	a112
12	1.64359897238296	a8	a112	a106	-1
13	1.64748422309902	a8	a112
12	1.64757305845792	a8	a112	a105	-1
13	1.65008533623411	a8	a112
13	1.65544241947233	a8	a111
13	1.65558586956549	a8	a110
13	1.65610505520389	a8	a109
12	1.6563172922092	a8	a109	a72	-1
12	1.65638365948121	a8	a110	a102	-1
13	1.67719602119067	a8	a110
12	1.67806985693891	a8	a110	a99	-1
12	1.67812896529055	a8	a111	a91	-1
12	1.67816353157806	a8	a112	a90	-1
13	1.6832233447437	a8	a112
13	1.68492849970654	a8	a111
13	1.68496755961143	a8	a110
12	1.70949717987966	a8	a110	a95	-1
13	1.71043427193404	a8	a110
12	1.7125804927255	a8	a110	a104	-1
12	1.72320824348317	a8	a111	a103	-1
13	1.72609107186146	a8	a111
12	1.72616296973948	a8	a111	a108	-1
12	1.72883978304421	a8	a112	a107	-1
13	1.74293902605646	a8	a112
12	1.74327051675367	a8	a112	a106	-1
13	1.74710599201572	a8	a112
12	1.74719482737462	a8	a112	a105	-1
13	1.7496670082573	a8	a112
13	1.75520141655044	a8	a111
13	1.75534590363223	a8	a110
13	1.76004795572215	a8	a109
12	1.76024636621245	a8	a109	a89	-1
12	1.7603358928971	a8	a110	a102	-1
13	1.78419769249065	a8	a110
12	1.78476112297705	a8	a110	a84	-1
12	1.78550844611301	a8	a111	a83	-1
12	1.78553886444602	a8	a112	a82	-1
13	1.79027340884619	a8	a112
13	1.79186276674587	a8	a111
13	1.7919374299269	a8	a110
12	1.79201658672529	a8	a110	a88	-1
12	1.79207154712243	a8	a111	a81	-1
13	1.79273003489949	a8	a111
12	1.79277635372475	a8	a111	a80	-1
13	1.79850398756507	a8	a111
13	1.79861805631385	a8	a110
12	1.79874353193751	a8	a110	a79	-1
13	1.80055722504313	a8	a110
12	1.8031794236136	a8	a110	a85	-1
13	1.8066173865693	a8	a110
12	1.80666577937181	a8	a110	a87	-1
12	1.80689253421787	a8	a111	a86	8
13	1.80704773684879	a8	a111
12	1.80714072016219	a8	a111	a86	9
13	1.80724096239597	a8	a111
12	1.80738130152326	a8	a111	a86	8
13	1.80762810481607	a8	a111
12	1.80772731006123	a8	a111	a86	8
13	1.80784863773038	a8	a111
12	1.80796996539954	a8	a111	a86	9
13	1.80810200861783	a8	a111
12	1.80820121386298	a8	a111	a86	9
13	1.80830664103989	a8	a111
13	1.80858628230584	a8	a110
12	1.80867373501324	a8	a110	a79	-1
13	1.8101732205654	a8	a110
13	1.8122675919256	a8	a109
12	0.3441557849594	a7	a14	a19	0
13	0.344486238667991	a7	a14
12	0.34453566845913	a7	a14	a19	2
13	0.344547420996883	a7	a14
12	0.382040090406917	a7	a14	a21	0
13	0.382309016123741	a7	a14
12	0.382357754589129	a7	a14	a21	2
13	0.382427232827023	a7	a14
12	0.38247044068641	a7	a14	a21	3
13	0.382704800115724	a7	a14
12	0.412623304606681	a7	a14	a21	0
13	0.412691054530199	a7	a14
12	0.412725620817709	a7	a14	a21	1
13	0.41278472916935	a7	a14
12	0.412812382199358	a7	a14	a21	2
13	0.412865959944997	a7	a14
12	0.412890502009129	a7	a14	a21	3
13	0.413083381893432	a7	a14
12	0.415024970262839	a7	a14	a23	0
13	0.415216121832767	a7	a14
12	0.415242392211274	a7	a14	a23	2
13	0.415291822002413	a7	a14
12	0.415320512021045	a7	a14	a23	4
13	0.415351967342679	a7	a14
12	0.415376509406811	a7	a14	a23	6
13	0.415406927739819	a7	a14
12	0.415430087152451	a7	a14	a23	8
13	0.415464999102835	a7	a14
12	0.415560056393486	a7	a14	a23	10
13	0.415587363760619	a7	a14
12	0.415661335615889	a7	a14	a23	14
13	0.415690716960272	a7	a14
12	0.416643709506908	a7	a14	a25	0
13	0.416871501341596	a7	a14
12	0.416899154371604	a7	a14	a25	3
13	0.416992829010754	a7	a14
12	0.417722177677204	a7	a14	a27	0
13	0.417841431369112	a7	a14
12	0.417864590781743	a7	a14	a27	1
13	0.418086160684679	a7	a14
12	0.418131442521317	a7	a14	a27	3
13	0.418204377387962	a7	a14
12	0.418840397078136	a7	a14	a23	0
13	0.418879456983022	a7	a14
12	0.418907110013029	a7	a14	a23	1
13	0.418936491357412	a7	a14
12	0.418971403307797	a7	a14	a23	2
13	0.418999747663555	a7	a14
12	0.419027400693562	a7	a14	a23	3
13	0.419056782037945	a7	a14
12	0.419079941450577	a7	a14	a23	4
13	0.419113816412336	a7	a14
12	0.419138012813593	a7	a14	a23	5
13	0.419167739820851	a7	a14
12	0.419337460292522	a7	a14	a23	6
13	0.419372372242907	a7	a14
12	0.419405210216041	a7	a14	a23	8
13	0.4194377025263	a7	a14
12	0.419460861938931	a7	a14	a23	10
13	0.419496810877941	a7	a14
12	0.419613990592598	a7	a14	a23	13
13	0.419660309417861	a7	a14
12	0.419693147390995	a7	a14	a23	15
13	0.419736355250382	a7	a14
12	0.420278700301406	a7	a14	a29	0
13	0.420453951379079	a7	a14
12	0.4206215978735	a7	a14	a29	1
13	0.420719766130026	a7	a14
12	0.42075053012591	a7	a14	a29	3
13	0.420841093799185	a7	a14
12	0.420889832264573	a7	a14	a29	5
13	0.420979358949223	a7	a14
12	0.421035356334988	a7	a14	a29	7
13	0.421113476144759	a7	a14
12	0.421163942924523	a7	a14	a29	11
13	0.421249667317547	a7	a14
12	0.421293912165559	a7	a14	a29	13
13	0.421362353414828	a7	a14
12	0.421396228376587	a7	a14	a29	14
13	0.421460521671355	a7	a14
12	0.422909194780877	a7	a14	a31	0
13	0.423802041987247	a7	a14
12	0.423846286835259	a7	a14	a31	4
13	0.424026722856059	a7	a14
12	0.424067856738195	a7	a14	a31	6
13	0.424233429255365	a7	a14
12	0.424264193251249	a7	a14	a31	8
13	0.424420432870792	a7	a14
12	0.424445666260673	a7	a14	a31	10
13	0.42459879491434	a7	a14
12	0.424640965785102	a7	a14	a31	14
13	0.424791674798643	a7	a14
12	0.42634715773657	a7	a14	a33	0
13	0.426570801616756	a7	a14
12	0.426594998018013	a7	a14	a33	1
13	0.426626799002522	a7	a14
12	0.426649958415153	a7	a14	a33	2
13	0.426818641898199	a7	a14
12	0.426850442882708	a7	a14	a33	3
13	0.426888465798969	a7	a14
12	0.4269116252116	a7	a14	a33	5
13	0.426944463184734	a7	a14
12	0.426970733563241	a7	a14	a33	6
13	0.427033989869383	a7	a14
12	0.427059223259265	a7	a14	a33	8
13	0.42709413520965	a7	a14
12	0.427119368599532	a7	a14	a33	10
13	0.427172255019421	a7	a14
12	0.427214425890183	a7	a14	a33	12
13	0.427239659280065	a7	a14
12	0.432807942534967	a7	a14	a35	0
13	0.43289021029924	a7	a14
12	0.432914406700496	a7	a14	a35	2
13	0.432944133707755	a7	a14
12	0.433282883325347	a7	a14	a37	0
13	0.433686963226333	a7	a14
12	0.433714270593466	a7	a14	a37	1
13	0.434206148864726	a7	a14
12	0.434273553125369	a7	a14	a37	3
13	0.434636499144219	a7	a14
12	0.439298454340623	a7	a14	a39	0
13	0.4394902972363	a7	a14
12	0.439518987254933	a7	a14	a39	1
13	0.439555973182568	a7	a14
12	0.439580169583825	a7	a14	a39	3
13	0.439607476950957	a7	a14
12	0.439856699883901	a7	a14	a41	0
13	0.440384181431295	a7	a14
12	0.440431537245183	a7	a14	a41	3
13	0.441020546784345	a7	a14
12	0.50217660529762	a7	a14	a43	0
13	0.502387805314303	a7	a14
12	0.502419260635936	a7	a14	a43	1
13	0.502472147055826	a7	a14
12	0.502514317926587	a7	a14	a43	2
13	0.502557525785974	a7	a14
12	0.507224665925504	a7	a14	a45	0
13	0.507507418157332	a7	a14
12	0.507534725524464	a7	a14	a45	1
13	0.50757378542935	a7	a14
12	0.507600401470732	a7	a14	a45	3
13	0.507629782815116	a7	a14
12	0.508637390096017	a7	a14	a47	0
13	0.508851701078576	a7	a14
12	0.508875897479832	a7	a14	a47	2
13	0.508938116797349	a7	a14
12	0.508977176702235	a7	a14	a47	4
13	0.509010014675369	a7	a14
12	0.509049074580255	a7	a14	a47	7
13	0.509081912553389	a7	a14
12	0.509107145943271	a7	a14	a47	9
13	0.509137564276279	a7	a14
12	0.509166254294912	a7	a14	a47	11
13	0.509198746605171	a7	a14
12	0.509233658555555	a7	a14	a47	13
13	0.509272718460441	a7	a14
12	0.509296914861698	a7	a14	a47	15
13	0.509328715846207	a7	a14
12	0.510476662254396	a7	a14	a25	0
13	0.510550634109667	a7	a14
12	0.510573793522298	a7	a14	a25	1
13	0.510632901873939	a7	a14
12	0.510656061286571	a7	a14	a25	2
13	0.510716206626837	a7	a14
12	0.511396816827899	a7	a14	a27	0
13	0.511478047603546	a7	a14
12	0.511502244004803	a7	a14	a27	1
13	0.511572067905572	a7	a14
12	0.511595227318203	a7	a14	a27	2
13	0.511664705556097	a7	a14
12	0.511692358586105	a7	a14	a27	3
13	0.511760799835374	a7	a14
12	0.512406498086051	a7	a14	a47	0
13	0.512444521002311	a7	a14
12	0.512471137043694	a7	a14	a47	1
13	0.512499481399451	a7	a14
12	0.512534393349836	a7	a14	a47	2
13	0.512571379277471	a7	a14
12	0.512595575678728	a7	a14	a47	3
13	0.512625994011736	a7	a14
12	0.512651573064493	a7	a14	a47	4
13	0.512683028386127	a7	a14
12	0.512706187798758	a7	a14	a47	5
13	0.512737988783267	a7	a14
12	0.512762185184523	a7	a14	a47	6
13	0.512796060146283	a7	a14
12	0.512820256547539	a7	a14	a47	7
13	0.512854131509298	a7	a14
12	0.51287729092193	a7	a14	a47	8
13	0.512906672266313	a7	a14
12	0.512958521697577	a7	a14	a47	9
13	0.51298790304196	a7	a14
12	0.513025925958221	a7	a14	a47	11
13	0.513199103058643	a7	a14
12	0.513234015009028	a7	a14	a47	12
13	0.513332183265555	a7	a14
12	0.514067408200881	a7	a14	a49	0
13	0.514429317231106	a7	a14
12	0.514456970261113	a7	a14	a49	2
13	0.514542348991262	a7	a14
12	0.514568619369769	a7	a14	a49	3
13	0.514655380751418	a7	a14
12	0.514697551622179	a7	a14	a49	7
13	0.514776708420576	a7	a14
12	0.514802978799083	a7	a14	a49	9
13	0.514888357529231	a7	a14
12	0.514949539858123	a7	a14	a49	11
13	0.515025585690644	a7	a14
12	0.515091952962662	a7	a14	a49	14
13	0.515181825310187	a7	a14
12	0.517794345320154	a7	a14	a51	0
13	0.517932610470192	a7	a14
12	0.517973744352328	a7	a14	a51	2
13	0.518088850089734	a7	a14
12	0.518117194445492	a7	a14	a51	4
13	0.518251311641029	a7	a14
12	0.518335653382552	a7	a14	a51	6
13	0.518516089403352	a7	a14
12	0.518552038342361	a7	a14	a51	9
13	0.518674403000145	a7	a14
12	0.518731437374536	a7	a14	a51	12
13	0.519380246591089	a7	a14
12	0.519411010586972	a7	a14	a51	14
13	0.519727637780559	a7	a14
12	0.520313190690969	a7	a14	a51	0
13	0.520479800196765	a7	a14
12	0.520510564192649	a7	a14	a51	1
13	0.520651940308562	a7	a14
12	0.52068028466432	a7	a14	a51	2
13	0.521195322348211	a7	a14
12	0.521235419241722	a7	a14	a51	6
13	0.521914992454159	a7	a14
12	0.521956126336295	a7	a14	a51	10
13	0.52252163079995	a7	a14
12	0.52257451721984	a7	a14	a51	13
13	0.523267571284405	a7	a14
12	0.524812338673204	a7	a14	a53	0
13	0.525505738400644	a7	a14
12	0.525551020237281	a7	a14	a53	3
13	0.525898065763876	a7	a14
12	0.533793005831042	a7	a14	a55	0
13	0.537773313837759	a7	a14
12	0.539002491021596	a7	a14	a57	0
13	0.539799243948689	a7	a14
12	0.539828625293073	a7	a14	a57	3
13	0.540004913359371	a7	a14
12	0.540030146749253	a7	a14	a57	4
13	0.540193645289173	a7	a14
12	0.540237198811435	a7	a14	a57	6
13	0.540411067237607	a7	a14
12	0.540447016176617	a7	a14	a57	9
13	0.540638167746544	a7	a14
12	0.540693819469435	a7	a14	a57	11
13	0.540879786096236	a7	a14
12	0.540948227345505	a7	a14	a57	14
13	0.541107577930923	a7	a14
12	0.541816532487743	a7	a14	a53	0
13	0.542254487350488	a7	a14
12	0.542293547255374	a7	a14	a53	3
13	0.542817917836892	a7	a14
12	0.54727524061124	a7	a14	a23	0
13	0.547342644871884	a7	a14
12	0.547367878261765	a7	a14	a23	1
13	0.547399679246274	a7	a14
12	0.547562140797569	a7	a14	a23	2
13	0.547597052747953	a7	a14
12	0.547624360115086	a7	a14	a23	4
13	0.547656161099595	a7	a14
12	0.547689690398479	a7	a14	a23	5
13	0.547722528371613	a7	a14
12	0.547746724772869	a7	a14	a23	7
13	0.547779562746003	a7	a14
12	0.54780375914726	a7	a14	a23	9
13	0.547832103503018	a7	a14
12	0.547862867498901	a7	a14	a23	11
13	0.547896742460661	a7	a14
12	0.547932345736795	a7	a14	a23	13
13	0.547965183709929	a7	a14
12	0.548019107118444	a7	a14	a23	14
13	0.548043303519701	a7	a14
12	0.548758825671147	a7	a14	a25	0
13	0.548845241389921	a7	a14
12	0.548868400802552	a7	a14	a25	1
13	0.548925435176943	a7	a14
12	0.548948594589574	a7	a14	a25	2
13	0.549141820136752	a7	a14
12	0.549166016538009	a7	a14	a25	3
13	0.549319145191676	a7	a14
12	0.549508914110103	a7	a14	a27	0
13	0.549595329828876	a7	a14
12	0.549622982858884	a7	a14	a27	1
13	0.549691424108153	a7	a14
12	0.549716657498035	a7	a14	a27	2
13	0.549787518387429	a7	a14
12	0.549810677800061	a7	a14	a27	3
13	0.549876008083453	a7	a14
12	0.550636812071537	a7	a14	a23	0
13	0.550668613056046	a7	a14
12	0.550692809457302	a7	a14	a23	1
13	0.550725647430437	a7	a14
12	0.550749843831693	a7	a14	a23	2
13	0.550778188187451	a7	a14
12	0.550805841217458	a7	a14	a23	3
13	0.550834185573216	a7	a14
12	0.550859418963098	a7	a14	a23	4
13	0.550893293924858	a7	a14
12	0.550926131897991	a7	a14	a23	5
13	0.550959661196876	a7	a14
12	0.550984203261007	a7	a14	a23	6
13	0.551014621594016	a7	a14
12	0.551038817995272	a7	a14	a23	7
13	0.551068545002531	a7	a14
12	0.551092741403787	a7	a14	a23	8
13	0.551295299848593	a7	a14
12	0.551320533238475	a7	a14	a23	9
13	0.551358556154735	a7	a14
12	0.551387246173368	a7	a14	a23	11
13	0.551447391513634	a7	a14
12	0.551471587914891	a7	a14	a23	13
13	0.551504425888025	a7	a14
12	0.551528622289282	a7	a14	a23	15
13	0.55157805208042	a7	a14
12	0.551894679274007	a7	a14	a29	0
13	0.552036055389921	a7	a14
12	0.552062325768428	a7	a14	a29	1
13	0.552176394517209	a7	a14
12	0.552207158513093	a7	a14	a29	2
13	0.552287352300115	a7	a14
12	0.552314659667247	a7	a14	a29	3
13	0.552534155592933	a7	a14
12	0.552563536937316	a7	a14	a29	5
13	0.552652372296215	a7	a14
12	0.552677605686097	a7	a14	a29	6
13	0.552754688507243	a7	a14
12	0.552794785400754	a7	a14	a29	8
13	0.552861152672772	a7	a14
12	0.552910928126786	a7	a14	a29	12
13	0.552978332387429	a7	a14
12	0.553012207349189	a7	a14	a29	14
13	0.553092401136211	a7	a14
12	0.554443942977831	a7	a14	a21	0
13	0.554534852313981	a7	a14
12	0.554561122692489	a7	a14	a21	1
13	0.55462230502138	a7	a14
12	0.554645464434012	a7	a14	a21	2
13	0.554700424831152	a7	a14
12	0.554723584243783	a7	a14	a21	3
13	0.5547858035613	a7	a14
12	0.555635442908283	a7	a14	a31	0
13	0.55600564784751	a7	a14
12	0.556089989589033	a7	a14	a31	1
13	0.556272499587083	a7	a14
12	0.556303263582966	a7	a14	a31	3
13	0.556491995512768	a7	a14
12	0.556524833485902	a7	a14	a31	5
13	0.556700084563575	a7	a14
12	0.556745366400213	a7	a14	a31	9
13	0.556918543500635	a7	a14
12	0.556945850867768	a7	a14	a31	11
13	0.557105201453186	a7	a14
12	0.557149446301199	a7	a14	a31	15
13	0.557302574954866	a7	a14
12	0.558546615642332	a7	a14	a59	0
13	0.558818652325031	a7	a14
12	0.558845268366414	a7	a14	a59	1
13	0.558875686699422	a7	a14
12	0.55890333972943	a7	a14	a59	2
13	0.559076171166977	a7	a14
12	0.559103824196985	a7	a14	a59	3
13	0.559136316507243	a7	a14
12	0.559166043514502	a7	a14	a59	5
13	0.559198535824761	a7	a14
12	0.559224114877518	a7	a14	a59	7
13	0.55928737118366	a7	a14
12	0.559311567584917	a7	a14	a59	9
13	0.559344405558051	a7	a14
12	0.559370675936558	a7	a14	a59	11
13	0.559406624875568	a7	a14
12	0.559434969231325	a7	a14	a59	13
13	0.559470918170335	a7	a14
12	0.559494077582967	a7	a14	a59	14
13	0.559531063510602	a7	a14
12	0.562933077527285	a7	a14	a35	0
13	0.56298769226155	a7	a14
12	0.563014308302932	a7	a14	a35	1
13	0.56304265265869	a7	a14
12	0.563068923037197	a7	a14	a35	2
13	0.563102797998956	a7	a14
12	0.56315257345297	a7	a14	a35	3
13	0.563179880820103	a7	a14
12	0.563589145664215	a7	a14	a37	0
13	0.563998756171202	a7	a14
12	0.564022952572459	a7	a14	a37	1
13	0.564568408589359	a7	a14
12	0.569592272815987	a7	a14	a39	0
13	0.569641702607125	a7	a14
12	0.569668318648507	a7	a14	a39	1
13	0.569856013589684	a7	a14
12	0.569904406392197	a7	a14	a39	3
13	0.569938281353956	a7	a14
12	0.570366557656199	a7	a14	a41	0
13	0.570975615642116	a7	a14
12	0.57100707096375	a7	a14	a41	2
13	0.571545268060272	a7	a14
12	0.608173780282569	a7	a14	a23	0
13	0.60823288863421	a7	a14
12	0.608263652630094	a7	a14	a23	1
13	0.608295107951728	a7	a14
12	0.60832172399311	a7	a14	a23	2
13	0.608352142326118	a7	a14
12	0.608378412704625	a7	a14	a23	3
13	0.608410213689134	a7	a14
12	0.608434410090391	a7	a14	a23	4
13	0.608467248063525	a7	a14
12	0.608491444464781	a7	a14	a23	5
13	0.608522208460665	a7	a14
12	0.608547441850547	a7	a14	a23	6
13	0.608573712229054	a7	a14
12	0.608736173780348	a7	a14	a23	7
13	0.608777307662485	a7	a14
12	0.608805997681118	a7	a14	a23	9
13	0.60883330504825	a7	a14
12	0.608857501449507	a7	a14	a23	10
13	0.608889302434016	a7	a14
12	0.608931473304777	a7	a14	a23	12
13	0.608971570198288	a7	a14
12	0.608997840576795	a7	a14	a23	14
13	0.609028604572679	a7	a14
12	0.609052800973935	a7	a14	a23	15
13	0.609078034363817	a7	a14
12	0.613100513241296	a7	a14	a25	0
13	0.613177596062442	a7	a14
12	0.613199718486448	a7	a14	a25	1
13	0.613258826838089	a7	a14
12	0.613280949262095	a7	a14	a25	2
13	0.613340057613736	a7	a14
12	0.613366327992244	a7	a14	a25	3
13	0.613423362366634	a7	a14
12	0.614145106449832	a7	a14	a27	0
13	0.614215967339227	a7	a14
12	0.614299272092124	a7	a14	a27	1
13	0.614376354913271	a7	a14
12	0.614402625291778	a7	a14	a27	2
13	0.614470029552421	a7	a14
12	0.614497682582429	a7	a14	a27	3
13	0.614566123831698	a7	a14
12	0.615331075774282	a7	a14	a23	0
13	0.615363913747417	a7	a14
12	0.615388110148673	a7	a14	a23	1
13	0.615423022099058	a7	a14
12	0.61544825548894	a7	a14	a23	2
13	0.615482130450699	a7	a14
12	0.615508400829206	a7	a14	a23	3
13	0.615535708196339	a7	a14
12	0.615563361226346	a7	a14	a23	4
13	0.615595853536605	a7	a14
12	0.615620395600737	a7	a14	a23	5
13	0.61564977694512	a7	a14
12	0.615680540941003	a7	a14	a23	6
13	0.615710959274012	a7	a14
12	0.615735155675268	a7	a14	a23	7
13	0.615764882682526	a7	a14
12	0.615787005106533	a7	a14	a23	8
13	0.615812238496414	a7	a14
12	0.615973663059084	a7	a14	a23	9
13	0.616010648986719	a7	a14
12	0.616034845387975	a7	a14	a23	11
13	0.616083583853364	a7	a14
12	0.616137161599004	a7	a14	a23	12
13	0.616162740651761	a7	a14
12	0.616254341313661	a7	a14	a23	15
13	0.616293401218546	a7	a14
12	0.616776637917929	a7	a14	a29	0
13	0.616885521723584	a7	a14
12	0.616923544639844	a7	a14	a29	1
13	0.616989911911862	a7	a14
12	0.61701825626762	a7	a14	a29	2
13	0.617084969202514	a7	a14
12	0.617112276569646	a7	a14	a29	3
13	0.617324513574954	a7	a14
12	0.617383621926595	a7	a14	a29	5
13	0.61745310016449	a7	a14
12	0.617483864160373	a7	a14	a29	7
13	0.617557490352768	a7	a14
12	0.617597587246279	a7	a14	a29	9
13	0.617686422605178	a7	a14
12	0.617720988892688	a7	a14	a29	12
13	0.617799108702459	a7	a14
12	0.618499767350277	a7	a14	a21	0
13	0.618569591251046	a7	a14
12	0.618596898618178	a7	a14	a21	1
13	0.618653932992569	a7	a14
12	0.618678129393825	a7	a14	a21	2
13	0.618737237745467	a7	a14
12	0.618761434146723	a7	a14	a21	3
13	0.618813283577988	a7	a14
12	0.640215346152358	a7	a14	a61	0
13	0.640430694123542	a7	a14
12	0.640473901982929	a7	a14	a61	3
13	0.640521603459692	a7	a14
12	0.640567922284955	a7	a14	a61	5
13	0.640767369763884	a7	a14
12	0.640812651600522	a7	a14	a61	13
13	0.640849637528157	a7	a14
12	0.644239899007087	a7	a14	a45	0
13	0.644289674461101	a7	a14
12	0.644314907850983	a7	a14	a45	1
13	0.644344289195366	a7	a14
12	0.644409965141634	a7	a14	a45	2
13	0.644444531429143	a7	a14
12	0.645453521361545	a7	a14	a47	0
13	0.645502951152684	a7	a14
12	0.645528184542565	a7	a14	a47	1
13	0.645559985527074	a7	a14
12	0.645581070962455	a7	a14	a47	2
13	0.64576254397188	a7	a14
12	0.645818541357645	a7	a14	a47	3
13	0.645844811736152	a7	a14
12	0.645903920087793	a7	a14	a47	6
13	0.64594712794718	a7	a14
12	0.646034926317454	a7	a14	a47	9
13	0.646072949233715	a7	a14
12	0.64612963794523	a7	a14	a47	11
13	0.64616351290699	a7	a14
12	0.646200498834625	a7	a14	a47	13
13	0.646228843190383	a7	a14
12	0.647203958161025	a7	a14	a25	0
13	0.647285188936672	a7	a14
12	0.647318026909806	a7	a14	a25	2
13	0.647382320204574	a7	a14
12	0.647409627571707	a7	a14	a25	3
13	0.647468735923348	a7	a14
12	0.647703095352662	a7	a14	a27	0
13	0.647777067207932	a7	a14
12	0.647810596506816	a7	a14	a27	1
13	0.647888716316588	a7	a14
12	0.647917406335221	a7	a14	a27	2
13	0.647986884573115	a7	a14
12	0.648011080974371	a7	a14	a27	3
13	0.648080904875141	a7	a14
12	0.648852078749477	a7	a14	a47	0
13	0.648885953711236	a7	a14
12	0.648911187101118	a7	a14	a47	1
13	0.648950247006004	a7	a14
12	0.648974443407261	a7	a14	a47	2
13	0.64900831836902	a7	a14
12	0.649033551758902	a7	a14	a47	3
13	0.649065352743411	a7	a14
12	0.649088512156042	a7	a14	a47	4
13	0.649121350129176	a7	a14
12	0.649145546530433	a7	a14	a47	5
13	0.649177001852066	a7	a14
12	0.649203617893448	a7	a14	a47	6
13	0.649228851283331	a7	a14
12	0.64939234982325	a7	a14	a47	7
13	0.649432446716761	a7	a14
12	0.649457680106643	a7	a14	a47	9
13	0.649492592057028	a7	a14
12	0.649515751469659	a7	a14	a47	10
13	0.649550663420044	a7	a14
12	0.649582464404552	a7	a14	a47	12
13	0.649611845748935	a7	a14
12	0.649637079138817	a7	a14	a47	14
13	0.649670954100577	a7	a14
12	0.650068812069811	a7	a14	a49	0
13	0.650197398659346	a7	a14
12	0.65022816265523	a7	a14	a49	1
13	0.650314578374003	a7	a14
12	0.650344305381261	a7	a14	a49	2
13	0.650409635664654	a7	a14
12	0.650437980020412	a7	a14	a49	3
13	0.650516099830184	a7	a14
12	0.650544789848816	a7	a14	a49	4
13	0.650771544694879	a7	a14
12	0.650800926039262	a7	a14	a49	6
13	0.650889761398161	a7	a14
12	0.650918105753919	a7	a14	a49	8
13	0.651006941112818	a7	a14
12	0.651059481869833	a7	a14	a49	10
13	0.651137601679604	a7	a14
12	0.651180809538991	a7	a14	a49	14
13	0.651268607909265	a7	a14
12	0.65290946957734	a7	a14	a51	0
13	0.65302008169737	a7	a14
12	0.653061215579507	a7	a14	a51	1
13	0.653165605767785	a7	a14
12	0.653332560936456	a7	a14	a51	2
13	0.653474974040995	a7	a14
12	0.653510922980005	a7	a14	a51	4
13	0.653621535100035	a7	a14
12	0.653655410061795	a7	a14	a51	6
13	0.653777774719578	a7	a14
12	0.653815797635839	a7	a14	a51	10
13	0.653927446744494	a7	a14
12	0.653956136763127	a7	a14	a51	12
13	0.654727310637464	a7	a14
12	0.654818219973614	a7	a14	a51	15
13	0.655194992507467	a7	a14
12	0.655549296954439	a7	a14	a51	0
13	0.655696203676354	a7	a14
12	0.655726622009363	a7	a14	a51	1
13	0.65586281318215	a7	a14
12	0.655904984052912	a7	a14	a51	2
13	0.656011448218441	a7	a14
12	0.656049471134701	a7	a14	a51	4
13	0.656959255821951	a7	a14
12	0.657019401162217	a7	a14	a51	8
13	0.65792261825484	a7	a14
12	0.657974122023229	a7	a14	a51	13
13	0.658677891636922	a7	a14
12	0.659297319509092	a7	a14	a53	0
13	0.659753248841342	a7	a14
12	0.659831368651114	a7	a14	a53	2
13	0.660831717011638	a7	a14
12	0.663819972566833	a7	a14	a55	0
13	0.666824128614282	a7	a14
12	0.667636436370755	a7	a14	a57	0
13	0.667901214133077	a7	a14
12	0.667942348015213	a7	a14	a57	3
13	0.668279023655556	a7	a14
12	0.668333984052696	a7	a14	a57	6
13	0.668497482592616	a7	a14
12	0.668591502894642	a7	a14	a57	10
13	0.668768827949565	a7	a14
12	0.668857317645589	a7	a14	a57	13
13	0.669036716677764	a7	a14
12	0.669590814266541	a7	a14	a53	0
13	0.669897762899625	a7	a14
12	0.669921959300881	a7	a14	a53	1
13	0.670303916777861	a7	a14
12	0.674774720404338	a7	a14	a63	0
13	0.674842470327856	a7	a14
12	0.674872888660864	a7	a14	a63	1
13	0.674918170497502	a7	a14
12	0.674954119436512	a7	a14	a63	2
13	0.674986957409646	a7	a14
12	0.675019449719905	a7	a14	a63	3
13	0.675054361670289	a7	a14
12	0.676976938581567	a7	a14	a65	0
13	0.677182607992248	a7	a14
12	0.677208187045005	a7	a14	a65	1
13	0.677388623065805	a7	a14
12	0.677411782478436	a7	a14	a65	2
13	0.677452916360572	a7	a14
12	0.67750027217446	a7	a14	a65	4
13	0.677532073158969	a7	a14
12	0.677585650904609	a7	a14	a65	7
13	0.677640611301749	a7	a14
12	0.677664807703005	a7	a14	a65	9
13	0.677700756642015	a7	a14
12	0.677733594615149	a7	a14	a65	11
13	0.677766086925408	a7	a14
12	0.677850774329806	a7	a14	a65	13
13	0.677881192662815	a7	a14
12	0.678622985192768	a7	a14	a25	0
13	0.678694883070788	a7	a14
12	0.678858381610708	a7	a14	a25	1
13	0.678926822859977	a7	a14
12	0.678966919753487	a7	a14	a25	3
13	0.679032595699755	a7	a14
12	0.679256239579942	a7	a14	a27	0
13	0.67932260685196	a7	a14
12	0.679348877230467	a7	a14	a27	1
13	0.679417664142611	a7	a14
12	0.679442897532493	a7	a14	a27	2
13	0.679510301793137	a7	a14
12	0.679544176754896	a7	a14	a27	3
13	0.679616074632916	a7	a14
12	0.680511687142286	a7	a14	a65	0
13	0.680545562104045	a7	a14
12	0.680570795493927	a7	a14	a65	1
13	0.680612966364689	a7	a14
12	0.680646841326448	a7	a14	a65	2
13	0.680682790265458	a7	a14
12	0.680703875700839	a7	a14	a65	3
13	0.680733257045222	a7	a14
12	0.68076091007523	a7	a14	a65	4
13	0.680792365396863	a7	a14
12	0.68081794444962	a7	a14	a65	5
13	0.680848362782629	a7	a14
12	0.680873596172511	a7	a14	a65	6
13	0.680905397157019	a7	a14
12	0.681069932685564	a7	a14	a65	7
13	0.681112103556326	a7	a14
12	0.681138719597708	a7	a14	a65	9
13	0.681173285885218	a7	a14
12	0.681198864937975	a7	a14	a65	10
13	0.681230320259608	a7	a14
12	0.681260047266867	a7	a14	a65	12
13	0.681287354633999	a7	a14
12	0.681311551035256	a7	a14	a65	14
13	0.681347499974265	a7	a14
12	0.681786491825636	a7	a14	a67	0
13	0.681939620479303	a7	a14
12	0.681967964835061	a7	a14	a67	1
13	0.682052306576584	a7	a14
12	0.682082033583842	a7	a14	a67	2
13	0.682155659776237	a7	a14
12	0.682183312806245	a7	a14	a67	3
13	0.682253828032764	a7	a14
12	0.682423894167311	a7	a14	a67	4
13	0.682504087954333	a7	a14
12	0.682533469298716	a7	a14	a67	6
13	0.682607441153986	a7	a14
12	0.68269593085001	a7	a14	a67	8
13	0.682766791739405	a7	a14
12	0.682821752136545	a7	a14	a67	12
13	0.682892267363064	a7	a14
12	0.68294826474883	a7	a14	a67	13
13	0.683034680467603	a7	a14
12	0.68459016340553	a7	a14	a31	0
13	0.684894001072738	a7	a14
12	0.684918197473995	a7	a14	a31	1
13	0.685294970007848	a7	a14
12	0.685319166409105	a7	a14	a31	4
13	0.685478516994524	a7	a14
12	0.685510317979032	a7	a14	a31	7
13	0.685668631575826	a7	a14
12	0.685699049908834	a7	a14	a31	11
13	0.685877411952383	a7	a14
12	0.68590368233089	a7	a14	a31	14
13	0.686098981855319	a7	a14
12	0.686864970786529	a7	a14	a21	0
13	0.686923042149545	a7	a14
12	0.686946201562176	a7	a14	a21	1
13	0.687179524002865	a7	a14
12	0.687956228483203	a7	a14	a69	0
13	0.688369641281817	a7	a14
12	0.688446724102963	a7	a14	a69	2
13	0.688476451110221	a7	a14
12	0.688504795465979	a7	a14	a69	4
13	0.688537633439113	a7	a14
12	0.688586026241626	a7	a14	a69	6
13	0.688630271089638	a7	a14
12	0.688698021013157	a7	a14	a69	10
13	0.688730513323416	a7	a14
12	0.68878236275468	a7	a14	a69	11
13	0.68881831169369	a7	a14
12	0.688863593530327	a7	a14	a69	14
13	0.688908875366965	a7	a14
12	0.691808641226135	a7	a14	a35	0
13	0.692008088705065	a7	a14
12	0.692031248117696	a7	a14	a35	1
13	0.692072381999832	a7	a14
12	0.69210072635559	a7	a14	a35	3
13	0.692135638305975	a7	a14
12	0.692364812792162	a7	a14	a37	0
13	0.692796200060281	a7	a14
12	0.692875356858678	a7	a14	a37	3
13	0.693460909769088	a7	a14
12	0.697741944477137	a7	a14	a39	0
13	0.697793448245526	a7	a14
12	0.697820064286909	a7	a14	a39	1
13	0.697990821747206	a7	a14
12	0.69802573369759	a7	a14	a39	2
13	0.698054078053348	a7	a14
12	0.698522796911977	a7	a14	a41	0
13	0.698993244084981	a7	a14
12	0.699015366508987	a7	a14	a41	1
13	0.699794144966575	a7	a14
12	0.759844427942422	a7	a14	a23	0
13	0.760044912409977	a7	a14
12	0.760076713394486	a7	a14	a23	2
13	0.76011162534487	a7	a14
12	0.760139969700628	a7	a14	a23	3
13	0.760198041063644	a7	a14
12	0.760229842048153	a7	a14	a23	6
13	0.760259223392536	a7	a14
12	0.760285493771043	a7	a14	a23	7
13	0.760317294755552	a7	a14
12	0.760341491156808	a7	a14	a23	9
13	0.760373292141317	a7	a14
12	0.760399562519824	a7	a14	a23	11
13	0.760435511458834	a7	a14
12	0.760460744848716	a7	a14	a23	13
13	0.760511557291355	a7	a14
12	0.760536790681237	a7	a14	a23	15
13	0.760565135036995	a7	a14
12	0.761116121659896	a7	a14	a25	0
13	0.761194241469667	a7	a14
12	0.76122362281405	a7	a14	a25	1
13	0.76129552069207	a7	a14
12	0.761321791070577	a7	a14	a25	2
13	0.761379862433593	a7	a14
12	0.76140405883485	a7	a14	a25	3
13	0.761456945254739	a7	a14
12	0.761895937106109	a7	a14	a27	0
13	0.761966452332629	a7	a14
12	0.76198961174526	a7	a14	a27	1
13	0.762059435646029	a7	a14
12	0.762083632047286	a7	a14	a27	2
13	0.762155529925306	a7	a14
12	0.762179726326562	a7	a14	a27	3
13	0.762249204564456	a7	a14
12	0.763021761090293	a7	a14	a23	0
13	0.763051142434676	a7	a14
12	0.763076721487433	a7	a14	a23	1
13	0.763102991865941	a7	a14
12	0.763126151278572	a7	a14	a23	2
13	0.763158989251706	a7	a14
12	0.763183185652963	a7	a14	a23	3
13	0.763218097603347	a7	a14
12	0.763242294004604	a7	a14	a23	4
13	0.763272712337612	a7	a14
12	0.763299328378995	a7	a14	a23	5
13	0.763325598757502	a7	a14
12	0.763349795158758	a7	a14	a23	6
13	0.763379522166016	a7	a14
12	0.763402681578648	a7	a14	a23	7
13	0.763433099911656	a7	a14
12	0.763460752941664	a7	a14	a23	8
13	0.763489097297422	a7	a14
12	0.763653632825967	a7	a14	a23	9
13	0.763697186348229	a7	a14
12	0.763721382749485	a7	a14	a23	11
13	0.763752838071119	a7	a14
12	0.763778417123876	a7	a14	a23	12
13	0.763871054774401	a7	a14
12	0.763924978182916	a7	a14	a23	15
13	0.763964038087802	a7	a14
12	0.764275134675387	a7	a14	a29	0
13	0.764410288859549	a7	a14
12	0.764447274787184	a7	a14	a29	1
13	0.764521246642455	a7	a14
12	0.764561343535966	a7	a14	a29	2
13	0.76463082177386	a7	a14
12	0.764665733724244	a7	a14	a29	3
13	0.764743853534016	a7	a14
12	0.764928437509316	a7	a14	a29	4
13	0.765023494799967	a7	a14
12	0.765054950121601	a7	a14	a29	6
13	0.765137217885874	a7	a14
12	0.765174203813509	a7	a14	a29	8
13	0.765284124607789	a7	a14
12	0.765353602845683	a7	a14	a29	12
13	0.765455919056711	a7	a14
12	0.793131417151177	a7	a14	a21	0
13	0.793199858400446	a7	a14
12	0.793229585407704	a7	a14	a21	2
13	0.793291804725221	a7	a14
12	0.793631591331439	a7	a14	a71	0
13	0.793933355021397	a7	a14
12	0.79396273636578	a7	a14	a71	1
13	0.794014585797045	a7	a14
12	0.794050534736054	a7	a14	a71	2
13	0.794085101023564	a7	a14
12	0.794261389089862	a7	a14	a71	3
13	0.794307707915125	a7	a14
12	0.797183277373039	a7	a14	a35	0
13	0.797231670175552	a7	a14
12	0.797252755610933	a7	a14	a35	1
13	0.797291815515818	a7	a14
12	0.797319468545826	a7	a14	a35	2
13	0.797351960856085	a7	a14
12	0.797378576897467	a7	a14	a35	3
13	0.797413143184977	a7	a14
12	0.798280757001465	a7	a14	a37	0
13	0.798667899421571	a7	a14
12	0.798704885349206	a7	a14	a37	1
13	0.799193306991715	a7	a14
12	0.799217503392972	a7	a14	a37	3
13	0.799580449411821	a7	a14
12	0.804849042954016	a7	a14	a39	0
13	0.804889139847527	a7	a14
12	0.804930273729664	a7	a14	a39	1
13	0.804977975206427	a7	a14
12	0.8055182462802	a7	a14	a41	0
13	0.8059748669382	a7	a14
12	0.806006667922709	a7	a14	a41	2
13	0.806401414926067	a7	a14
12	0.869906252675611	a7	a14	a45	0
13	0.869950497523623	a7	a14
12	0.869981261519507	a7	a14	a45	1
13	0.870014099492641	a7	a14
12	0.870038295893897	a7	a14	a45	2
13	0.87006560326103	a7	a14
12	0.870089799662287	a7	a14	a45	3
13	0.870269198694461	a7	a14
12	0.870821222305987	a7	a14	a47	0
13	0.870879293669003	a7	a14
12	0.870924575505641	a7	a14	a47	1
13	0.870957413478775	a7	a14
12	0.871005806281288	a7	a14	a47	3
13	0.871038644254422	a7	a14
12	0.871062840655679	a7	a14	a47	4
13	0.871228413172849	a7	a14
12	0.87126851006636	a7	a14	a47	7
13	0.871298237073618	a7	a14
12	0.871325544440751	a7	a14	a47	9
13	0.871353888796508	a7	a14
12	0.871402627261897	a7	a14	a47	12
13	0.871437539212281	a7	a14
12	0.871462772602163	a7	a14	a47	14
13	0.871523954931055	a7	a14
12	0.872183479696736	a7	a14	a25	0
13	0.872244662025628	a7	a14
12	0.87226989541551	a7	a14	a25	1
13	0.872329003767151	a7	a14
12	0.872353200168407	a7	a14	a25	2
13	0.872409197554173	a7	a14
12	0.872574770071343	a7	a14	a25	3
13	0.872651852892489	a7	a14
12	0.872883101355928	a7	a14	a27	0
13	0.872976775995079	a7	a14
12	0.873006503002337	a7	a14	a27	1
13	0.873074944251605	a7	a14
12	0.873104671258864	a7	a14	a27	2
13	0.873173112508132	a7	a14
12	0.873196271920764	a7	a14	a27	3
13	0.873267132810158	a7	a14
12	0.87413025300927	a7	a14	a47	0
13	0.874164127971029	a7	a14
12	0.874189361360911	a7	a14	a47	1
13	0.874225310299921	a7	a14
12	0.874250543689803	a7	a14	a47	2
13	0.874279925034186	a7	a14
12	0.874305504086943	a7	a14	a47	3
13	0.874333848442701	a7	a14
12	0.874360118821208	a7	a14	a47	4
13	0.874393993782967	a7	a14
12	0.874418190184224	a7	a14	a47	5
13	0.874518432418001	a7	a14
12	0.874681930957921	a7	a14	a47	6
13	0.874720990862807	a7	a14
12	0.874750717870065	a7	a14	a47	8
13	0.874789777774951	a7	a14
12	0.874819159119334	a7	a14	a47	9
13	0.874854071069718	a7	a14
12	0.874880341448226	a7	a14	a47	11
13	0.874937375822616	a7	a14
12	0.874969176807125	a7	a14	a47	13
13	0.875008236712011	a7	a14
12	0.875033470101893	a7	a14	a47	15
13	0.875060777469025	a7	a14
12	0.875380515628488	a7	a14	a49	0
13	0.87549873233177	a7	a14
12	0.87553468127078	a7	a14	a49	1
13	0.875629738561431	a7	a14
12	0.875661193883065	a7	a14	a49	2
13	0.875735165738335	a7	a14
12	0.875762473105468	a7	a14	a49	3
13	0.875837481949363	a7	a14
12	0.876002017477908	a7	a14	a49	4
13	0.876097074768559	a7	a14
12	0.876125419124317	a7	a14	a49	6
13	0.876203538934089	a7	a14
12	0.876233265941347	a7	a14	a49	8
13	0.876316570694245	a7	a14
12	0.876363926508133	a7	a14	a49	10
13	0.876436861374778	a7	a14
12	0.87648318020004	a7	a14	a49	14
13	0.876569941581689	a7	a14
12	0.878193865768884	a7	a14	a51	0
13	0.878310699820667	a7	a14
12	0.878340426827925	a7	a14	a51	1
13	0.878444817016203	a7	a14
12	0.878470050406085	a7	a14	a51	2
13	0.878716162373153	a7	a14
12	0.878743469740285	a7	a14	a51	4
13	0.878878623924447	a7	a14
12	0.878906968280205	a7	a14	a51	5
13	0.879089478278255	a7	a14
12	0.879127501194516	a7	a14	a51	10
13	0.879266803333179	a7	a14
12	0.879311048181191	a7	a14	a51	11
13	0.879629749352028	a7	a14
12	0.87968885770367	a7	a14	a51	15
13	0.880239844326571	a7	a14
12	0.88078322636622	a7	a14	a51	0
13	0.881082916078927	a7	a14
12	0.881109186457434	a7	a14	a51	2
13	0.881245377630221	a7	a14
12	0.88127786994048	a7	a14	a51	4
13	0.881426850639646	a7	a14
12	0.881454158006779	a7	a14	a51	6
13	0.881596571111318	a7	a14
12	0.881690591413344	a7	a14	a51	10
13	0.882450358412802	a7	a14
12	0.882526404245323	a7	a14	a51	14
13	0.883259555203399	a7	a14
12	0.883987866881224	a7	a14	a53	0
13	0.884403353657088	a7	a14
12	0.884435154641596	a7	a14	a53	3
13	0.885445872888374	a7	a14
12	0.888508100298839	a7	a14	a55	0
13	0.891557538182925	a7	a14
12	0.89212304264658	a7	a14	a57	0
13	0.892357402075895	a7	a14
12	0.892382635465776	a7	a14	a57	1
13	0.892555812566199	a7	a14
12	0.892580008967456	a7	a14	a57	2
13	0.892882809646039	a7	a14
12	0.892930511122802	a7	a14	a57	6
13	0.893117169075353	a7	a14
12	0.893173166461118	a7	a14	a57	9
13	0.893362935379545	a7	a14
12	0.893407180227557	a7	a14	a57	13
13	0.893571024430352	a7	a14
12	0.894285163930298	a7	a14	a53	0
13	0.894537497829118	a7	a14
12	0.894573446768127	a7	a14	a53	1
13	0.894963700154109	a7	a14
12	0.903089543021838	a7	a14	a21	0
13	0.90329452110677	a7	a14
12	0.917130023345315	a7	a14	a23	0
13	0.917192242662832	a7	a14
12	0.917214365086838	a7	a14	a23	1
13	0.917242709442595	a7	a14
12	0.917269325483978	a7	a14	a23	2
13	0.917299743816986	a7	a14
12	0.917324977206868	a7	a14	a23	3
13	0.917457020425154	a7	a14
12	0.917483290803661	a7	a14	a23	4
13	0.917519239742671	a7	a14
12	0.917543436143928	a7	a14	a23	5
13	0.917575237128437	a7	a14
12	0.917613260044697	a7	a14	a23	6
13	0.917643678377705	a7	a14
12	0.917690342865843	a7	a14	a23	8
13	0.917717650232976	a7	a14
12	0.917926430609533	a7	a14	a23	10
13	0.91797102112042	a7	a14
12	0.918040499358314	a7	a14	a23	13
13	0.918078522274575	a7	a14
12	0.918139704603466	a7	a14	a23	15
13	0.918165974981974	a7	a14
12	0.918943716450937	a7	a14	a25	0
13	0.919019762283458	a7	a14
12	0.919184297812003	a7	a14	a25	1
13	0.919253084724147	a7	a14
12	0.919914683467078	a7	a14	a27	0
13	0.920001099185852	a7	a14
12	0.920026332575734	a7	a14	a27	1
13	0.920099267442379	a7	a14
12	0.92012242685501	a7	a14	a27	2
13	0.920186720149778	a7	a14
12	0.920209879562409	a7	a14	a27	3
13	0.920277629485928	a7	a14
12	0.921026680936258	a7	a14	a23	0
13	0.921060555898018	a7	a14
12	0.921086826276525	a7	a14	a23	1
13	0.921119664249659	a7	a14
12	0.921143860650915	a7	a14	a23	2
13	0.921174278983924	a7	a14
12	0.921199858036681	a7	a14	a23	3
13	0.921226128415188	a7	a14
12	0.921250324816445	a7	a14	a23	4
13	0.921282125800953	a7	a14
12	0.921309433168086	a7	a14	a23	5
13	0.921339160175344	a7	a14
12	0.921364393565226	a7	a14	a23	6
13	0.921389626955108	a7	a14
12	0.921413823356365	a7	a14	a23	7
13	0.921591148411288	a7	a14
12	0.921672379186935	a7	a14	a23	10
13	0.921740129110454	a7	a14
12	0.92177918901534	a7	a14	a23	13
13	0.921819285908851	a7	a14
12	0.922337088895743	a7	a14	a29	0
13	0.922480884651782	a7	a14
12	0.92250922900754	a7	a14	a29	1
13	0.92258320086281	a7	a14
12	0.922610508229943	a7	a14	a29	2
13	0.922673764536085	a7	a14
12	0.922704528531969	a7	a14	a29	3
13	0.922783685330365	a7	a14
12	0.922809955708872	a7	a14	a29	4
13	0.923023229702806	a7	a14
12	0.923050537069938	a7	a14	a29	6
13	0.923131767845586	a7	a14
12	0.923162531841469	a7	a14	a29	8
13	0.923225788147612	a7	a14
12	0.923253095514744	a7	a14	a29	10
13	0.923351263771271	a7	a14
12	0.923408298145662	a7	a14	a29	13
13	0.923534810757946	a7	a14
12	0.924290429802904	a7	a14	a31	0
13	0.92471352116202	a7	a14
12	0.924766407581909	a7	a14	a31	2
13	0.924936128053581	a7	a14
12	0.924983483867469	a7	a14	a31	5
13	0.925153550002015	a7	a14
12	0.92520747341053	a7	a14	a31	7
13	0.92537097195045	a7	a14
12	0.925396205340332	a7	a14	a31	10
13	0.925551407971249	a7	a14
12	0.925601874751013	a7	a14	a31	13
13	0.925775051851436	a7	a14
12	0.92695583623276	a7	a14	a33	0
13	0.927019092538902	a7	a14
12	0.927052967500661	a7	a14	a33	2
13	0.92708545981092	a7	a14
12	0.927108619223552	a7	a14	a33	3
13	0.927144568162561	a7	a14
12	0.927172221192569	a7	a14	a33	5
13	0.927199528559702	a7	a14
12	0.927224761949583	a7	a14	a33	7
13	0.927258636911343	a7	a14
12	0.927283870301225	a7	a14	a33	8
13	0.927314634297108	a7	a14
12	0.927363027099621	a7	a14	a33	10
13	0.927407271947634	a7	a14
12	0.927460158367523	a7	a14	a33	14
13	0.927543463120421	a7	a14
12	0.931475032661749	a7	a14	a35	0
13	0.931670332186178	a7	a14
12	0.931699713530561	a7	a14	a35	1
13	0.931736699458196	a7	a14
12	0.931764352488204	a7	a14	a35	3
13	0.931794770821212	a7	a14
12	0.932012192769647	a7	a14	a37	0
13	0.932449110643766	a7	a14
12	0.93260742424056	a7	a14	a37	3
13	0.933191940162345	a7	a14
12	0.939141143905602	a7	a14	a39	0
13	0.939195758639867	a7	a14
12	0.939223411669875	a7	a14	a39	2
13	0.939253830002883	a7	a14
12	0.939512385833454	a7	a14	a41	0
13	0.939936514181195	a7	a14
12	0.940008412059215	a7	a14	a41	2
13	0.940714255650159	a7	a14
12	0.998388452022603	a7	a14	a43	0
13	0.998449634351495	a7	a14
12	0.998481089673129	a7	a14	a43	1
13	0.998660488705303	a7	a14
12	0.998694363667062	a7	a14	a43	2
13	0.998738608515074	a7	a14
12	1.00183989583043	a7	a14	a45	0
13	1.00188725164431	a7	a14
12	1.00191490467432	a7	a14	a45	1
13	1.0019442860187	a7	a14
12	1.00196848241996	a7	a14	a45	2
13	1.00200235738172	a7	a14
12	1.00202966474885	a7	a14	a45	3
13	1.00206665067649	a7	a14
12	1.00298887922724	a7	a14	a47	0
13	1.003036580704	a7	a14
12	1.00306285108251	a7	a14	a47	1
13	1.00309568905564	a7	a14
12	1.00312195943415	a7	a14	a47	2
13	1.00315894536179	a7	a14
12	1.00318210477442	a7	a14	a47	3
13	1.0032114861188	a7	a14
12	1.00323913914881	a7	a14	a47	4
13	1.00327059447044	a7	a14
12	1.00329721051182	a7	a14	a47	5
13	1.00332762884483	a7	a14
12	1.00335078825746	a7	a14	a47	6
13	1.00352189138064	a7	a14
12	1.00354816175914	a7	a14	a47	7
13	1.0035820367209	a7	a14
12	1.00360830709941	a7	a14	a47	9
13	1.00364010808392	a7	a14
12	1.0036653414738	a7	a14	a47	10
13	1.00369264884093	a7	a14
12	1.00376350973033	a7	a14	a47	12
13	1.00380879156697	a7	a14
12	1.00494533110028	a7	a14	a25	0
13	1.00504142537955	a7	a14
12	1.00506665876944	a7	a14	a25	2
13	1.00512473013245	a7	a14
12	1.00551809448431	a7	a14	a27	0
13	1.00560381887733	a7	a14
12	1.00563008925584	a7	a14	a27	1
13	1.00569438255061	a7	a14
12	1.00571857895186	a7	a14	a27	2
13	1.00578840285263	a7	a14
12	1.00581363624251	a7	a14	a27	3
13	1.00587896652591	a7	a14
12	1.00675383926277	a7	a14	a47	0
13	1.00679289916766	a7	a14
12	1.00681605858029	a7	a14	a47	1
13	1.00684993354205	a7	a14
12	1.00687412994331	a7	a14	a47	2
13	1.00691007888232	a7	a14
12	1.00693323829495	a7	a14	a47	3
13	1.00696607626808	a7	a14
12	1.00699130965796	a7	a14	a47	4
13	1.00702069100235	a7	a14
12	1.0070462700551	a7	a14	a47	5
13	1.00707668838811	a7	a14
12	1.00710088478937	a7	a14	a47	6
13	1.00713268577388	a7	a14
12	1.00715688217513	a7	a14	a47	7
13	1.00733109626418	a7	a14
12	1.00735529266544	a7	a14	a47	8
13	1.00738709364995	a7	a14
12	1.00741958596021	a7	a14	a47	10
13	1.00745242393334	a7	a14
12	1.00749770576998	a7	a14	a47	12
13	1.00753883965211	a7	a14
12	1.00756649268212	a7	a14	a47	14
13	1.0075958740265	a7	a14
12	1.00816794608479	a7	a14	a49	0
13	1.00828270615932	a7	a14
12	1.00832833365883	a7	a14	a49	1
13	1.0084106014231	a7	a14
12	1.00844205674474	a7	a14	a49	2
13	1.00849598015325	a7	a14
12	1.00867123123092	a7	a14	a49	3
13	1.0087756214192	a7	a14
12	1.00880292878633	a7	a14	a49	5
13	1.00887690064161	a7	a14
12	1.00892633043274	a7	a14	a49	7
13	1.00899822831076	a7	a14
12	1.00905007774203	a7	a14	a49	11
13	1.00915446793031	a7	a14
12	1.00919663880107	a7	a14	a49	13
13	1.00926715402759	a7	a14
12	1.01076352861387	a7	a14	a51	0
13	1.01087759736265	a7	a14
12	1.01090594171841	a7	a14	a51	1
13	1.01100514696356	a7	a14
12	1.01117521309811	a7	a14	a51	2
13	1.01128478822952	a7	a14
12	1.01131762620265	a7	a14	a51	4
13	1.01142823832268	a7	a14
12	1.01146107629581	a7	a14	a51	6
13	1.01156546648409	a7	a14
12	1.01159623047998	a7	a14	a51	8
13	1.01170891657726	a7	a14
12	1.01175765504265	a7	a14	a51	12
13	1.01202554377084	a7	a14
12	1.01206978861886	a7	a14	a51	13
13	1.01246349863359	a7	a14
12	1.01298994319236	a7	a14	a51	0
13	1.0131323562969	a7	a14
12	1.01316415728141	a7	a14	a51	1
13	1.01328444796194	a7	a14
12	1.01351223979663	a7	a14	a51	4
13	1.01369474979468	a7	a14
12	1.01374971019182	a7	a14	a51	5
13	1.01438607554487	a7	a14
12	1.01444933185101	a7	a14	a51	9
13	1.01512890506345	a7	a14
12	1.01518697642646	a7	a14	a51	13
13	1.01582956371126	a7	a14
12	1.01652469175308	a7	a14	a53	0
13	1.01692911731694	a7	a14
12	1.01701345905846	a7	a14	a53	1
13	1.01723191799552	a7	a14
12	1.02067921384884	a7	a14	a55	0
13	1.02376563766056	a7	a14
12	1.02502108522291	a7	a14	a57	0
13	1.02527030815585	a7	a14
12	1.02529554154573	a7	a14	a57	1
13	1.0254569661084	a7	a14
12	1.02548427347554	a7	a14	a57	2
13	1.0256456980382	a7	a14
12	1.02567542504546	a7	a14	a57	3
13	1.0259802997013	a7	a14
12	1.02603629708706	a7	a14	a57	6
13	1.02620705454736	a7	a14
12	1.0262537190355	a7	a14	a57	8
13	1.02641410660954	a7	a14
12	1.02645938844618	a7	a14	a57	12
13	1.0266367135011	a7	a14
12	1.02670826571625	a7	a14	a57	13
13	1.0268963063203	a7	a14
12	1.02744694728032	a7	a14	a53	0
13	1.02776564845116	a7	a14
12	1.0278247568028	a7	a14	a53	2
13	1.02833218990344	a7	a14
12	1.0316581580876	a7	a14	a23	0
13	1.03185345761203	a7	a14
12	1.03187765401329	a7	a14	a23	1
13	1.03190841800917	a7	a14
12	1.03193987333081	a7	a14	a23	3
13	1.03199794469382	a7	a14
12	1.03206223798859	a7	a14	a23	5
13	1.03209092800722	a7	a14
12	1.03215211033611	a7	a14	a23	9
13	1.03222262556263	a7	a14
12	1.0322883015089	a7	a14	a23	11
13	1.03232183080779	a7	a14
12	1.03312826229538	a7	a14	a25	0
13	1.03322193693453	a7	a14
12	1.03324855297592	a7	a14	a25	1
13	1.03330524168743	a7	a14
12	1.03333082074019	a7	a14	a25	2
13	1.03354063810537	a7	a14
12	1.03415280705716	a7	a14	a27	0
13	1.03423092686693	a7	a14
12	1.03425408627957	a7	a14	a27	1
13	1.03431734258571	a7	a14
12	1.03448291510288	a7	a14	a27	2
13	1.03455999792402	a7	a14
12	1.03508955344867	a7	a14	a23	0
13	1.03512135443318	a7	a14
12	1.03514555083444	a7	a14	a23	1
13	1.03518149977345	a7	a14
12	1.0352056961747	a7	a14	a23	2
13	1.03524164511371	a7	a14
12	1.03526480452634	a7	a14	a23	3
13	1.0352986794881	a7	a14
12	1.03532183890073	a7	a14	a23	4
13	1.03535571386249	a7	a14
12	1.03538094725238	a7	a14	a23	5
13	1.03541032859676	a7	a14
12	1.03544005560402	a7	a14	a23	6
13	1.0354694369484	a7	a14
12	1.03549397901253	a7	a14	a23	7
13	1.03566473647283	a7	a14
12	1.03568893287408	a7	a14	a23	8
13	1.03572177084722	a7	a14
12	1.03574804122573	a7	a14	a23	10
13	1.03577673124436	a7	a14
12	1.03580403861149	a7	a14	a23	12
13	1.03583791357325	a7	a14
12	1.03588215842126	a7	a14	a23	14
13	1.0359094657884	a7	a14
12	1.03654997909595	a7	a14	a29	0
13	1.03667683737111	a7	a14
12	1.03670518172686	a7	a14	a29	1
13	1.0367642900785	a7	a14
12	1.03694265212205	a7	a14	a29	2
13	1.0370238828977	a7	a14
12	1.03705015327621	a7	a14	a29	4
13	1.03712827308598	a7	a14
12	1.03717804853999	a7	a14	a29	6
13	1.03724234183476	a7	a14
12	1.03727276016777	a7	a14	a29	8
13	1.03734154707991	a7	a14
12	1.0373709284243	a7	a14	a29	9
13	1.0374597637832	a7	a14
12	1.03754721649059	a7	a14	a29	14
13	1.03762118834586	a7	a14
12	1.03860356223688	a7	a14	a21	0
13	1.03884518058658	a7	a14
12	1.03891465882447	a7	a14	a21	3
13	1.03897584115336	a7	a14
12	1.03965437737717	a7	a14	a31	0
13	1.04003114991103	a7	a14
12	1.04009336922854	a7	a14	a31	3
13	1.04026205271159	a7	a14
12	1.04031701310873	a7	a14	a31	5
13	1.0404784376714	a7	a14
12	1.04050920166728	a7	a14	a31	9
13	1.04067581117308	a7	a14
12	1.04071694505521	a7	a14	a31	13
13	1.04089219613289	a7	a14
12	1.04208991799509	a7	a14	a59	0
13	1.04215421128986	a7	a14
12	1.04217944467974	a7	a14	a59	1
13	1.04222057856188	a7	a14
12	1.04227346498177	a7	a14	a59	2
13	1.04230699428065	a7	a14
12	1.04235158479154	a7	a14	a59	5
13	1.04241898905218	a7	a14
12	1.04249399789608	a7	a14	a59	6
13	1.04254446467584	a7	a14
12	1.04259527711848	a7	a14	a59	9
13	1.04278815700278	a7	a14
12	1.04599072354054	a7	a14	a35	0
13	1.04603496838855	a7	a14
12	1.04606262141856	a7	a14	a35	1
13	1.04608785480844	a7	a14
12	1.04611205120969	a7	a14	a35	2
13	1.04614281520558	a7	a14
12	1.04616701160683	a7	a14	a35	3
13	1.04619639295122	a7	a14
12	1.04691191510266	a7	a14	a37	0
13	1.04732256259828	a7	a14
12	1.04734883297678	a7	a14	a37	2
13	1.0477719243359	a7	a14
12	1.05226381339776	a7	a14	a39	0
13	1.05230598426852	a7	a14
12	1.0523312176584	a7	a14	a39	1
13	1.05236509262016	a7	a14
12	1.05238721504416	a7	a14	a39	2
13	1.05242523796043	a7	a14
12	1.05245150833893	a7	a14	a39	3
13	1.05248745727794	a7	a14
12	1.05312797058549	a7	a14	a41	0
13	1.05361017029625	a7	a14
12	1.05366616768202	a7	a14	a41	3
13	1.05439205971971	a7	a14
12	1.09076201611144	a7	a14	a23	0
13	1.09081179156545	a7	a14
12	1.09083598796671	a7	a14	a23	1
13	1.09086433232247	a7	a14
12	1.09089198535248	a7	a14	a23	2
13	1.09092447766274	a7	a14
12	1.09096457455625	a7	a14	a23	3
13	1.0909943015635	a7	a14
12	1.09117992252743	a7	a14	a23	6
13	1.09122209339819	a7	a14
12	1.09124870943957	a7	a14	a23	8
13	1.09127809078396	a7	a14
12	1.09130332417384	a7	a14	a23	9
13	1.09135413661648	a7	a14
12	1.09140045544174	a7	a14	a23	11
13	1.0914343304035	a7	a14
12	1.09147650127426	a7	a14	a23	14
13	1.09150484563002	a7	a14
12	1.09562549276402	a7	a14	a25	0
13	1.09570464956242	a7	a14
12	1.09572884596368	a7	a14	a25	1
13	1.09580385480757	a7	a14
12	1.09582805120883	a7	a14	a25	2
13	1.0958881965491	a7	a14
12	1.0959144669276	a7	a14	a25	3
13	1.09597668624512	a7	a14
12	1.09659404014004	a7	a14	a27	0
13	1.09665418548031	a7	a14
12	1.09668391248757	a7	a14	a27	1
13	1.09675235373683	a7	a14
12	1.09677551314947	a7	a14	a27	2
13	1.09685155898199	a7	a14
12	1.09687782936049	a7	a14	a27	3
13	1.09694869024989	a7	a14
12	1.097820106358	a7	a14	a23	0
13	1.09784879637663	a7	a14
12	1.09787402976652	a7	a14	a23	1
13	1.09790583075103	a7	a14
12	1.09793210112953	a7	a14	a23	2
13	1.09796493910267	a7	a14
12	1.09798706152667	a7	a14	a23	3
13	1.09801955383693	a7	a14
12	1.09804720686694	a7	a14	a23	4
13	1.09807451423407	a7	a14
12	1.0980976736467	a7	a14	a23	5
13	1.09812843764259	a7	a14
12	1.09815367103247	a7	a14	a23	6
13	1.09824872832312	a7	a14
12	1.098273961713	a7	a14	a23	7
13	1.09844921279067	a7	a14
12	1.09847548316918	a7	a14	a23	8
13	1.09851039511957	a7	a14
12	1.09854841803583	a7	a14	a23	10
13	1.09859473686109	a7	a14
12	1.09866214112173	a7	a14	a23	12
13	1.09869083114037	a7	a14
12	1.09922453461951	a7	a14	a29	0
13	1.09934482530005	a7	a14
12	1.09938077423906	a7	a14	a29	1
13	1.09945993103745	a7	a14
12	1.09949795395371	a7	a14	a29	2
13	1.09956328423711	a7	a14
12	1.09959923317612	a7	a14	a29	3
13	1.0998187291018	a7	a14
12	1.09985467804081	a7	a14	a29	5
13	1.09992208230145	a7	a14
12	1.09995388328596	a7	a14	a29	6
13	1.10006242142874	a7	a14
12	1.10011530784863	a7	a14	a29	10
13	1.10020172356741	a7	a14
12	1.10023041358604	a7	a14	a29	12
13	1.10033584076294	a7	a14
12	1.10087611183672	a7	a14	a21	0
13	1.10094559007461	a7	a14
12	1.10097220611599	a7	a14	a21	1
13	1.10102785783888	a7	a14
12	1.10105447388026	a7	a14	a21	2
13	1.10110494066003	a7	a14
12	1.10112810007266	a7	a14	a21	3
13	1.10133618912347	a7	a14
12	1.12100890033374	a7	a14	a61	0
13	1.12108390917763	a7	a14
12	1.12124844470618	a7	a14	a61	1
13	1.12129268955419	a7	a14
12	1.12132241656145	a7	a14	a61	3
13	1.12135490887171	a7	a14
12	1.12138256190172	a7	a14	a61	4
13	1.12141401722335	a7	a14
12	1.12144167025336	a7	a14	a61	6
13	1.12150285258225	a7	a14
12	1.12152912296076	a7	a14	a61	8
13	1.12156299792251	a7	a14
12	1.12158615733515	a7	a14	a61	10
13	1.12164422869816	a7	a14
12	1.12166946208804	a7	a14	a61	12
13	1.12170437403843	a7	a14
12	1.12173582936006	a7	a14	a61	14
13	1.12176970432182	a7	a14
12	1.12446345510744	a7	a14	a45	0
13	1.1245153045387	a7	a14
12	1.12453846395133	a7	a14	a45	1
13	1.12471682599488	a7	a14
12	1.12474309637339	a7	a14	a45	2
13	1.12477800832377	a7	a14
12	1.12531205746579	a7	a14	a47	0
13	1.12536252424556	a7	a14
12	1.12538672064681	a7	a14	a47	1
13	1.12541955861995	a7	a14
12	1.12546069250208	a7	a14	a47	2
13	1.12549249348659	a7	a14
12	1.12553466435735	a7	a14	a47	5
13	1.12557372426224	a7	a14
12	1.12559895765212	a7	a14	a47	6
13	1.12562626501925	a7	a14
12	1.12583435407006	a7	a14	a47	13
13	1.12587859891807	a7	a14
12	1.12658444250902	a7	a14	a25	0
13	1.12667535184517	a7	a14
12	1.12670058523505	a7	a14	a25	1
13	1.12675761960944	a7	a14
12	1.1267818160107	a7	a14	a25	2
13	1.12699163337588	a7	a14
12	1.12748351164714	a7	a14	a27	0
13	1.12756577941141	a7	a14
12	1.12759204978992	a7	a14	a27	1
13	1.12766394766794	a7	a14
12	1.12768918105782	a7	a14	a27	2
13	1.12776004194721	a7	a14
12	1.12778320135985	a7	a14	a27	3
13	1.12785060562049	a7	a14
12	1.12851980894667	a7	a14	a47	0
13	1.12855022727968	a7	a14
12	1.12857338669231	a7	a14	a47	1
13	1.1286041506882	a7	a14
12	1.1286304210667	a7	a14	a47	2
13	1.12866325903984	a7	a14
12	1.12868849242972	a7	a14	a47	3
13	1.12872029341423	a7	a14
12	1.12874448981548	a7	a14	a47	4
13	1.12877283417124	a7	a14
12	1.12880152418988	a7	a14	a47	5
13	1.12883090553426	a7	a14
12	1.12885406494689	a7	a14	a47	6
13	1.12888793990865	a7	a14
12	1.12891524727578	a7	a14	a47	7
13	1.12894497428304	a7	a14
12	1.12896813369567	a7	a14	a47	8
13	1.12915582863685	a7	a14
12	1.12918866660998	a7	a14	a47	10
13	1.12923083748074	a7	a14
12	1.12925710785925	a7	a14	a47	11
13	1.12929098282101	a7	a14
12	1.12932278380552	a7	a14	a47	13
13	1.1293563131044	a7	a14
12	1.12938604011166	a7	a14	a47	15
13	1.12944618545193	a7	a14
12	1.12984196944391	a7	a14	a49	0
13	1.12995672951844	a7	a14
12	1.12999164146883	a7	a14	a49	1
13	1.13006457633547	a7	a14
12	1.13009914262298	a7	a14	a49	2
13	1.1301751884555	a7	a14
12	1.13035251351043	a7	a14	a49	3
13	1.13045068176695	a7	a14
12	1.13048766769459	a7	a14	a49	5
13	1.13057097244749	a7	a14
12	1.13061832826137	a7	a14	a49	7
13	1.13071027458615	a7	a14
12	1.13078735740729	a7	a14	a49	12
13	1.13087273613744	a7	a14
12	1.13092873352321	a7	a14	a49	13
13	1.13101514924198	a7	a14
12	1.13246831596888	a7	a14	a51	0
13	1.13257789110029	a7	a14
12	1.13260519846742	a7	a14	a51	1
13	1.1327234151707	a7	a14
12	1.13275314217796	a7	a14	a51	2
13	1.13299372353902	a7	a14
12	1.13302103090616	a7	a14	a51	4
13	1.13316033304482	a7	a14
12	1.13320250391558	a7	a14	a51	6
13	1.13333454713387	a7	a14
12	1.13336081751238	a7	a14	a51	8
13	1.13399925684268	a7	a14
12	1.13404142771344	a7	a14	a51	11
13	1.13435598092977	a7	a14
12	1.13442338519042	a7	a14	a51	15
13	1.13497091518457	a7	a14
12	1.13551567987572	a7	a14	a51	0
13	1.13564322947663	a7	a14
12	1.13567710443839	a7	a14	a51	1
13	1.13596815257922	a7	a14
12	1.13602000201048	a7	a14	a51	3
13	1.13616552608089	a7	a14
12	1.13622463443254	a7	a14	a51	6
13	1.13641785997971	a7	a14
12	1.13649909075536	a7	a14	a51	9
13	1.13749494549851	a7	a14
12	1.13765222210668	a7	a14	a51	14
13	1.13837811414438	a7	a14
12	1.1389163112409	a7	a14	a53	0
13	1.13937638852765	a7	a14
12	1.13942512699304	a7	a14	a53	3
13	1.14038848942593	a7	a14
12	1.14332282157261	a7	a14	a55	0
13	1.14629621362417	a7	a14
12	1.1471078300549	a7	a14	a57	0
13	1.14735359635909	a7	a14
12	1.14737882974897	a7	a14	a57	1
13	1.14754889588352	a7	a14
12	1.14761422616691	a7	a14	a57	4
13	1.14793396432637	a7	a14
12	1.14797717218576	a7	a14	a57	8
13	1.14817765665331	a7	a14
12	1.14824955453133	a7	a14	a57	10
13	1.14840994210538	a7	a14
12	1.14846351985102	a7	a14	a57	14
13	1.14862943803106	a7	a14
12	1.14926234675536	a7	a14	a53	0
13	1.14951675463143	a7	a14
12	1.14955270357044	a7	a14	a53	1
13	1.1499515985283	a7	a14
12	1.15353266591428	a7	a14	a63	0
13	1.15359937884918	a7	a14
12	1.15363394513669	a7	a14	a63	1
13	1.15366263515532	a7	a14
12	1.1536961644542	a7	a14	a63	2
13	1.15372692845009	a7	a14
12	1.15376080341185	a7	a14	a63	3
13	1.1537891477676	a7	a14
12	1.15506395245095	a7	a14	a65	0
13	1.1551272087571	a7	a14
12	1.15515140515835	a7	a14	a65	1
13	1.15517767553686	a7	a14
12	1.15520429157824	a7	a14	a65	2
13	1.1552367838885	a7	a14
12	1.15528344837664	a7	a14	a65	3
13	1.15531697767552	a7	a14
12	1.15536018553491	a7	a14	a65	6
13	1.1554089240003	a7	a14
12	1.15547840223819	a7	a14	a65	9
13	1.15552714070358	a7	a14
12	1.15557345952884	a7	a14	a65	11
13	1.15561874136548	a7	a14
12	1.15566644284224	a7	a14	a65	14
13	1.1558849017793	a7	a14
12	1.15639337186857	a7	a14	a25	0
13	1.15645351720883	a7	a14
12	1.15648082457597	a7	a14	a25	1
13	1.15660975682838	a7	a14
12	1.1567815512773	a7	a14	a25	2
13	1.15685344915532	a7	a14
12	1.15729762594982	a7	a14	a27	0
13	1.15737056081646	a7	a14
12	1.15739683119497	a7	a14	a27	1
13	1.15746976606161	a7	a14
12	1.15749396246287	a7	a14	a27	2
13	1.15756136672351	a7	a14
12	1.15759731566252	a7	a14	a27	3
13	1.15767232450642	a7	a14
12	1.15836330459373	a7	a14	a65	0
13	1.15839925353274	a7	a14
12	1.15842241294537	a7	a14	a65	1
13	1.15845525091851	a7	a14
12	1.15848048430839	a7	a14	a65	2
13	1.15851435927015	a7	a14
12	1.15853959266003	a7	a14	a65	3
13	1.15857243063317	a7	a14
12	1.1585955900458	a7	a14	a65	4
13	1.15862497139018	a7	a14
12	1.15864813080281	a7	a14	a65	5
13	1.15868200576457	a7	a14
12	1.15870620216583	a7	a14	a65	6
13	1.15873696616171	a7	a14
12	1.15876116256297	a7	a14	a65	7
13	1.15879296354748	a7	a14
12	1.15895853606465	a7	a14	a65	8
13	1.15899863295816	a7	a14
12	1.15902801430254	a7	a14	a65	10
13	1.15907260481343	a7	a14
12	1.15909680121468	a7	a14	a65	11
13	1.15915590956633	a7	a14
12	1.15918840187659	a7	a14	a65	14
13	1.15922746178147	a7	a14
12	1.15963499831121	a7	a14	a67	0
13	1.15979089226788	a7	a14
12	1.15982061927513	a7	a14	a67	1
13	1.15989770209628	a7	a14
12	1.15992500946341	a7	a14	a67	2
13	1.15999587035281	a7	a14
12	1.16002317771994	a7	a14	a67	3
13	1.16009714957521	a7	a14
12	1.16012445694234	a7	a14	a67	4
13	1.16032805237577	a7	a14
12	1.16036503830341	a7	a14	a67	5
13	1.16045249101081	a7	a14
12	1.16048325500669	a7	a14	a67	7
13	1.16055930083921	a7	a14
12	1.1606246311226	a7	a14	a67	9
13	1.16069652900062	a7	a14
12	1.16074077384864	a7	a14	a67	13
13	1.16083237451054	a7	a14
12	1.16088629791905	a7	a14	a67	14
13	1.1609813552097	a7	a14
12	1.16239615335746	a7	a14	a31	0
13	1.16264122833591	a7	a14
12	1.16266542473716	a7	a14	a31	1
13	1.1629661514385	a7	a14
12	1.16299864374876	a7	a14	a31	3
13	1.16316559891743	a7	a14
12	1.16320673279956	a7	a14	a31	5
13	1.16337645327123	a7	a14
12	1.16341447618749	a7	a14	a31	9
13	1.16357175279566	a7	a14
12	1.16360770173467	a7	a14	a31	10
13	1.1637850267896	a7	a14
12	1.16383134561486	a7	a14	a31	14
13	1.16399277017753	a7	a14
12	1.16474735223386	a7	a14	a21	0
13	1.1648064605855	a7	a14
12	1.16483273096401	a7	a14	a21	1
13	1.1648939132929	a7	a14
12	1.16491707270553	a7	a14	a21	2
13	1.16514071658572	a7	a14
12	1.16566197620136	a7	a14	a69	0
13	1.16572868913625	a7	a14
12	1.16575184854889	a7	a14	a69	1
13	1.16578537784777	a7	a14
12	1.16581303087778	a7	a14	a69	2
13	1.16584552318804	a7	a14
12	1.16587317621804	a7	a14	a69	3
13	1.16590912515705	a7	a14
12	1.16593332155831	a7	a14	a69	4
13	1.16596373989132	a7	a14
12	1.16599242990995	a7	a14	a69	5
13	1.16602388523158	a7	a14
12	1.16605050127297	a7	a14	a69	6
13	1.1660778086401	a7	a14
12	1.16625305971777	a7	a14	a69	7
13	1.16629419359991	a7	a14
12	1.16631839000117	a7	a14	a69	9
13	1.16635019098567	a7	a14
12	1.16639443583369	a7	a14	a69	10
13	1.16642174320082	a7	a14
12	1.16646598804883	a7	a14	a69	12
13	1.16649986301059	a7	a14
12	1.16898587040827	a7	a14	a35	0
13	1.16904705273716	a7	a14
12	1.16908611264205	a7	a14	a35	3
13	1.16913035749006	a7	a14
12	1.16958732381094	a7	a14	a37	0
13	1.16998518178017	a7	a14
12	1.17002216770781	a7	a14	a37	1
13	1.17060979459547	a7	a14
12	1.17550057861518	a7	a14	a39	0
13	1.17554586045182	a7	a14
12	1.17557662444771	a7	a14	a39	1
13	1.17560496880346	a7	a14
12	1.1756419547311	a7	a14	a39	2
13	1.17567997764736	a7	a14
12	1.17570417404862	a7	a14	a39	3
13	1.175739085999	a7	a14
12	1.17639757377606	a7	a14	a41	0
13	1.17688184746406	a7	a14
12	1.1769312772552	a7	a14	a41	2
13	1.17748433785535	a7	a14
12	1.23346582312846	a7	a14	a23	0
13	1.23352285750285	a7	a14
12	1.23354705390411	a7	a14	a23	1
13	1.23357989187724	a7	a14
12	1.23360305128987	a7	a14	a23	2
13	1.23363277829713	a7	a14
12	1.23365593770976	a7	a14	a23	3
13	1.23383637373056	a7	a14
12	1.23386782905219	a7	a14	a23	5
13	1.23390066702533	a7	a14
12	1.23392901138109	a7	a14	a23	6
13	1.23396288634285	a7	a14
12	1.23398500876685	a7	a14	a23	8
13	1.23403996916399	a7	a14
12	1.23410115149288	a7	a14	a23	10
13	1.23414643332952	a7	a14
12	1.23420554168116	a7	a14	a23	12
13	1.23423734266567	a7	a14
12	1.23427951353643	a7	a14	a23	15
13	1.23430785789219	a7	a14
12	1.23489029983672	a7	a14	a25	0
13	1.23498535712738	a7	a14
12	1.23501162750588	a7	a14	a25	1
13	1.23508041441803	a7	a14
12	1.23523976500345	a7	a14	a25	2
13	1.23531235420722	a7	a14
12	1.23562379645768	a7	a14	a27	0
13	1.23568912674107	a7	a14
12	1.23572092772558	a7	a14	a27	1
13	1.23578522102035	a7	a14
12	1.23581252838748	a7	a14	a27	2
13	1.23588857422	a7	a14
12	1.23591277062126	a7	a14	a27	3
13	1.2359815575334	a7	a14
12	1.23695217888667	a7	a14	a23	0
13	1.23698709083705	a7	a14
12	1.23701025024968	a7	a14	a23	1
13	1.23704516220007	a7	a14
12	1.23707143257857	a7	a14	a23	2
13	1.23710323356308	a7	a14
12	1.23712950394159	a7	a14	a23	3
13	1.23716234191472	a7	a14
12	1.23718653831598	a7	a14	a23	4
13	1.23721591966036	a7	a14
12	1.23724253570174	a7	a14	a23	5
13	1.2372708800575	a7	a14
12	1.23729507645876	a7	a14	a23	6
13	1.23732584045464	a7	a14
12	1.23734899986727	a7	a14	a23	7
13	1.23737630723441	a7	a14
12	1.23753565781983	a7	a14	a23	8
13	1.23757679170196	a7	a14
12	1.23760237075472	a7	a14	a23	10
13	1.23762967812185	a7	a14
12	1.23765387452311	a7	a14	a23	11
13	1.23770779793162	a7	a14
12	1.2377330313215	a7	a14	a23	13
13	1.23776586929464	a7	a14
12	1.23779110268452	a7	a14	a23	15
13	1.23784398910441	a7	a14
12	1.23817617112738	a7	a14	a29	0
13	1.23831858423192	a7	a14
12	1.23835038521642	a7	a14	a29	1
13	1.23842954201482	a7	a14
12	1.23845581239333	a7	a14	a29	2
13	1.2385339322031	a7	a14
12	1.23856469619898	a7	a14	a29	3
13	1.23862898949375	a7	a14
12	1.2387935250223	a7	a14	a29	4
13	1.23887475579794	a7	a14
12	1.23890206316508	a7	a14	a29	6
13	1.23897085007722	a7	a14
12	1.23899712045573	a7	a14	a29	8
13	1.239071092311	a7	a14
12	1.23912052210214	a7	a14	a29	10
13	1.23918827202565	a7	a14
12	1.23923873880542	a7	a14	a29	14
13	1.23931271066069	a7	a14
12	1.26451879317548	a7	a14	a21	0
13	1.26459276503075	a7	a14
12	1.26461903540925	a7	a14	a21	1
13	1.26467606978364	a7	a14
12	1.2647002661849	a7	a14	a21	2
13	1.26475626357067	a7	a14
12	1.2647794229833	a7	a14	a21	3
13	1.26483749434631	a7	a14
12	1.26536601288233	a7	a14	a71	0
13	1.26547800765386	a7	a14
12	1.2655149935815	a7	a14	a71	1
13	1.26556649734989	a7	a14
12	1.26559726134577	a7	a14	a71	2
13	1.26563839522791	a7	a14
12	1.26567227018967	a7	a14	a71	3
13	1.26571029310593	a7	a14
12	1.26849357057619	a7	a14	a35	0
13	1.26854853097333	a7	a14
12	1.26857929496922	a7	a14	a35	1
13	1.2686128242681	a7	a14
12	1.26865395815024	a7	a14	a35	2
13	1.26868679612337	a7	a14
12	1.26910262856211	a7	a14	a37	0
13	1.26950670846309	a7	a14
12	1.26953954643623	a7	a14	a37	1
13	1.27010193993401	a7	a14
12	1.27604042812814	a7	a14	a39	0
13	1.27617108869492	a7	a14
12	1.27619770473631	a7	a14	a39	1
13	1.27623123403519	a7	a14
12	1.27625785007657	a7	a14	a39	2
13	1.27629034238683	a7	a14
12	1.27631592143959	a7	a14	a39	3
13	1.27634737676122	a7	a14
12	1.2768917957895	a7	a14	a41	0
13	1.27726130940297	a7	a14
12	1.2772886167701	a7	a14	a41	1
13	1.27774558309098	a7	a14
12	1.27776874250361	a7	a14	a41	2
13	1.27824368329399	a7	a14
12	1.33977755132974	a7	a14	a45	0
13	1.33981764822326	a7	a14
12	1.33984599257901	a7	a14	a45	1
13	1.33988401549527	a7	a14
12	1.33991892744566	a7	a14	a45	2
13	1.33995487638467	a7	a14
12	1.33998010977455	a7	a14	a45	3
13	1.34001398473631	a7	a14
12	1.34102366599446	a7	a14	a47	0
13	1.34107344144848	a7	a14
12	1.34109867483836	a7	a14	a47	1
13	1.34112805618274	a7	a14
12	1.34115570921275	a7	a14	a47	2
13	1.34118509055713	a7	a14
12	1.34120928695839	a7	a14	a47	3
13	1.34124419890877	a7	a14
12	1.34126632133278	a7	a14	a47	4
13	1.34129915930591	a7	a14
12	1.34132231871854	a7	a14	a47	5
13	1.34134962608568	a7	a14
12	1.34151658125435	a7	a14	a47	6
13	1.34155978911373	a7	a14
12	1.34158709648087	a7	a14	a47	8
13	1.34161786047675	a7	a14
12	1.34164101988938	a7	a14	a47	9
13	1.34167696882839	a7	a14
12	1.34173607718003	a7	a14	a47	11
13	1.34178343299392	a7	a14
12	1.34185740484919	a7	a14	a47	15
13	1.34189853873133	a7	a14
12	1.34244399474823	a7	a14	a25	0
13	1.34252004058075	a7	a14
12	1.34254631095925	a7	a14	a25	1
13	1.3426054193109	a7	a14
12	1.3426275417349	a7	a14	a25	2
13	1.34282284125933	a7	a14
12	1.34284703766059	a7	a14	a25	3
13	1.34291133095535	a7	a14
12	1.34323210610344	a7	a14	a27	0
13	1.34331126290184	a7	a14
12	1.34333995292047	a7	a14	a27	1
13	1.34341150513562	a7	a14
12	1.34343466454825	a7	a14	a27	2
13	1.34350656242627	a7	a14
12	1.34352868485027	a7	a14	a27	3
13	1.34359401513367	a7	a14
12	1.34426010749397	a7	a14	a47	0
13	1.34429052582698	a7	a14
12	1.34434133826962	a7	a14	a47	1
13	1.34437486756851	a7	a14
12	1.34442153205664	a7	a14	a47	2
13	1.34445298737828	a7	a14
12	1.34449412126041	a7	a14	a47	5
13	1.34453525514255	a7	a14
12	1.34456187118393	a7	a14	a47	6
13	1.34459228951694	a7	a14
12	1.34463757135358	a7	a14	a47	9
13	1.34468423584172	a7	a14
12	1.34486674583977	a7	a14	a47	11
13	1.34491513864228	a7	a14
12	1.34537417894041	a7	a14	a49	0
13	1.34547960611731	a7	a14
12	1.34550933312457	a7	a14	a49	1
13	1.34558848992296	a7	a14
12	1.34561683427872	a7	a14	a49	2
13	1.34567905359624	a7	a14
12	1.34571396554662	a7	a14	a49	3
13	1.34579727029952	a7	a14
12	1.34582907128403	a7	a14	a49	4
13	1.34604096262646	a7	a14
12	1.34607276361097	a7	a14	a49	7
13	1.346161253307	a7	a14
12	1.34620480682926	a7	a14	a49	8
13	1.34626702614677	a7	a14
12	1.34633235643017	a7	a14	a49	11
13	1.34642637673219	a7	a14
12	1.34647165856883	a7	a14	a49	14
13	1.34655081536723	a7	a14
12	1.34792447963285	a7	a14	a51	0
13	1.34803543741576	a7	a14
12	1.34806170779427	a7	a14	a51	1
13	1.34818096148617	a7	a14
12	1.34820965150481	a7	a14	a51	2
13	1.34845645479763	a7	a14
12	1.34848583614201	a7	a14	a51	4
13	1.34860612682254	a7	a14
12	1.34864311275018	a7	a14	a51	5
13	1.34874646594983	a7	a14
12	1.34877515596846	a7	a14	a51	8
13	1.34889648363762	a7	a14
12	1.34905790820029	a7	a14	a51	11
13	1.35014467227959	a7	a14
12	1.35019548472223	a7	a14	a51	15
13	1.35060889752084	a7	a14
12	1.35120827694626	a7	a14	a51	0
13	1.35136140559992	a7	a14
12	1.35140150249343	a7	a14	a51	2
13	1.35153008908297	a7	a14
12	1.35160302394961	a7	a14	a51	4
13	1.35174854802003	a7	a14
12	1.35178864491354	a7	a14	a51	7
13	1.35196908093434	a7	a14
12	1.35201332578235	a7	a14	a51	10
13	1.35270257755529	a7	a14
12	1.3527551183123	a7	a14	a51	14
13	1.35348861493326	a7	a14
12	1.35426635640222	a7	a14	a53	0
13	1.35466939931458	a7	a14
12	1.35470638524221	a7	a14	a53	3
13	1.35516853650622	a7	a14
12	1.35880560127796	a7	a14	a55	0
13	1.36181805323442	a7	a14
12	1.3623151164488	a7	a14	a57	0
13	1.36256537637037	a7	a14
12	1.36259060976025	a7	a14	a57	1
13	1.36276793481518	a7	a14
12	1.36279420519368	a7	a14	a57	2
13	1.36308559899739	a7	a14
12	1.36313606577715	a7	a14	a57	6
13	1.36333966121058	a7	a14
12	1.36339462160772	a7	a14	a57	9
13	1.3635919951094	a7	a14
12	1.3636891263773	a7	a14	a57	13
13	1.36386852540948	a7	a14
12	1.36392002917787	a7	a14	a57	15
13	1.36409424326691	a7	a14
12	1.36455224657642	a7	a14	a53	0
13	1.36479386492611	a7	a14
12	1.36483292483099	a7	a14	a53	1
13	1.36521280833072	a7	a14
12	1.37225707206228	a7	a14	a21	0
13	1.37233000692892	a7	a14
12	1.37235316634156	a7	a14	a21	1
13	1.37240916372732	a7	a14
12	1.37243336012858	a7	a14	a21	2
13	1.37265907798601	a7	a14
12	1.37369641227417	a7	a14	a23	0
13	1.37376174255757	a7	a14
12	1.3737849019702	a7	a14	a23	1
13	1.37381359198883	a7	a14
12	1.37383778839009	a7	a14	a23	2
13	1.37386509575722	a7	a14
12	1.37388825516985	a7	a14	a23	3
13	1.37392213013161	a7	a14
12	1.37395600509337	a7	a14	a23	4
13	1.373987460415	a7	a14
12	1.37405521033852	a7	a14	a23	6
13	1.37410152916378	a7	a14
12	1.37413644111417	a7	a14	a23	7
13	1.37418172295081	a7	a14
12	1.37422493081019	a7	a14	a23	9
13	1.37426813866958	a7	a14
12	1.37430823556309	a7	a14	a23	11
13	1.37435282607398	a7	a14
12	1.37439603393337	a7	a14	a23	13
13	1.37461449287043	a7	a14
12	1.37540364121427	a7	a14	a25	0
13	1.37548901994442	a7	a14
12	1.3755156359858	a7	a14	a25	1
13	1.37571612045335	a7	a14
12	1.37574135384323	a7	a14	a25	2
13	1.3758014991835	a7	a14
12	1.37609807793033	a7	a14	a27	0
13	1.37616444520235	a7	a14
12	1.37620143112999	a7	a14	a27	1
13	1.3762719463565	a7	a14
12	1.37630167336376	a7	a14	a27	2
13	1.37637771919628	a7	a14
12	1.37640191559754	a7	a14	a27	3
13	1.37647035684681	a7	a14
12	1.37722390191452	a7	a14	a23	0
13	1.3772532832589	a7	a14
12	1.37728197327753	a7	a14	a23	1
13	1.37730928064466	a7	a14
12	1.37733451403455	a7	a14	a23	2
13	1.37736735200768	a7	a14
12	1.37739154840894	a7	a14	a23	3
13	1.37742334939345	a7	a14
12	1.3774475457947	a7	a14	a23	4
13	1.37747692713909	a7	a14
12	1.37750146920322	a7	a14	a23	5
13	1.37752877657035	a7	a14
12	1.37755297297161	a7	a14	a23	6
13	1.37758373696749	a7	a14
12	1.37760897035737	a7	a14	a23	7
13	1.3776933120989	a7	a14
12	1.37785473666156	a7	a14	a23	8
13	1.3778958705437	a7	a14
12	1.37792352357371	a7	a14	a23	10
13	1.37795290491809	a7	a14
12	1.37797710131935	a7	a14	a23	11
13	1.37801305025836	a7	a14
12	1.37803724665961	a7	a14	a23	13
13	1.37806489968962	a7	a14
12	1.37808805910225	a7	a14	a23	14
13	1.37811432948076	a7	a14
12	1.37843821559472	a7	a14	a29	0
13	1.37857855472201	a7	a14
12	1.37861450366102	a7	a14	a29	1
13	1.37869262347079	a7	a14
12	1.37872753542118	a7	a14	a29	2
13	1.3787939026932	a7	a14
12	1.37882881464358	a7	a14	a29	3
13	1.3789090084306	a7	a14
12	1.37893424182049	a7	a14	a29	4
13	1.37913991123117	a7	a14
12	1.37917067522705	a7	a14	a29	6
13	1.37924119045357	a7	a14
12	1.37927091746083	a7	a14	a29	7
13	1.37935629619098	a7	a14
12	1.37939950405036	a7	a14	a29	9
13	1.37946829096251	a7	a14
12	1.37950838785602	a7	a14	a29	12
13	1.37959895152929	a7	a14
12	1.37963178950243	a7	a14	a29	15
13	1.37971198328945	a7	a14
12	1.38030272114299	a7	a14	a31	0
13	1.38062142231382	a7	a14
12	1.38064907534383	a7	a14	a31	1
13	1.38095913494279	a7	a14
12	1.38098989893867	a7	a14	a31	3
13	1.38114164494084	a7	a14
12	1.38122080173924	a7	a14	a31	6
13	1.38143303874455	a7	a14
12	1.38150251698244	a7	a14	a31	11
13	1.38167569408286	a7	a14
12	1.38172304989675	a7	a14	a31	13
13	1.3819055598948	a7	a14
12	1.38271925030277	a7	a14	a33	0
13	1.38277939564304	a7	a14
12	1.38280255505567	a7	a14	a33	1
13	1.38283435604018	a7	a14
12	1.38285958943006	a7	a14	a33	2
13	1.38288793378582	a7	a14
12	1.3830770113785	a7	a14	a33	3
13	1.3831074297115	a7	a14
12	1.38322564641479	a7	a14	a33	6
13	1.38325952137655	a7	a14
12	1.38330376622456	a7	a14	a33	8
13	1.38334178914082	a7	a14
12	1.38337773807983	a7	a14	a33	11
13	1.38341126737871	a7	a14
12	1.38347901730223	a7	a14	a33	13
13	1.38352844709337	a7	a14
12	1.38674484014613	a7	a14	a35	0
13	1.38679945488039	a7	a14
12	1.38683021887628	a7	a14	a35	1
13	1.38686616781529	a7	a14
12	1.38688932722792	a7	a14	a35	2
13	1.3869242391783	a7	a14
12	1.38695154654543	a7	a14	a35	3
13	1.38698438451857	a7	a14
12	1.38744653578257	a7	a14	a37	0
13	1.38778079178279	a7	a14
12	1.38783367820268	a7	a14	a37	2
13	1.38852707793012	a7	a14
12	1.39350012971411	a7	a14	a39	0
13	1.39355370745975	a7	a14
12	1.39358136048975	a7	a14	a39	1
13	1.39361592677726	a7	a14
12	1.39365948029952	a7	a14	a39	2
13	1.39369508357566	a7	a14
12	1.39424088525543	a7	a14	a41	0
13	1.39476214487108	a7	a14
12	1.39481468562809	a7	a14	a41	2
13	1.39539401660675	a7	a14
12	1.45089122819185	a7	a14	a43	0
13	1.45094929955486	a7	a14
12	1.45098317451662	a7	a14	a43	1
13	1.45102327141013	a7	a14
12	1.45106647926952	a7	a14	a43	2
13	1.45111383508341	a7	a14
12	1.45114874703379	a7	a14	a43	3
13	1.45119195489318	a7	a14
12	1.45401774889708	a7	a14	a45	0
13	1.45407063531697	a7	a14
12	1.45409483171823	a7	a14	a45	1
13	1.45412870667999	a7	a14
12	1.45415394006987	a7	a14	a45	2
13	1.45418021044837	a7	a14
12	1.45420578950113	a7	a14	a45	3
13	1.45438173190456	a7	a14
12	1.45495691492871	a7	a14	a47	0
13	1.45505715716249	a7	a14
12	1.45508239055237	a7	a14	a47	1
13	1.45511419153688	a7	a14
12	1.45513838793814	a7	a14	a47	2
13	1.45516915193402	a7	a14
12	1.45519334833528	a7	a14	a47	3
13	1.45522169269104	a7	a14
12	1.45538864785971	a7	a14	a47	4
13	1.45543081873047	a7	a14
12	1.45545501513172	a7	a14	a47	6
13	1.45548232249886	a7	a14
12	1.45551827143787	a7	a14	a47	7
13	1.45556147929725	a7	a14
12	1.45559120630451	a7	a14	a47	8
13	1.45562266162615	a7	a14
12	1.4556523886334	a7	a14	a47	10
13	1.45568073298916	a7	a14
12	1.45570942300779	a7	a14	a47	12
13	1.4557398413408	a7	a14
12	1.45576611171931	a7	a14	a47	14
13	1.45579894969244	a7	a14
12	1.45657980212728	a7	a14	a25	0
13	1.4566461693993	a7	a14
12	1.45667174845206	a7	a14	a25	1
13	1.45688363979449	a7	a14
12	1.45690887318437	a7	a14	a25	3
13	1.45698077106239	a7	a14
12	1.45724762280197	a7	a14	a27	0
13	1.45733853213812	a7	a14
12	1.45736272853937	a7	a14	a27	1
13	1.45743358942877	a7	a14
12	1.45745778583002	a7	a14	a27	2
13	1.45752415310204	a7	a14
12	1.4575580280638	a7	a14	a27	3
13	1.45762335834719	a7	a14
12	1.45833231290401	a7	a14	a47	0
13	1.4583672248544	a7	a14
12	1.45839695186166	a7	a14	a47	1
13	1.45842737019466	a7	a14
12	1.45845156659592	a7	a14	a47	2
13	1.45848544155768	a7	a14
12	1.45850963795894	a7	a14	a47	3
13	1.4585435129207	a7	a14
12	1.45856667233333	a7	a14	a47	4
13	1.45859743632921	a7	a14
12	1.45862163273047	a7	a14	a47	5
13	1.45865101407485	a7	a14
12	1.45867763011623	a7	a14	a47	6
13	1.45870701146062	a7	a14
12	1.45873328183912	a7	a14	a47	7
13	1.45876300884638	a7	a14
12	1.45878720524764	a7	a14	a47	8
13	1.45881347562615	a7	a14
12	1.4588390546789	a7	a14	a47	9
13	1.45901741672245	a7	a14
12	1.45904368710096	a7	a14	a47	11
13	1.45907859905134	a7	a14
12	1.45910486942985	a7	a14	a47	12
13	1.45914081836886	a7	a14
12	1.45916708874737	a7	a14	a47	14
13	1.45921893817863	a7	a14
12	1.4595511202016	a7	a14	a49	0
13	1.45965447340125	a7	a14
12	1.45968316341988	a7	a14	a49	1
13	1.45976335720691	a7	a14
12	1.45979170156266	a7	a14	a49	2
13	1.45986152546343	a7	a14
12	1.45988779584194	a7	a14	a49	3
13	1.45995208913671	a7	a14
12	1.45998285313259	a7	a14	a49	4
13	1.46004403546148	a7	a14
12	1.46007134282862	a7	a14	a49	5
13	1.46028772778843	a7	a14
12	1.46031710913281	a7	a14	a49	7
13	1.4603879700222	a7	a14
12	1.46044293041934	a7	a14	a49	9
13	1.46052727216087	a7	a14
12	1.46061265089101	a7	a14	a49	11
13	1.46068662274628	a7	a14
12	1.4607267196398	a7	a14	a49	15
13	1.46081313535857	a7	a14
12	1.46232091681973	a7	a14	a51	0
13	1.46243291159126	a7	a14
12	1.46245918196977	a7	a14	a51	1
13	1.46256253516942	a7	a14
12	1.46260055808568	a7	a14	a51	2
13	1.46270080031946	a7	a14
12	1.46272845334947	a7	a14	a51	3
13	1.46299012014592	a7	a14
12	1.46302261245618	a7	a14	a51	5
13	1.46313564421633	a7	a14
12	1.46316295158346	a7	a14	a51	7
13	1.46329188383587	a7	a14
12	1.46335825110789	a7	a14	a51	11
13	1.46362959646484	a7	a14
12	1.46367695227873	a7	a14	a51	13
13	1.46435548850254	a7	a14
12	1.4649209929662	a7	a14	a51	0
13	1.46503713569223	a7	a14
12	1.46506444305936	a7	a14	a51	1
13	1.46520167122077	a7	a14
12	1.46524073112566	a7	a14	a51	3
13	1.46571014131004	a7	a14
12	1.46578307617668	a7	a14	a51	6
13	1.46646264938912	a7	a14
12	1.46650793122576	a7	a14	a51	9
13	1.46686050735835	a7	a14
12	1.46690682618362	a7	a14	a51	13
13	1.46736171852724	a7	a14
12	1.46811491793207	a7	a14	a53	0
13	1.46852245446181	a7	a14
12	1.46856669930982	a7	a14	a53	3
13	1.46889680735554	a7	a14
12	1.47180072116921	a7	a14	a55	0
13	1.47476996526627	a7	a14
12	1.47557950771974	a7	a14	a57	0
13	1.47580833654306	a7	a14
12	1.47584947042519	a7	a14	a57	2
13	1.47612496373664	a7	a14
12	1.4761533080924	a7	a14	a57	3
13	1.4763116216892	a7	a14
12	1.47635379255996	a7	a14	a57	6
13	1.47651521712263	a7	a14
12	1.47657225149702	a7	a14	a57	8
13	1.47677066198732	a7	a14
12	1.47680038899458	a7	a14	a57	12
13	1.47695524596262	a7	a14
12	1.47700502141664	a7	a14	a57	15
13	1.47718130948293	a7	a14
12	1.47766247220507	a7	a14	a53	0
13	1.47789441199425	a7	a14
12	1.47793243491051	a7	a14	a53	1
13	1.47829434394074	a7	a14
12	1.47832061431925	a7	a14	a53	3
13	1.47864138946733	a7	a14
12	1.48161927513628	a7	a14	a23	0
13	1.48167423553342	a7	a14
12	1.48169843193467	a7	a14	a23	1
13	1.48172677629043	a7	a14
12	1.48175442932044	a7	a14	a23	2
13	1.48178588464207	a7	a14
12	1.48183877106196	a7	a14	a23	3
13	1.48186815240634	a7	a14
12	1.48191274291723	a7	a14	a23	5
13	1.48195491378799	a7	a14
12	1.48199708465875	a7	a14	a23	7
13	1.48202853998039	a7	a14
12	1.48207727844578	a7	a14	a23	10
13	1.48212048630516	a7	a14
12	1.48216473115318	a7	a14	a23	13
13	1.48220690202394	a7	a14
12	1.48292035019813	a7	a14	a25	0
13	1.48300676591691	a7	a14
12	1.48303649292417	a7	a14	a25	1
13	1.48309110765843	a7	a14
12	1.48311564972256	a7	a14	a25	2
13	1.48317579506283	a7	a14
12	1.48319791748683	a7	a14	a25	3
13	1.48341188280652	a7	a14
12	1.48360821931957	a7	a14	a27	0
13	1.48368115418622	a7	a14
12	1.4837063875761	a7	a14	a27	1
13	1.48377932244274	a7	a14
12	1.48380870378713	a7	a14	a27	2
13	1.4838785276879	a7	a14
12	1.4839089460209	a7	a14	a27	3
13	1.48398291787617	a7	a14
12	1.48474475885288	a7	a14	a23	0
13	1.48478381875777	a7	a14
12	1.48480905214765	a7	a14	a23	1
13	1.48483981614353	a7	a14
12	1.48486401254479	a7	a14	a23	2
13	1.4848944308778	a7	a14
12	1.48492208390781	a7	a14	a23	3
13	1.48495250224082	a7	a14
12	1.48497669864207	a7	a14	a23	4
13	1.48500746263796	a7	a14
12	1.48503373301646	a7	a14	a23	5
13	1.48510251992861	a7	a14
12	1.48513397525024	a7	a14	a23	6
13	1.4851637022575	a7	a14
12	1.48532927477467	a7	a14	a23	7
13	1.48537040865681	a7	a14
12	1.48539564204669	a7	a14	a23	9
13	1.4854412695462	a7	a14
12	1.48548136643971	a7	a14	a23	11
13	1.48551800670447	a7	a14
12	1.48554358575723	a7	a14	a23	13
13	1.48557711505611	a7	a14
12	1.48562274255562	a7	a14	a23	15
13	1.48565108691138	a7	a14
12	1.48592865420008	a7	a14	a29	0
13	1.48607936321362	a7	a14
12	1.48610909022088	a7	a14	a29	1
13	1.48619446895103	a7	a14
12	1.48622626993554	a7	a14	a29	2
13	1.48630438974531	a7	a14
12	1.48633169711244	a7	a14	a29	3
13	1.48642986536897	a7	a14
12	1.48645924671335	a7	a14	a29	4
13	1.48667252070729	a7	a14
12	1.48670086506305	a7	a14	a29	5
13	1.48678002186144	a7	a14
12	1.48681182284595	a7	a14	a29	7
13	1.48689512759885	a7	a14
12	1.48693522449236	a7	a14	a29	9
13	1.48700608538175	a7	a14
12	1.48704825625252	a7	a14	a29	12
13	1.48712637606229	a7	a14
12	1.48715575740667	a7	a14	a29	15
13	1.48725081469732	a7	a14
12	1.48821417713021	a7	a14	a21	0
13	1.48829333392861	a7	a14
12	1.48831649334124	a7	a14	a21	2
13	1.48845061053678	a7	a14
12	1.48905517490532	a7	a14	a31	0
13	1.48942537984454	a7	a14
12	1.48945303287455	a7	a14	a31	1
13	1.4896313949181	a7	a14
12	1.48965973927386	a7	a14	a31	3
13	1.4898201268479	a7	a14
12	1.48986437169591	a7	a14	a31	7
13	1.49002475926996	a7	a14
12	1.49005552326584	a7	a14	a31	9
13	1.49021591083988	a7	a14
12	1.4902643036424	a7	a14	a31	13
13	1.49041950627332	a7	a14
12	1.4914481989896	a7	a14	a59	0
13	1.49150730734124	a7	a14
12	1.4915315037425	a7	a14	a59	1
13	1.49157160063601	a7	a14
12	1.49159717968876	a7	a14	a59	2
13	1.49178487462994	a7	a14
12	1.49188200589784	a7	a14	a59	7
13	1.49191899182548	a7	a14
12	1.49196219968486	a7	a14	a59	9
13	1.49199261801787	a7	a14
12	1.49205276335814	a7	a14	a59	13
13	1.49208974928577	a7	a14
12	1.49212777220203	a7	a14	a59	15
13	1.49216061017517	a7	a14
12	1.49507281989784	a7	a14	a35	0
13	1.49513815018123	a7	a14
12	1.49517824707475	a7	a14	a35	2
13	1.49521626999101	a7	a14
12	1.4954800107647	a7	a14	a37	0
13	1.49589999115794	a7	a14
12	1.49598122193359	a7	a14	a37	3
13	1.49659650185126	a7	a14
12	1.50091002886957	a7	a14	a39	0
13	1.5009428668427	a7	a14
12	1.50096395227808	a7	a14	a39	1
13	1.501135746727	a7	a14
12	1.50116443674564	a7	a14	a39	2
13	1.50120764460502	a7	a14
12	1.50162244005514	a7	a14	a41	0
13	1.50204242044838	a7	a14
12	1.50207387577001	a7	a14	a41	1
13	1.50271853703206	a7	a14
12	1.53927964499372	a7	a14	a23	0
13	1.53932700080761	a7	a14
12	1.53937262830712	a7	a14	a23	2
13	1.53940408362875	a7	a14
12	1.53944625449951	a7	a14	a23	4
13	1.53948427741577	a7	a14
12	1.5396795769402	a7	a14	a23	5
13	1.53972174781096	a7	a14
12	1.53978604110573	a7	a14	a23	13
13	1.53981369413574	a7	a14
12	1.54376323814657	a7	a14	a25	0
13	1.5439709815345	a7	a14
12	1.54400693047351	a7	a14	a25	2
13	1.54408401329466	a7	a14
12	1.54410820969592	a7	a14	a25	3
13	1.54417561395656	a7	a14
12	1.54435293901148	a7	a14	a27	0
13	1.54450710465378	a7	a14
12	1.54455757143354	a7	a14	a27	3
13	1.54463465425469	a7	a14
12	1.54533427591388	a7	a14	a23	0
13	1.54537748377326	a7	a14
12	1.54539960619727	a7	a14	a23	1
13	1.54543140718178	a7	a14
12	1.54546735612079	a7	a14	a23	2
13	1.54549881144242	a7	a14
12	1.54552300784368	a7	a14	a23	3
13	1.54555377183956	a7	a14
12	1.54557900522945	a7	a14	a23	4
13	1.54561080621395	a7	a14
12	1.54563811358109	a7	a14	a23	5
13	1.54567095155422	a7	a14
12	1.5456961849441	a7	a14	a23	6
13	1.54572349231123	a7	a14
12	1.54575218232987	a7	a14	a23	7
13	1.54578052668563	a7	a14
12	1.54580714272701	a7	a14	a23	8
13	1.54583859804864	a7	a14
12	1.5458627944499	a7	a14	a23	9
13	1.54589252145716	a7	a14
12	1.54591568086979	a7	a14	a23	10
13	1.54610890641697	a7	a14
12	1.54619635912436	a7	a14	a23	15
13	1.54622055552562	a7	a14
12	1.54665539942249	a7	a14	a29	0
13	1.5467967755384	a7	a14
12	1.54682511989416	a7	a14	a29	1
13	1.54689598078356	a7	a14
12	1.54693711466569	a7	a14	a29	2
13	1.54699829699458	a7	a14
12	1.54702560436172	a7	a14	a29	3
13	1.54709750223974	a7	a14
12	1.54712377261824	a7	a14	a29	4
13	1.5473242570858	a7	a14
12	1.54735398409306	a7	a14	a29	5
13	1.54743210390283	a7	a14
12	1.54746044825859	a7	a14	a29	7
13	1.54756794941274	a7	a14
12	1.54767890719565	a7	a14	a29	12
13	1.54776013797129	a7	a14
12	1.54780230884205	a7	a14	a29	14
13	1.54786452815957	a7	a14
12	1.54836988728296	a7	a14	a21	0
13	1.54849778254675	a7	a14
12	1.548521978948	a7	a14	a21	1
13	1.54857693934514	a7	a14
12	1.54860320972365	a7	a14	a21	2
13	1.54866231807529	a7	a14
12	1.54868547748792	a7	a14	a21	3
13	1.54888181400098	a7	a14
12	1.56728732511115	a7	a14	a61	0
13	1.56736544492092	a7	a14
12	1.56738964132218	a7	a14	a61	1
13	1.56742455327256	a7	a14
12	1.56744978666244	a7	a14	a61	2
13	1.56748158764695	a7	a14
12	1.56752272152909	a7	a14	a61	3
13	1.56755417685072	a7	a14
12	1.56759980435024	a7	a14	a61	5
13	1.56762814870599	a7	a14
12	1.56765338209588	a7	a14	a61	6
13	1.56768725705763	a7	a14
12	1.5677294279284	a7	a14	a61	8
13	1.56776019192428	a7	a14
12	1.56779268423454	a7	a14	a61	9
13	1.56797208326671	a7	a14
12	1.5680111431716	a7	a14	a61	11
13	1.56804087017886	a7	a14
12	1.56811345938263	a7	a14	a61	14
13	1.56815563025339	a7	a14
12	1.57063437873069	a7	a14	a45	0
13	1.57068830213921	a7	a14
12	1.57071249854046	a7	a14	a45	1
13	1.57075570639985	a7	a14
12	1.57077886581248	a7	a14	a45	2
13	1.57080962980837	a7	a14
12	1.57083382620962	a7	a14	a45	3
13	1.57100804029867	a7	a14
12	1.57149853591843	a7	a14	a47	0
13	1.57155660728145	a7	a14
12	1.57158184067133	a7	a14	a47	1
13	1.57161571563309	a7	a14
12	1.57164094902297	a7	a14	a47	2
13	1.57167171301885	a7	a14
12	1.57172217979862	a7	a14	a47	3
13	1.57175398078312	a7	a14
12	1.57179511466526	a7	a14	a47	6
13	1.57197658767469	a7	a14
12	1.57201979553407	a7	a14	a47	11
13	1.57206404038208	a7	a14
12	1.57213697524873	a7	a14	a47	14
13	1.57218122009674	a7	a14
12	1.5728438558283	a7	a14	a25	0
13	1.57293372817582	a7	a14
12	1.57295792457708	a7	a14	a25	1
13	1.57315322410151	a7	a14
12	1.57317742050277	a7	a14	a25	2
13	1.57324067680891	a7	a14
12	1.57358668534688	a7	a14	a27	0
13	1.57367448371715	a7	a14
12	1.57369971710703	a7	a14	a27	1
13	1.5737640104018	a7	a14
12	1.57379028078031	a7	a14	a27	2
13	1.5738569937152	a7	a14
12	1.57389156000271	a7	a14	a27	3
13	1.57396138390348	a7	a14
12	1.57468209099805	a7	a14	a47	0
13	1.57471700294844	a7	a14
12	1.57476539575095	a7	a14	a47	1
13	1.57480238167859	a7	a14
12	1.5748424785721	a7	a14	a47	3
13	1.57486978593923	a7	a14
12	1.57490780885549	a7	a14	a47	4
13	1.57494064682862	a7	a14
12	1.57499007661976	a7	a14	a47	6
13	1.57502913652465	a7	a14
12	1.57521060953407	a7	a14	a47	8
13	1.57525934799946	a7	a14
12	1.57533954178648	a7	a14	a47	13
13	1.575387934589	a7	a14
12	1.57542803148251	a7	a14	a47	15
13	1.57545879547839	a7	a14
12	1.57606232285831	a7	a14	a49	0
13	1.57615288653158	a7	a14
12	1.57618779848197	a7	a14	a49	1
13	1.57640625741903	a7	a14
12	1.57643563876341	a7	a14	a49	3
13	1.57651583255043	a7	a14
12	1.57654659654631	a7	a14	a49	5
13	1.57662367936746	a7	a14
12	1.5766731091586	a7	a14	a49	7
13	1.57674811800249	a7	a14
12	1.57677646235825	a7	a14	a49	9
13	1.57685458216802	a7	a14
12	1.57688949411841	a7	a14	a49	11
13	1.57695586139043	a7	a14
12	1.57698558839768	a7	a14	a49	15
13	1.57708583063146	a7	a14
12	1.57851445529423	a7	a14	a51	0
13	1.57862852404301	a7	a14
12	1.57865479442152	a7	a14	a51	1
13	1.57876678919305	a7	a14
12	1.5788480199687	a7	a14	a51	2
13	1.57909689723876	a7	a14
12	1.57912766123465	a7	a14	a51	4
13	1.57923308841155	a7	a14
12	1.57926903735056	a7	a14	a51	6
13	1.57937653850472	a7	a14
12	1.57940488286047	a7	a14	a51	8
13	1.57953485210151	a7	a14
12	1.57960329335078	a7	a14	a51	12
13	1.5802164992912	a7	a14
12	1.58026281811646	a7	a14	a51	13
13	1.58086116055325	a7	a14
12	1.58138034619164	a7	a14	a51	0
13	1.58148888433442	a7	a14
12	1.58151861134168	a7	a14	a51	1
13	1.58165687649172	a7	a14
12	1.5816959363966	a7	a14	a51	3
13	1.58209483135446	a7	a14
12	1.5821442611456	a7	a14	a51	5
13	1.58272774007876	a7	a14
12	1.58276679998365	a7	a14	a51	9
13	1.58347471755184	a7	a14
12	1.58354661542986	a7	a14	a51	13
13	1.58430534544069	a7	a14
12	1.58510313535641	a7	a14	a53	0
13	1.58546504438664	a7	a14
12	1.58551343718915	a7	a14	a53	3
13	1.58655595642044	a7	a14
12	1.58930363061456	a7	a14	a55	0
13	1.59219268092461	a7	a14
12	1.59274781550201	a7	a14	a57	0
13	1.59299047084032	a7	a14
12	1.59301363025296	a7	a14	a57	1
13	1.59317194384975	a7	a14
12	1.59321204074326	a7	a14	a57	3
13	1.59349168200921	a7	a14
12	1.59355701229261	a7	a14	a57	6
13	1.59373641132478	a7	a14
12	1.59378307581292	a7	a14	a57	9
13	1.59398770823497	a7	a14
12	1.59404024899199	a7	a14	a57	12
13	1.59421446308104	a7	a14
12	1.5942566339518	a7	a14	a57	15
13	1.59444467455585	a7	a14
12	1.59481073154057	a7	a14	a53	0
13	1.59507862026877	a7	a14
12	1.59510731028741	a7	a14	a53	1
13	1.595468182329	a7	a14
12	1.59551035319977	a7	a14	a53	3
13	1.59584149823411	a7	a14
12	1.59881834691442	a7	a14	a63	0
13	1.59887641827744	a7	a14
12	1.59890683661045	a7	a14	a63	1
13	1.59893656361771	a7	a14
12	1.59896801893934	a7	a14	a63	2
13	1.5989977459466	a7	a14
12	1.59904199079461	a7	a14	a63	3
13	1.59907240912762	a7	a14
12	1.60015191428654	a7	a14	a65	0
13	1.60022796011906	a7	a14
12	1.6002690940012	a7	a14	a65	1
13	1.60029985799708	a7	a14
12	1.60033891790197	a7	a14	a65	4
13	1.60037555816673	a7	a14
12	1.60040217420811	a7	a14	a65	5
13	1.60044227110162	a7	a14
12	1.60050345343051	a7	a14	a65	7
13	1.60071119681844	a7	a14
12	1.60075440467783	a7	a14	a65	14
13	1.60080314314322	a7	a14
12	1.60143605186752	a7	a14	a25	0
13	1.60150483877966	a7	a14
12	1.60152799819229	a7	a14	a25	1
13	1.60158503256668	a7	a14
12	1.60161337692244	a7	a14	a25	2
13	1.60167248527408	a7	a14
12	1.60169564468671	a7	a14	a25	3
13	1.6017526790611	a7	a14
12	1.60216954848847	a7	a14	a27	0
13	1.60226011216174	a7	a14
12	1.60228465422587	a7	a14	a27	1
13	1.60235620644102	a7	a14
12	1.60238385947103	a7	a14	a27	2
13	1.60245541168617	a7	a14
12	1.60248824965931	a7	a14	a27	3
13	1.60255461693132	a7	a14
12	1.60331956887391	a7	a14	a65	0
13	1.60336173974467	a7	a14
12	1.6033945777178	a7	a14	a65	1
13	1.60342845267956	a7	a14
12	1.6034599080012	a7	a14	a65	2
13	1.60349585694021	a7	a14
12	1.60352005334146	a7	a14	a65	3
13	1.6035528913146	a7	a14
12	1.60357812470448	a7	a14	a65	4
13	1.60361303665486	a7	a14
12	1.60363723305612	a7	a14	a65	5
13	1.60388749297769	a7	a14
12	1.60391168937895	a7	a14	a65	6
13	1.6039441816892	a7	a14
12	1.60396976074196	a7	a14	a65	8
13	1.60400329004085	a7	a14
12	1.60404338693436	a7	a14	a65	10
13	1.60408797744524	a7	a14
12	1.60411321083513	a7	a14	a65	12
13	1.60414466615676	a7	a14
12	1.60417335617539	a7	a14	a65	14
13	1.60420826812578	a7	a14
12	1.60457639908775	a7	a14	a67	0
13	1.60472952774142	a7	a14
12	1.60477688355531	a7	a14	a67	1
13	1.60485707734233	a7	a14
12	1.60489198929271	a7	a14	a67	2
13	1.60496146753061	a7	a14
12	1.60499119453787	a7	a14	a67	3
13	1.60506378374164	a7	a14
12	1.60509247376027	a7	a14	a67	4
13	1.6053002171482	a7	a14
12	1.60532752451533	a7	a14	a67	6
13	1.60539838540473	a7	a14
12	1.60542569277186	a7	a14	a67	7
13	1.60549240570675	a7	a14
12	1.60553976152064	a7	a14	a67	9
13	1.60561165939866	a7	a14
12	1.6056527932808	a7	a14	a67	13
13	1.6057360980337	a7	a14
12	1.60577515793858	a7	a14	a67	15
13	1.60584774714235	a7	a14
12	1.60718891909772	a7	a14	a31	0
13	1.60744643793967	a7	a14
12	1.60748446085593	a7	a14	a31	1
13	1.60764588541859	a7	a14
12	1.60767008181985	a7	a14	a31	2
13	1.60798152407031	a7	a14
12	1.60800572047157	a7	a14	a31	4
13	1.60816403406836	a7	a14
12	1.60818926745824	a7	a14	a31	6
13	1.6083856039713	a7	a14
12	1.60843088580794	a7	a14	a31	10
13	1.60861339580599	a7	a14
12	1.60864623377912	a7	a14	a31	12
13	1.60880558436454	a7	a14
12	1.60883081775442	a7	a14	a31	15
13	1.60900917979797	a7	a14
12	1.60970361651403	a7	a14	a21	0
13	1.60977413174055	a7	a14
12	1.60979832814181	a7	a14	a21	1
13	1.60998947971174	a7	a14
12	1.6100178240675	a7	a14	a21	2
13	1.61007485844189	a7	a14
12	1.61065315243192	a7	a14	a69	0
13	1.61071329777219	a7	a14
12	1.61073956815069	a7	a14	a69	1
13	1.61076929515795	a7	a14
12	1.61079556553646	a7	a14	a69	2
13	1.61083151447547	a7	a14
12	1.61085571087673	a7	a14	a69	3
13	1.61089165981574	a7	a14
12	1.61091481922837	a7	a14	a69	4
13	1.61094662021288	a7	a14
12	1.61111011875279	a7	a14	a69	5
13	1.61114917865768	a7	a14
12	1.61117441204756	a7	a14	a69	7
13	1.61120932399795	a7	a14
12	1.61123766835371	a7	a14	a69	9
13	1.61127050632684	a7	a14
12	1.6112947027281	a7	a14	a69	10
13	1.61133168865573	a7	a14
12	1.6113876860415	a7	a14	a69	12
13	1.61141395642	a7	a14
12	1.61145820126802	a7	a14	a69	14
13	1.61149207622977	a7	a14
12	1.61400435400596	a7	a14	a35	0
13	1.61405620343723	a7	a14
12	1.61408247381574	a7	a14	a35	1
13	1.61411738576612	a7	a14
12	1.61414158216738	a7	a14	a35	2
13	1.61417753110639	a7	a14
12	1.61420172750764	a7	a14	a35	3
13	1.61423352849215	a7	a14
12	1.61463760839314	a7	a14	a37	0
13	1.61500159140061	a7	a14
12	1.6150489472145	a7	a14	a37	1
13	1.61594179442087	a7	a14
12	1.62063313096166	a7	a14	a39	0
13	1.62068152376417	a7	a14
12	1.62070917679418	a7	a14	a39	1
13	1.62074270609306	a7	a14
12	1.62077865503207	a7	a14	a39	2
13	1.62081252999383	a7	a14
12	1.62084847893284	a7	a14	a39	3
13	1.62088200823173	a7	a14
12	1.62142331629412	a7	a14	a41	0
13	1.62186438212274	a7	a14
12	1.62193420602351	a7	a14	a41	2
13	1.62268222048522	a7	a14
12	1.67874493653397	a7	a14	a23	0
13	1.67886972083188	a7	a14
12	1.67889495422176	a7	a14	a23	1
13	1.67892537255477	a7	a14
12	1.67896235848241	a7	a14	a23	2
13	1.67899727043279	a7	a14
12	1.67902146683405	a7	a14	a23	3
13	1.67905430480718	a7	a14
12	1.6791248200337	a7	a14	a23	4
13	1.67915662101821	a7	a14
12	1.67919671791172	a7	a14	a23	6
13	1.67922955588485	a7	a14
12	1.67925686325199	a7	a14	a23	7
13	1.67928624459637	a7	a14
12	1.67931286063775	a7	a14	a23	8
13	1.67933913101626	a7	a14
12	1.67952682595744	a7	a14	a23	11
13	1.67956381188507	a7	a14
12	1.67964504266072	a7	a14	a23	15
13	1.67968099159973	a7	a14
12	1.68027311210477	a7	a14	a25	0
13	1.68034673829716	a7	a14
12	1.68037439132717	a7	a14	a25	1
13	1.68042693208418	a7	a14
12	1.68045458511419	a7	a14	a25	2
13	1.68051369346583	a7	a14
12	1.68053788986709	a7	a14	a25	3
13	1.68072662179689	a7	a14
12	1.68125755997304	a7	a14	a27	0
13	1.68132807519956	a7	a14
12	1.68135469124094	a7	a14	a27	1
13	1.68142209550158	a7	a14
12	1.68144525491421	a7	a14	a27	2
13	1.68151162218623	a7	a14
12	1.68153927521624	a7	a14	a27	3
13	1.68174183366104	a7	a14
12	1.68219672600467	a7	a14	a23	0
13	1.68222714433768	a7	a14
12	1.68225237772756	a7	a14	a23	1
13	1.68228625268932	a7	a14
12	1.6823114860792	a7	a14	a23	2
13	1.68234017609783	a7	a14
12	1.68236540948771	a7	a14	a23	3
13	1.68239824746085	a7	a14
12	1.68241933289623	a7	a14	a23	4
13	1.68245078821786	a7	a14
12	1.68247740425925	a7	a14	a23	5
13	1.6825016006605	a7	a14
12	1.68266717317767	a7	a14	a23	6
13	1.68270001115081	a7	a14
12	1.68272317056344	a7	a14	a23	8
13	1.68275462588507	a7	a14
12	1.68278746385821	a7	a14	a23	9
13	1.68282237580859	a7	a14
12	1.68284657220985	a7	a14	a23	11
13	1.68288044717161	a7	a14
12	1.68292365503099	a7	a14	a23	13
13	1.68295303637538	a7	a14
12	1.68298068940538	a7	a14	a23	15
13	1.68301318171564	a7	a14
12	1.68339617618125	a7	a14	a29	0
13	1.68355552676667	a7	a14
12	1.68358525377392	a7	a14	a29	1
13	1.6836716694927	a7	a14
12	1.68370139649996	a7	a14	a29	2
13	1.68377605968098	a7	a14
12	1.68380474969961	a7	a14	a29	3
13	1.68403150454567	a7	a14
12	1.68406330553018	a7	a14	a29	5
13	1.68415283221483	a7	a14
12	1.68417806560471	a7	a14	a29	6
13	1.68425307444861	a7	a14
12	1.68428591242174	a7	a14	a29	8
13	1.68437751308364	a7	a14
12	1.6844072400909	a7	a14	a29	10
13	1.68449261882105	a7	a14
12	1.68457488658532	a7	a14	a29	13
13	1.68465715434959	a7	a14
12	1.70972531737722	a7	a14	a21	0
13	1.70980965911874	a7	a14
12	1.70983178154275	a7	a14	a21	1
13	1.70988985290576	a7	a14
12	1.70991404930702	a7	a14	a21	2
13	1.70997108368141	a7	a14
12	1.70999631707129	a7	a14	a21	3
13	1.71005231445706	a7	a14
12	1.71059051155358	a7	a14	a71	0
13	1.71068556884423	a7	a14
12	1.71071183922274	a7	a14	a71	1
13	1.71075712105938	a7	a14
12	1.71078684806664	a7	a14	a71	2
13	1.71083627785777	a7	a14
12	1.71086704185366	a7	a14	a71	3
13	1.71090160814117	a7	a14
12	1.71356805155965	a7	a14	a35	0
13	1.71363269051729	a7	a14
12	1.71365999788442	a7	a14	a35	1
13	1.71369283585756	a7	a14
12	1.71371703225881	a7	a14	a35	2
13	1.71374330263732	a7	a14
12	1.71377302964458	a7	a14	a35	3
13	1.71380448496621	a7	a14
12	1.71429428926022	a7	a14	a37	0
13	1.71461921236281	a7	a14
12	1.71464548274132	a7	a14	a37	1
13	1.71510970798257	a7	a14
12	1.71520995021635	a7	a14	a37	3
13	1.71557082225795	a7	a14
12	1.7204847656903	a7	a14	a39	0
13	1.72053765211019	a7	a14
12	1.72056288550007	a7	a14	a39	2
13	1.7205957234732	a7	a14
12	1.72061784589721	a7	a14	a39	3
13	1.72064964688172	a7	a14
12	1.72082455229651	a7	a14	a41	0
13	1.72131435659052	a7	a14
12	1.72137657590804	a7	a14	a41	3
13	1.72196523978433	a7	a14
12	1.78500723494412	a7	a14	a45	0
13	1.78505044280351	a7	a14
12	1.78508086113651	a7	a14	a45	1
13	1.7851116251324	a7	a14
12	1.78513582153365	a7	a14	a45	2
13	1.78531522056583	a7	a14
12	1.78534909552759	a7	a14	a45	3
13	1.78537743988335	a7	a14
12	1.7858513436851	a7	a14	a47	0
13	1.78590181046486	a7	a14
12	1.7859305004835	a7	a14	a47	1
13	1.78595780785063	a7	a14
12	1.78598200425189	a7	a14	a47	2
13	1.78601691620227	a7	a14
12	1.7860400756149	a7	a14	a47	3
13	1.78607291358804	a7	a14
12	1.78609814697792	a7	a14	a47	4
13	1.78612130639055	a7	a14
12	1.78628376794184	a7	a14	a47	5
13	1.78632490182398	a7	a14
12	1.78635566581986	a7	a14	a47	7
13	1.78639991066788	a7	a14
12	1.78642860068651	a7	a14	a47	8
13	1.78645590805364	a7	a14
12	1.7864842524094	a7	a14	a47	9
13	1.78651709038253	a7	a14
12	1.78654128678379	a7	a14	a47	11
13	1.78657412475692	a7	a14
12	1.78659832115818	a7	a14	a47	13
13	1.78663012214269	a7	a14
12	1.7866743669907	a7	a14	a47	15
13	1.78671238990696	a7	a14
12	1.787290683897	a7	a14	a25	0
13	1.78736534707802	a7	a14
12	1.7873919631194	a7	a14	a25	1
13	1.78745107147104	a7	a14
12	1.78747837883817	a7	a14	a25	2
13	1.78753748718981	a7	a14
12	1.7875627205797	a7	a14	a25	3
13	1.78761975495409	a7	a14
12	1.78807568428634	a7	a14	a27	0
13	1.78816935892549	a7	a14
12	1.78819701195549	a7	a14	a27	1
13	1.78826441621614	a7	a14
12	1.78828964960602	a7	a14	a27	2
13	1.78836051049541	a7	a14
12	1.78838366990805	a7	a14	a27	3
13	1.78845556778607	a7	a14
12	1.78920980417952	a7	a14	a47	0
13	1.78924367914128	a7	a14
12	1.78926891253116	a7	a14	a47	1
13	1.78929967652705	a7	a14
12	1.78932594690555	a7	a14	a47	2
13	1.78935982186731	a7	a14
12	1.78938401826857	a7	a14	a47	3
13	1.78941789323033	a7	a14
12	1.78944208963159	a7	a14	a47	4
13	1.78946939699872	a7	a14
12	1.78949808701735	a7	a14	a47	5
13	1.78952539438448	a7	a14
12	1.78955062777437	a7	a14	a47	6
13	1.78958242875887	a7	a14
12	1.78960662516013	a7	a14	a47	7
13	1.78963738915601	a7	a14
12	1.78966054856865	a7	a14	a47	8
13	1.7898430585667	a7	a14
12	1.78986621797933	a7	a14	a47	9
13	1.78989801896384	a7	a14
12	1.78992428934234	a7	a14	a47	11
13	1.78995712731548	a7	a14
12	1.78998236070536	a7	a14	a47	12
13	1.79001174204974	a7	a14
12	1.79004043206837	a7	a14	a47	14
13	1.79010368837452	a7	a14
12	1.79042653749986	a7	a14	a49	0
13	1.79053300166538	a7	a14
12	1.79056272867264	a7	a14	a49	1
13	1.79064395944829	a7	a14
12	1.79067230380405	a7	a14	a49	2
13	1.79075042361382	a7	a14
12	1.79078222459833	a7	a14	a49	3
13	1.7908506658476	a7	a14
12	1.79087935586623	a7	a14	a49	4
13	1.79108191431104	a7	a14
12	1.79111440662129	a7	a14	a49	6
13	1.79120220499157	a7	a14
12	1.7912295123587	a7	a14	a49	7
13	1.79130244722535	a7	a14
12	1.79133182856973	a7	a14	a49	9
13	1.7914016524705	a7	a14
12	1.79142792284901	a7	a14	a49	11
13	1.79149636409827	a7	a14
12	1.79154095460916	a7	a14	a49	13
13	1.79160939585843	a7	a14
12	1.79300656519956	a7	a14	a51	0
13	1.79311614033097	a7	a14
12	1.7931448303496	a7	a14	a51	1
13	1.79325129451513	a7	a14
12	1.79327860188226	a7	a14	a51	2
13	1.7935222942092	a7	a14
12	1.79355513218234	a7	a14	a51	4
13	1.79367542286287	a7	a14
12	1.79370273023	a7	a14	a51	5
13	1.79383373645967	a7	a14
12	1.79386761142142	a7	a14	a51	7
13	1.79399619801096	a7	a14
12	1.79402350537809	a7	a14	a51	9
13	1.79415865956225	a7	a14
12	1.79425267986428	a7	a14	a51	13
13	1.79493951199709	a7	a14
12	1.795520916953	a7	a14	a51	0
13	1.79564328161079	a7	a14
12	1.7956792305498	a7	a14	a51	1
13	1.79581334774533	a7	a14
12	1.79598721617151	a7	a14	a51	2
13	1.7961372338593	a7	a14
12	1.79618355268456	a7	a14	a51	5
13	1.79644936743551	a7	a14
12	1.79650536482127	a7	a14	a51	8
13	1.79708158483406	a7	a14
12	1.79714173017432	a7	a14	a51	12
13	1.79785932630302	a7	a14
12	1.7989713237722	a7	a14	a53	0
13	1.79937436668456	a7	a14
12	1.79940513068044	a7	a14	a53	3
13	1.80026410292505	a7	a14
12	1.80338094506978	a7	a14	a55	0
13	1.80639685365499	a7	a14
12	1.80682720393448	a7	a14	a57	0
13	1.80706467432967	a7	a14
12	1.80709301868543	a7	a14	a57	1
13	1.80724822131634	a7	a14
12	1.80731147762249	a7	a14	a57	4
13	1.80763985735383	a7	a14
12	1.80768617617909	a7	a14	a57	8
13	1.80786661219989	a7	a14
12	1.80791189403653	a7	a14	a57	11
13	1.80811341549271	a7	a14
12	1.8081621539581	a7	a14	a57	15
13	1.80831597393751	a7	a14
12	1.80886592357179	a7	a14	a53	0
13	1.80911168987598	a7	a14
12	1.80914349086049	a7	a14	a53	1
13	1.80950747386796	a7	a14
12	0.344549494974133	a7	a15	a19	1
13	0.344715067491304	a7	a15
12	0.415649583078136	a7	a15	a23	13
13	0.415770910747294	a7	a15
12	0.419489551957564	a7	a15	a23	7
13	0.419640260971105	a7	a15
12	0.421085823114752	a7	a15	a29	8
13	0.421345415933948	a7	a15
12	0.42142560972097	a7	a15	a29	15
13	0.421521704000246	a7	a15
12	0.423803078975872	a7	a15	a31	2
13	0.424480578211058	a7	a15
12	0.424564919952581	a7	a15	a31	12
13	0.424759182488384	a7	a15
12	0.427277682196325	a7	a15	a33	15
13	0.427432884827243	a7	a15
12	0.440089676661715	a7	a15	a41	1
13	0.441064791632357	a7	a15
12	0.502561673740475	a7	a15	a43	3
13	0.502740035784024	a7	a15
12	0.510728996153216	a7	a15	a25	3
13	0.510938813518398	a7	a15
12	0.513334257242805	a7	a15	a47	15
13	0.513412377052577	a7	a15
12	0.514670935580797	a7	a15	a49	5
13	0.51488420957473	a7	a15
12	0.514997241334886	a7	a15	a49	12
13	0.515096446580039	a7	a15
12	0.518385428836566	a7	a15	a51	7
13	0.519286571951938	a7	a15
12	0.519340149697578	a7	a15	a51	13
13	0.519629469524032	a7	a15
12	0.520759441462717	a7	a15	a51	3
13	0.521807145637129	a7	a15
12	0.521852773136642	a7	a15	a51	8
13	0.522422425554798	a7	a15
12	0.52248568186094	a7	a15	a51	11
13	0.523216067516016	a7	a15
12	0.525377843136859	a7	a15	a53	2
13	0.526889081226773	a7	a15
12	0.534488479535733	a7	a15	a55	2
13	0.53808752139122	a7	a15
12	0.539390670430327	a7	a15	a57	1
12	0.539630214802768	a8	a15	a86	9
13	0.540246531709062	a8	a15
13	0.540289739568449	a7	a15
12	0.540338478033837	a7	a15	a57	7
12	0.540385833847725	a8	a15	a86	9
13	0.540564195891274	a8	a15
13	0.540579059394903	a7	a15
12	0.540649574621423	a7	a15	a57	10
12	0.540701424052687	a8	a15	a86	8
13	0.540854207043479	a8	a15
13	0.540868033558483	a7	a15
12	0.540994546170767	a7	a15	a57	15
12	0.54104017367028	a8	a15	a86	9
13	0.541161501339438	a8	a15
13	0.541170834237066	a7	a15
12	0.552898138600407	a7	a15	a29	11
13	0.553056452197201	a7	a15
12	0.556676925150944	a7	a15	a31	8
13	0.556961751360022	a7	a15
12	0.557057845639298	a7	a15	a31	14
13	0.557226529122345	a7	a15
12	0.56450204131734	a7	a15	a37	2
13	0.565247981801795	a7	a15
12	0.617368758422966	a7	a15	a29	4
13	0.617675707056051	a7	a15
12	0.617826761732467	a7	a15	a29	13
13	0.617912140462615	a7	a15
12	0.640380227343778	a7	a15	a61	1
13	0.640515035865065	a7	a15
12	0.640556169747202	a7	a15	a61	4
13	0.640584859765834	a7	a15
12	0.64062391967072	a7	a15	a61	7
13	0.640655374992354	a7	a15
12	0.640681991033736	a7	a15	a61	8
13	0.640714483343995	a7	a15
12	0.640742136374003	a7	a15	a61	10
13	0.640771517718386	a7	a15
12	0.640795714119642	a7	a15	a61	12
13	0.640830626070027	a7	a15
12	0.640874870918039	a7	a15	a61	14
13	0.640906671902548	a7	a15
12	0.64445109902377	a7	a15	a45	3
13	0.644555489212049	a7	a15
12	0.645838589804401	a7	a15	a47	4
13	0.6459260425118	a7	a15
12	0.646022136791076	a7	a15	a47	8
13	0.646056011752835	a7	a15
12	0.646118231070352	a7	a15	a47	10
13	0.646157290975238	a7	a15
12	0.646394761370428	a7	a15	a47	14
13	0.64643693224119	a7	a15
12	0.651099578763344	a7	a15	a49	11
13	0.651255818382886	a7	a15
12	0.653786070628581	a7	a15	a51	8
13	0.654720051717087	a7	a15
12	0.654783308023229	a7	a15	a51	14
13	0.655116872697695	a7	a15
12	0.656342938915657	a7	a15	a51	6
13	0.657042560574849	a7	a15
12	0.65710166892649	a7	a15	a51	9
13	0.657716603181284	a7	a15
12	0.657768452612548	a7	a15	a51	12
13	0.658308723686321	a7	a15
12	0.659392376799743	a7	a15	a53	1
13	0.660115157871566	a7	a15
12	0.664325331690221	a7	a15	a55	2
13	0.666606706665847	a7	a15
12	0.667861117239566	a7	a15	a57	2
12	0.667999382389604	a8	a15	a86	8
13	0.668157695986398	a8	a15
13	0.668168411535526	a7	a15
12	0.668234778807544	a7	a15	a57	4
12	0.668279023655556	a8	a15	a86	8
13	0.668382376855209	a8	a15
13	0.668396203370213	a7	a15
12	0.66847536016861	a7	a15	a57	9
12	0.668518568027997	a8	a15	a86	9
13	0.668654759200784	a8	a15
13	0.668667548727162	a7	a15
12	0.668707645620673	a7	a15	a57	12
12	0.66874877950281	a8	a15	a86	8
13	0.66884038016471	a8	a15
13	0.668858354634215	a7	a15
12	0.668941659387113	a7	a15	a57	15
12	0.668990397852501	a8	a15	a86	9
13	0.669112762510285	a8	a15
13	0.669123132396537	a7	a15
12	0.677893982189193	a7	a15	a65	14
13	0.677995261411596	a7	a15
12	0.682743632326773	a7	a15	a67	10
13	0.682901945923567	a7	a15
12	0.685078585048039	a7	a15	a31	2
13	0.68550063941853	a7	a15
12	0.685564932713297	a7	a15	a31	8
13	0.685731887881968	a7	a15
12	0.685799292142612	a7	a15	a31	12
13	0.685943779224401	a7	a15
12	0.687242780309008	a7	a15	a21	2
13	0.687428401272933	a7	a15
12	0.688659998096896	a7	a15	a69	8
13	0.688750561770171	a7	a15
12	0.68891198633284	a7	a15	a69	15
13	0.68900082169174	a7	a15
12	0.692515521805704	a7	a15	a37	2
13	0.693298448217794	a7	a15
12	0.698122864965492	a7	a15	a39	3
13	0.698218959244768	a7	a15
12	0.765264076161033	a7	a15	a29	10
13	0.76543483362133	a7	a15
12	0.765529890911981	a7	a15	a29	15
13	0.765614232653504	a7	a15
12	0.804958963748297	a7	a15	a39	2
13	0.805089624315082	a7	a15
12	0.876397801469892	a7	a15	a49	11
13	0.876565447964313	a7	a15
12	0.879084293335129	a7	a15	a51	7
13	0.879606589939397	a7	a15
12	0.879643575867032	a7	a15	a51	14
13	0.880306211598589	a7	a15
12	0.881583090259189	a7	a15	a51	8
13	0.882310019285514	a7	a15
12	0.882405076576165	a7	a15	a51	11
13	0.883000999372828	a7	a15
12	0.883051811815467	a7	a15	a51	15
13	0.883366365031803	a7	a15
12	0.889033507868983	a7	a15	a55	2
13	0.891351868772244	a7	a15
12	0.892658128777227	a7	a15	a57	3
12	0.892791208984139	a8	a15	a86	9
13	0.893010704909824	a8	a15
13	0.893023148773327	a7	a15
12	0.893083294113594	a7	a15	a57	8
12	0.89312442799573	a8	a15	a86	8
13	0.893242644699012	a8	a15
13	0.893259582179892	a7	a15
12	0.893360861402295	a7	a15	a57	12
12	0.893453844715695	a8	a15	a86	8
13	0.893553049960848	a8	a15
13	0.8935634198471	a7	a15
12	0.894686132865408	a7	a15	a53	2
13	0.895985133950015	a7	a15
12	0.911358144656981	a7	a15	a21	2
13	0.911480509314765	a7	a15
12	0.911503668727396	a7	a15	a21	3
13	0.91155551815866	a7	a15
12	0.917664763813086	a7	a15	a23	7
13	0.917791622088246	a7	a15
12	0.917850730439887	a7	a15	a23	9
13	0.917892901310649	a7	a15
12	0.91795200966229	a7	a15	a23	11
13	0.917993143544426	a7	a15
12	0.91806054780507	a7	a15	a23	14
13	0.91809649674408	a7	a15
12	0.919308736447037	a7	a15	a25	3
13	0.91950299898284	a7	a15
12	0.921528929093771	a7	a15	a23	8
13	0.92161430782392	a7	a15
12	0.921666157255184	a7	a15	a23	9
13	0.921692427633691	a7	a15
12	0.921749462008082	a7	a15	a23	12
13	0.921780226003965	a7	a15
12	0.921855926173611	a7	a15	a23	14
13	0.92188980113537	a7	a15
12	0.923004218244676	a7	a15	a29	5
13	0.923159075212718	a7	a15
12	0.923232010079363	a7	a15	a29	9
13	0.923324993392764	a7	a15
12	0.923396545607908	a7	a15	a29	12
13	0.923475702406305	a7	a15
12	0.923566611742455	a7	a15	a29	15
13	0.923653027461229	a7	a15
12	0.924831737865302	a7	a15	a31	4
13	0.925158734945142	a7	a15
12	0.92526105115617	a7	a15	a31	8
13	0.925411068843961	a7	a15
12	0.925473288161478	a7	a15	a31	11
13	0.925635749712773	a7	a15
12	0.925701079996166	a7	a15	a31	14
13	0.925997658742997	a7	a15
12	0.927428357383014	a7	a15	a33	11
13	0.927546574086297	a7	a15
12	0.932220973146204	a7	a15	a37	2
13	0.933095845883069	a7	a15
12	0.93997350010883	a7	a15	a41	1
13	0.940612976427756	a7	a15
12	1.00384266652872	a7	a15	a47	15
13	1.00393426719062	a7	a15
12	1.00899511734489	a7	a15	a49	8
13	1.00916483781656	a7	a15
12	1.00923569870595	a7	a15	a49	15
13	1.00934008889423	a7	a15
12	1.01170891657726	a7	a15	a51	9
13	1.01239367473282	a7	a15
12	1.01345002047911	a7	a15	a51	2
13	1.01413685261192	a7	a15
12	1.01417902348268	a7	a15	a51	8
13	1.01485444874062	a7	a15
12	1.01492945758452	a7	a15	a51	12
13	1.01542755778753	a7	a15
12	1.02175422539039	a7	a15	a55	3
13	1.02439232445311	a7	a15
12	1.02572589182523	a7	a15	a57	4
12	1.02599931115943	a8	a15	a86	8
13	1.02630211183801	a8	a15
13	1.02631386437576	a7	a15
12	1.0264521295258	a7	a15	a57	11
12	1.02652264475232	a8	a15	a86	9
13	1.02664604639873	a8	a15
13	1.02665779893648	a7	a15
12	1.02780056040155	a7	a15	a53	1
13	1.02853371135962	a7	a15
12	1.03212791393486	a7	a15	a23	7
13	1.03222815616864	a7	a15
12	1.03230178236103	a7	a15	a23	12
13	1.03233358334554	a7	a15
12	1.03242967762482	a7	a15	a23	14
13	1.03247184849558	a7	a15
12	1.03610891326732	a7	a15	a23	15
13	1.03617562620222	a7	a15
12	1.03746494872632	a7	a15	a29	11
13	1.03761911436861	a7	a15
12	1.03890739990409	a7	a15	a21	2
13	1.03905499795176	a7	a15
12	1.04036678856274	a7	a15	a31	6
13	1.04057453195067	a7	a15
12	1.04063675126819	a7	a15	a31	10
13	1.04080889137999	a7	a15
12	1.04087422166338	a7	a15	a31	15
13	1.04105465768418	a7	a15
12	1.04232704272741	a7	a15	a59	4
13	1.04245079003669	a7	a15
12	1.04252752719496	a7	a15	a59	8
13	1.0425824875921	a7	a15
12	1.04265231149287	a7	a15	a59	11
13	1.04268584079175	a7	a15
12	1.04271764177626	a7	a15	a59	13
13	1.04275359071527	a7	a15
12	1.04277986109378	a7	a15	a59	15
13	1.04281788401004	a7	a15
12	1.05334954048843	a7	a15	a41	1
13	1.05432465545907	a7	a15
12	1.09099844951801	a7	a15	a23	4
13	1.09111770320991	a7	a15
12	1.09116298504655	a7	a15	a23	5
13	1.0913413470901	a7	a15
12	1.09147131633114	a7	a15	a23	12
13	1.09151659816777	a7	a15
12	1.09873300201113	a7	a15	a23	15
13	1.09878139481364	a7	a15
12	1.10008039589825	a7	a15	a29	9
13	1.10025253601004	a7	a15
12	1.10033065581982	a7	a15	a29	15
13	1.10041188659546	a7	a15
12	1.12551565289922	a7	a15	a47	4
13	1.125593772709	a7	a15
12	1.12565702901514	a7	a15	a47	8
13	1.12568744734815	a7	a15
12	1.12573307484766	a7	a15	a47	9
13	1.12576867812379	a7	a15
12	1.1257963311538	a7	a15	a47	11
13	1.12582882346406	a7	a15
12	1.1259017583307	a7	a15	a47	15
13	1.12597365620872	a7	a15
12	1.13077145691504	a7	a15	a49	10
13	1.13089174759557	a7	a15
12	1.13100996429886	a7	a15	a49	15
13	1.13110813255538	a7	a15
12	1.13349389771929	a7	a15	a51	10
13	1.13415757043947	a7	a15
12	1.13419766733298	a7	a15	a51	13
13	1.13504592402846	a7	a15
12	1.13629307568181	a7	a15	a51	7
13	1.13690835559947	a7	a15
12	1.13699926493562	a7	a15	a51	10
13	1.13752570949439	a7	a15
12	1.13759518773229	a7	a15	a51	13
13	1.13821772657033	a7	a15
12	1.13927199833937	a7	a15	a53	1
13	1.14046972020158	a7	a15
12	1.14389800459677	a7	a15	a55	1
13	1.14627409120017	a7	a15
12	1.14752573647089	a7	a15	a57	3
12	1.14765432306042	a8	a15	a86	9
13	1.1478516965621	a8	a15
13	1.14786206644835	a7	a15
12	1.14793707529225	a7	a15	a57	6
12	1.14798685074626	a8	a15	a86	8
13	1.14810264780942	a8	a15
13	1.14811751131305	a7	a15
12	1.14817558267606	a7	a15	a57	9
12	1.14822190150133	a8	a15	a86	9
13	1.14832663735248	a8	a15
13	1.14834115519323	a7	a15
12	1.14840026354488	a7	a15	a57	13
12	1.14844900201026	a8	a15	a86	9
13	1.14859660005793	a8	a15
13	1.14861042657293	a7	a15
12	1.14993466104742	a7	a15	a53	3
13	1.15040614520905	a7	a15
12	1.1553297672019	a7	a15	a65	4
13	1.15540373905717	a7	a15
12	1.15546492138606	a7	a15	a65	7
13	1.15549741369632	a7	a15
12	1.15555755903659	a7	a15	a65	10
13	1.15558832303247	a7	a15
12	1.15563256788048	a7	a15	a65	13
13	1.15566644284224	a7	a15
12	1.15571690962201	a7	a15	a65	15
13	1.15574871060652	a7	a15
12	1.160703787921	a7	a15	a67	11
13	1.16085242295729	a7	a15
12	1.1633449979496	a7	a15	a31	7
13	1.16364779862818	a7	a15
12	1.16372695542658	a7	a15	a31	13
13	1.16393469881451	a7	a15
12	1.1665399599041	a7	a15	a69	13
13	1.16662637562288	a7	a15
12	1.16906917516117	a7	a15	a35	2
13	1.16914314701644	a7	a15
12	1.17037025022303	a7	a15	a37	2
13	1.17116492917287	a7	a15
12	1.2342508235178	a7	a15	a23	13
13	1.23434173285395	a7	a15
12	1.23917133454477	a7	a15	a29	11
13	1.23932100656969	a7	a15
12	1.26869405504375	a7	a15	a35	3
13	1.26878392739127	a7	a15
12	1.26997508165885	a7	a15	a37	3
13	1.27089523623235	a7	a15
12	1.34180762939518	a7	a15	a47	13
13	1.34189439077683	a7	a15
12	1.34448064040828	a7	a15	a47	4
13	1.34455530358931	a7	a15
12	1.3446261644787	a7	a15	a47	8
13	1.34466211341771	a7	a15
12	1.34475578805686	a7	a15	a47	12
13	1.34478758904137	a7	a15
12	1.34481178544263	a7	a15	a47	14
13	1.34484462341576	a7	a15
12	1.3459808172862	a7	a15	a49	5
13	1.3462722110899	a7	a15
12	1.34636623139193	a7	a15	a49	12
13	1.34645783205383	a7	a15
12	1.34869185121557	a7	a15	a51	6
13	1.34968355800421	a7	a15
12	1.34976582576848	a7	a15	a51	13
13	1.35054356723745	a7	a15
12	1.3518266678298	a7	a15	a51	5
13	1.35260855725326	a7	a15
12	1.35267492452528	a7	a15	a51	11
13	1.35325218152669	a7	a15
12	1.35331854879871	a7	a15	a51	15
13	1.35368391445768	a7	a15
12	1.35936799477574	a7	a15	a55	2
13	1.36170433014851	a7	a15
12	1.36296738229411	a7	a15	a57	4
12	1.36309389490639	a8	a15	a86	8
13	1.36328158984757	a8	a15
13	1.36329956431707	a7	a15
12	1.36337457316097	a7	a15	a57	8
12	1.36341778102035	a8	a15	a86	8
13	1.36353288675776	a8	a15
13	1.36354671327276	a7	a15
12	1.36363727694604	a7	a15	a57	11
12	1.36368152179405	a8	a15	a86	9
13	1.36382739152734	a8	a15
13	1.36386748842085	a7	a15
12	1.3651505890132	a7	a15	a53	2
13	1.36565698512522	a7	a15
12	1.37260861120625	a7	a15	a21	3
13	1.37275102431079	a7	a15
12	1.37400024994138	a7	a15	a23	5
13	1.37409427024341	a7	a15
12	1.37416582245855	a7	a15	a23	8
13	1.37419969742031	a7	a15
12	1.37426917565821	a7	a15	a23	10
13	1.37431480315772	a7	a15
12	1.37436734391473	a7	a15	a23	12
13	1.37439707092199	a7	a15
12	1.3745996293668	a7	a15	a23	14
13	1.37463661529443	a7	a15
12	1.37958201404841	a7	a15	a29	13
13	1.37968225628219	a7	a15
12	1.38108046261195	a7	a15	a31	4
13	1.38136632580965	a7	a15
12	1.38151530650882	a7	a15	a31	10
13	1.38168087902599	a7	a15
12	1.38178734319152	a7	a15	a31	15
13	1.38194565678831	a7	a15
12	1.38321735050579	a7	a15	a33	5
13	1.3832698912628	a7	a15
12	1.38338396001158	a7	a15	a33	10
13	1.38343131582547	a7	a15
12	1.38781570373317	a7	a15	a37	1
13	1.38887827141121	a7	a15
12	1.39438952029172	a7	a15	a41	1
13	1.39509017893954	a7	a15
12	1.46066450032228	a7	a15	a49	12
13	1.46081728331307	a7	a15
12	1.46332022819163	a7	a15	a51	9
13	1.46415396704636	a7	a15
12	1.46519233832315	a7	a15	a51	2
13	1.46575023820355	a7	a15
12	1.46581695113844	a7	a15	a51	7
13	1.46653765823301	a7	a15
12	1.46660609948228	a7	a15	a51	11
13	1.46726977220247	a7	a15
12	1.467390062883	a7	a15	a51	15
13	1.46753904358216	a7	a15
12	1.47191064196349	a7	a15	a55	1
13	1.47438593381204	a7	a15
12	1.47664103840916	a7	a15	a57	9
12	1.4767084426698	a8	a15	a86	9
13	1.47684463384259	a8	a15
13	1.47686157132347	a7	a15
12	1.47690166821698	a7	a15	a57	14
12	1.47694591306499	a8	a15	a86	8
13	1.47709247412403	a8	a15
13	1.47711148558216	a7	a15
12	1.48189476844773	a7	a15	a23	4
13	1.48199397369288	a7	a15
12	1.48205515602177	a7	a15	a23	9
13	1.48208557435478	a7	a15
12	1.48214260872917	a7	a15	a23	12
13	1.48217337272505	a7	a15
12	1.48222798745932	a7	a15	a23	15
13	1.4822587514552	a7	a15
12	1.48711358653591	a7	a15	a29	13
13	1.48724874072007	a7	a15
12	1.48978314092027	a7	a15	a31	5
13	1.49008594159885	a7	a15
12	1.490198973359	a7	a15	a31	12
13	1.4903752614253	a7	a15
12	1.49171954434655	a7	a15	a59	4
13	1.49180803404257	a7	a15
12	1.49187129034871	a7	a15	a59	6
13	1.49190309133322	a7	a15
12	1.4920074815215	a7	a15	a59	10
13	1.49205380034676	a7	a15
12	1.49212984617928	a7	a15	a59	14
13	1.49216475812967	a7	a15
12	1.49569328475864	a7	a15	a37	2
13	1.49656158990087	a7	a15
12	1.53935880179211	a7	a15	a23	1
13	1.53950017790803	a7	a15
12	1.53957622374055	a7	a15	a23	7
13	1.53960560508493	a7	a15
12	1.53963740606944	a7	a15	a23	9
13	1.53966782440245	a7	a15
12	1.53970273635283	a7	a15	a23	11
13	1.53973557432597	a7	a15
12	1.53981473112436	a7	a15	a23	14
13	1.53984411246875	a7	a15
12	1.54446389679439	a7	a15	a27	2
13	1.54470447815546	a7	a15
12	1.54601177514906	a7	a15	a23	12
13	1.54610786942834	a7	a15
12	1.54619117418124	a7	a15	a23	14
13	1.5462236664915	a7	a15
12	1.54765885874889	a7	a15	a29	11
13	1.54777189050905	a7	a15
12	1.56807025152324	a7	a15	a61	12
13	1.56811034841675	a7	a15
12	1.57176988127538	a7	a15	a47	5
13	1.57185318602828	a7	a15
12	1.57191022040267	a7	a15	a47	8
13	1.57194063873568	a7	a15
12	1.57197243972018	a7	a15	a47	10
13	1.57200285805319	a7	a15
12	1.57207579291984	a7	a15	a47	12
13	1.57210102630972	a7	a15
12	1.57217292418774	a7	a15	a47	15
13	1.5722012685435	a7	a15
12	1.57482139313672	a7	a15	a47	2
13	1.57490366090099	a7	a15
12	1.57496588021851	a7	a15	a47	5
13	1.57499422457426	a7	a15
12	1.57504814798278	a7	a15	a47	7
13	1.57508202294454	a7	a15
12	1.57513352671293	a7	a15	a47	9
13	1.57516843866331	a7	a15
12	1.57519159807594	a7	a15	a47	10
13	1.57522651002633	a7	a15
12	1.57532364129423	a7	a15	a47	11
13	1.57535198564999	a7	a15
12	1.5755725185643	a7	a15	a47	14
13	1.57562022004106	a7	a15
12	1.57692544305742	a7	a15	a49	12
13	1.57709412654046	a7	a15
12	1.57951895160925	a7	a15	a51	10
13	1.58045811764089	a7	a15
12	1.58053105250753	a7	a15	a51	15
13	1.58094031735164	a7	a15
12	1.58220648046312	a7	a15	a51	6
13	1.58289331259593	a7	a15
12	1.58296832143983	a7	a15	a51	10
13	1.58350651853635	a7	a15
12	1.58358049039162	a7	a15	a51	14
13	1.58418505476016	a7	a15
12	1.5852434744837	a7	a15	a53	2
13	1.58648647818254	a7	a15
12	1.58993895897899	a7	a15	a55	3
13	1.59222033395461	a7	a15
12	1.59352970492547	a7	a15	a57	4
12	1.59358881327711	a8	a15	a86	8
13	1.59371739986665	a8	a15
13	1.59373122638165	a7	a15
12	1.59377028628654	a7	a15	a57	8
12	1.59381142016868	a8	a15	a86	8
13	1.59392548891746	a8	a15
13	1.59393896976959	a7	a15
12	1.59409209842325	a7	a15	a57	13
12	1.59417540317615	a8	a15	a86	9
13	1.59431263133756	a8	a15
13	1.59432542086394	a7	a15
12	1.60032716536421	a7	a15	a65	3
13	1.60041358108299	a7	a15
12	1.60049481185863	a7	a15	a65	6
13	1.60052764983177	a7	a15
12	1.60057949926303	a7	a15	a65	9
13	1.60062892905417	a7	a15
12	1.60065519943268	a7	a15	a65	11
13	1.60068803740581	a7	a15
12	1.60071015982982	a7	a15	a65	13
13	1.60074403479158	a7	a15
12	1.60565590424667	a7	a15	a67	12
13	1.60581940278659	a7	a15
12	1.6082884727034	a7	a15	a31	7
13	1.6085923103706	a7	a15
12	1.60868633067263	a7	a15	a31	13
13	1.60886987765931	a7	a15
12	1.61153839505504	a7	a15	a69	15
13	1.61162826740256	a7	a15
12	1.61511980810389	a7	a15	a37	2
13	1.61607349197628	a7	a15
12	1.62171678407508	a7	a15	a41	1
13	1.62259580476645	a7	a15
12	1.67950055557893	a7	a15	a23	10
13	1.67954376343832	a7	a15
12	1.67962499421396	a7	a15	a23	13
13	1.67965679519847	a7	a15
12	1.68462673601659	a7	a15	a29	15
13	1.68475739658337	a7	a15
12	1.72093551007942	a7	a15	a41	2
13	1.72186396056192	a7	a15
12	1.79157137294217	a7	a15	a49	14
13	1.79175284595159	a7	a15
12	1.79411648869149	a7	a15	a51	12
13	1.79487625569095	a7	a15
12	1.79493847500847	a7	a15	a51	15
13	1.79509471462801	a7	a15
12	1.7963439402586	a7	a15	a51	7
13	1.79703422902017	a7	a15
12	1.79709437436043	a7	a15	a51	11
13	1.79780436590588	a7	a15
12	1.79785932630302	a7	a15	a51	15
13	1.79826651716988	a7	a15
12	1.80350642069344	a7	a15	a55	1
13	1.80600832858338	a7	a15
12	1.80724718432772	a7	a15	a57	2
12	1.80736229006513	a8	a15	a86	8
13	1.80755966356681	a8	a15
13	1.80756795947581	a7	a15
12	1.80761013034657	a7	a15	a57	6
12	1.80765230121733	a8	a15	a86	8
13	1.80778019648112	a8	a15
13	1.80779367733324	a7	a15
12	1.80786039026814	a7	a15	a57	10
12	1.80790982005928	a8	a15	a86	8
13	1.80800695132718	a8	a15
13	1.80802077784218	a7	a15
12	1.80812516803046	a7	a15	a57	13
12	1.80816837588985	a8	a15	a86	9
13	1.80831804791476	a8	a15
13	1.80833498539564	a7	a15
12	1.80964124540063	a7	a15	a53	3
13	1.8099886365901	a7	a15
12	0.344644552264784	a7	a16	a19	3
13	0.344764842945317	a7	a16
12	0.415085115603106	a7	a16	a23	1
13	0.415229602684896	a7	a16
12	0.415275230184408	a7	a16	a23	3
13	0.41531740105517	a7	a16
12	0.415348856376803	a7	a16	a23	5
13	0.415381694349937	a7	a16
12	0.415417643288947	a7	a16	a23	7
13	0.41544702463333	a7	a16
12	0.41551892251135	a7	a16	a23	9
13	0.415546229878482	a7	a16
12	0.415620201733753	a7	a16	a23	12
13	0.415649583078136	a7	a16
12	0.415721480956155	a7	a16	a23	15
13	0.415767799781418	a7	a16
12	0.416879105924848	a7	a16	a25	2
13	0.417013914446135	a7	a16
12	0.418092382616431	a7	a16	a27	2
13	0.418237906686846	a7	a16
12	0.419419728056795	a7	a16	a23	9
13	0.419481947374312	a7	a16
12	0.419591868168592	a7	a16	a23	11
13	0.41963715000523	a7	a16
12	0.420671373327513	a7	a16	a29	2
13	0.420831760901557	a7	a16
12	0.42085906826869	a7	a16	a29	4
13	0.420944446998838	a7	a16
12	0.420998370407353	a7	a16	a29	6
13	0.421076490217124	a7	a16
12	0.421150462072395	a7	a16	a29	10
13	0.421232729836667	a7	a16
12	0.421269715764302	a7	a16	a29	12
13	0.421356131483076	a7	a16
12	0.423238611500842	a7	a16	a31	1
13	0.423815868502251	a7	a16
12	0.423863224316139	a7	a16	a31	5
13	0.424062671795068	a7	a16
12	0.424099657722704	a7	a16	a31	7
13	0.424256934330872	a7	a16
12	0.424291500618381	a7	a16	a31	9
13	0.424466751696054	a7	a16
12	0.424554204403453	a7	a16	a31	11
13	0.424725307526625	a7	a16
12	0.424763330442886	a7	a16	a31	15
13	0.424910928490551	a7	a16
12	0.426870491329464	a7	a16	a33	4
13	0.426963474642864	a7	a16
12	0.426995966953123	a7	a16	a33	7
13	0.427037100835259	a7	a16
12	0.427072012785644	a7	a16	a33	9
13	0.427110035701904	a7	a16
12	0.427140454034913	a7	a16	a33	11
13	0.427178476951173	a7	a16
12	0.427244152897441	a7	a16	a33	13
13	0.427275608219075	a7	a16
12	0.432839743519476	a7	a16	a35	1
13	0.432925122249624	a7	a16
12	0.432960034200009	a7	a16	a35	3
13	0.43300013109352	a7	a16
12	0.434115239528576	a7	a16	a37	2
13	0.434591217307581	a7	a16
12	0.439536961724438	a7	a16	a39	2
13	0.439601255019206	a7	a16
12	0.507546478062218	a7	a16	a45	2
13	0.507643609330119	a7	a16
12	0.508667117103275	a7	a16	a47	1
13	0.50886760157083	a7	a16
12	0.508902513521215	a7	a16	a47	3
13	0.508944684391976	a7	a16
12	0.50901208865262	a7	a16	a47	5
13	0.509041815659878	a7	a16
12	0.509076381947387	a7	a16	a47	8
13	0.509109219920521	a7	a16
12	0.509148279825407	a7	a16	a47	10
13	0.509184228764417	a7	a16
12	0.509218795051926	a7	a16	a47	12
13	0.509253707002311	a7	a16
12	0.509291729918571	a7	a16	a47	14
13	0.509325604880331	a7	a16
12	0.513287592754667	a7	a16	a47	13
13	0.513362601598563	a7	a16
12	0.514422058310729	a7	a16	a49	1
13	0.514571730335645	a7	a16
12	0.514624616755534	a7	a16	a49	4
13	0.514716563080309	a7	a16
12	0.514789152284079	a7	a16	a49	8
13	0.514879024631604	a7	a16
12	0.514985488797133	a7	a16	a49	13
13	0.515077435121908	a7	a16
12	0.517826146304662	a7	a16	a51	1
13	0.518046679218973	a7	a16
12	0.518095072021486	a7	a16	a51	3
13	0.518230226205648	a7	a16
12	0.518265138156033	a7	a16	a51	5
13	0.51839994667732	a7	a16
12	0.518467696600838	a7	a16	a51	8
13	0.518571049800492	a7	a16
12	0.518633269118009	a7	a16	a51	10
13	0.519329779811325	a7	a16
12	0.519419306495974	a7	a16	a51	15
13	0.51973178573506	a7	a16
12	0.520958888941647	a7	a16	a51	5
13	0.521843094576139	a7	a16
12	0.521939188855415	a7	a16	a51	9
13	0.522618762067852	a7	a16
12	0.522670265836241	a7	a16	a51	14
13	0.523303520223415	a7	a16
12	0.525210196642438	a7	a16	a53	1
13	0.525996234020403	a7	a16
12	0.534734245839925	a7	a16	a55	3
13	0.53783449616665	a7	a16
12	0.53982032938407	a7	a16	a57	2
12	0.539931978492726	a8	a16	a86	8
13	0.540328799473335	a8	a16
13	0.540368896366846	a7	a16
12	0.540457731725745	a7	a16	a57	8
12	0.540514420437261	a8	a16	a86	8
13	0.540649574621423	a8	a16
13	0.540678264640056	a7	a16
12	0.540781617839709	a7	a16	a57	13
12	0.54085973764948	a8	a16	a86	9
13	0.541050543556533	a8	a16
13	0.541067481037412	a7	a16
12	0.542251376384612	a7	a16	a53	2
13	0.543059536186584	a7	a16
12	0.547616064206084	a7	a16	a23	3
13	0.547666530985847	a7	a16
12	0.547703516913483	a7	a16	a23	6
13	0.54773186126924	a7	a16
12	0.547776451780128	a7	a16	a23	8
13	0.54782069662814	a7	a16
12	0.5478587195444	a7	a16	a23	10
13	0.547889137877408	a7	a16
12	0.547926123805044	a7	a16	a23	12
13	0.547961035755428	a7	a16
12	0.548056093046079	a7	a16	a23	15
13	0.548084437401837	a7	a16
12	0.55133850770798	a7	a16	a23	10
13	0.551372382669739	a7	a16
12	0.551409368597374	a7	a16	a23	12
13	0.551440823919008	a7	a16
12	0.551478846835268	a7	a16	a23	14
13	0.551511684808402	a7	a16
12	0.552551093073812	a7	a16	a29	4
13	0.552673457731596	a7	a16
12	0.552709406670606	a7	a16	a29	7
13	0.552801007332506	a7	a16
12	0.552868757256024	a7	a16	a29	10
13	0.552936161516668	a7	a16
12	0.55299941782281	a7	a16	a29	13
13	0.553083759564333	a7	a16
12	0.556128012505293	a7	a16	a31	2
13	0.556340249510602	a7	a16
12	0.556371704832235	a7	a16	a31	4
13	0.556532092406279	a7	a16
12	0.556563893390788	a7	a16	a31	6
13	0.556724280964832	a7	a16
12	0.556789611248225	a7	a16	a31	10
13	0.556948961833644	a7	a16
12	0.557051278044672	a7	a16	a31	13
13	0.557211665618716	a7	a16
12	0.559114194083237	a7	a16	a59	4
13	0.559178487378005	a7	a16
12	0.559212362339764	a7	a16	a59	6
13	0.559247274290149	a7	a16
12	0.559283223229159	a7	a16	a59	8
13	0.559317789516668	a7	a16
12	0.559355812432929	a7	a16	a59	10
13	0.559391761371939	a7	a16
12	0.559429784288199	a7	a16	a59	12
13	0.559467807204459	a7	a16
12	0.559504793132095	a7	a16	a59	15
13	0.559538322430979	a7	a16
12	0.564508263249092	a7	a16	a37	3
13	0.564969377524469	a7	a16
12	0.57093655573723	a7	a16	a41	1
13	0.571495838269134	a7	a16
12	0.608799430086491	a7	a16	a23	8
13	0.608875475919012	a7	a16
12	0.608912461846647	a7	a16	a23	11
13	0.608947373797031	a7	a16
12	0.608993692622294	a7	a16	a23	13
13	0.609025493606803	a7	a16
12	0.616022401524472	a7	a16	a23	10
13	0.616089805785116	a7	a16
12	0.616206985499773	a7	a16	a23	13
13	0.616235329855531	a7	a16
12	0.617396065790099	a7	a16	a29	6
13	0.617495271035251	a7	a16
12	0.617532256962886	a7	a16	a29	8
13	0.617624203287661	a7	a16
12	0.617667411147048	a7	a16	a29	11
13	0.61774553095682	a7	a16
12	0.617810861240213	a7	a16	a29	14
13	0.617879302489481	a7	a16
12	0.640904597925297	a7	a16	a61	15
13	0.641023851617205	a7	a16
12	0.645865897171533	a7	a16	a47	5
13	0.645927079500425	a7	a16
12	0.646014877870699	a7	a16	a47	7
13	0.646087467074469	a7	a16
12	0.646140353494358	a7	a16	a47	12
13	0.646194276902873	a7	a16
12	0.646242669705386	a7	a16	a47	15
13	0.646274470689895	a7	a16
12	0.647260992535416	a7	a16	a25	1
13	0.647386468159075	a7	a16
12	0.649435557682637	a7	a16	a47	8
13	0.649490518079777	a7	a16
12	0.649524393041537	a7	a16	a47	11
13	0.64955377438592	a7	a16
12	0.649589723324929	a7	a16	a47	13
13	0.649622561298064	a7	a16
12	0.649668880123326	a7	a16	a47	15
13	0.649702755085085	a7	a16
12	0.650747348293622	a7	a16	a49	5
13	0.650867638974155	a7	a16
12	0.650900131284414	a7	a16	a49	7
13	0.650979288082811	a7	a16
12	0.651019384976322	a7	a16	a49	9
13	0.651091282854341	a7	a16
12	0.651167328686862	a7	a16	a49	13
13	0.651275866829642	a7	a16
12	0.653371620841342	a7	a16	a51	3
13	0.653517144911757	a7	a16
12	0.653544452278889	a7	a16	a51	5
13	0.653680643451677	a7	a16
12	0.653736640837442	a7	a16	a51	7
13	0.653847252957472	a7	a16
12	0.653916039869616	a7	a16	a51	11
13	0.65465990637682	a7	a16
12	0.654697929293081	a7	a16	a51	13
13	0.655182202981088	a7	a16
12	0.656270004049012	a7	a16	a51	5
13	0.657182899702137	a7	a16
12	0.657252377940031	a7	a16	a51	10
13	0.658132435620023	a7	a16
12	0.658223344956173	a7	a16	a51	14
13	0.658726630102311	a7	a16
12	0.664647143826935	a7	a16	a55	3
13	0.667098239274232	a7	a16
12	0.668346773579074	a7	a16	a57	7
12	0.668461533653606	a8	a16	a86	9
13	0.668772975904066	a8	a16
13	0.668799246282574	a7	a16
12	0.668863539577341	a7	a16	a57	14
12	0.66891227804273	a8	a16	a86	8
13	0.669031531734637	a8	a16
13	0.669043975598141	a7	a16
12	0.670226833956715	a7	a16	a53	3
13	0.67084729881751	a7	a16
12	0.677431830925191	a7	a16	a65	3
13	0.677509950734963	a7	a16
12	0.677578391984232	a7	a16	a65	6
13	0.677620562854993	a7	a16
12	0.677655474805378	a7	a16	a65	8
13	0.677691423744388	a7	a16
12	0.677724953043272	a7	a16	a65	10
13	0.677758828005031	a7	a16
12	0.677817936356672	a7	a16	a65	12
13	0.677845243723805	a7	a16
12	0.678906774413221	a7	a16	a25	2
13	0.679026028105129	a7	a16
12	0.681123856094079	a7	a16	a65	8
13	0.681168100942091	a7	a16
12	0.681220987361981	a7	a16	a65	11
13	0.681252442683614	a7	a16
12	0.68128942861125	a7	a16	a65	13
13	0.681332636470636	a7	a16
12	0.681370659386897	a7	a16	a65	15
13	0.681411793269033	a7	a16
12	0.682470212992573	a7	a16	a67	5
13	0.68260433018811	a7	a16
12	0.68265790793375	a7	a16	a67	7
13	0.682732916777645	a7	a16
12	0.682808962610166	a7	a16	a67	11
13	0.68289537832894	a7	a16
12	0.683014632020848	a7	a16	a67	15
13	0.683090677853369	a7	a16
12	0.685139767376931	a7	a16	a31	3
13	0.685362374268492	a7	a16
12	0.685440494078263	a7	a16	a31	6
13	0.68559362273193	a7	a16
12	0.685679001462079	a7	a16	a31	10
13	0.685823488543868	a7	a16
12	0.685914397880018	a7	a16	a31	15
13	0.686095870889443	a7	a16
12	0.68719749847237	a7	a16	a21	3
13	0.687300851672023	a7	a16
12	0.688303274009798	a7	a16	a69	1
13	0.688405590220826	a7	a16
12	0.688478525087471	a7	a16	a69	3
13	0.688525880901359	a7	a16
12	0.688560792851744	a7	a16	a69	5
13	0.688598815768004	a7	a16
12	0.688684194498153	a7	a16	a69	9
13	0.688741228872544	a7	a16
12	0.688831792545818	a7	a16	a69	12
13	0.688871889439329	a7	a16
12	0.692044037644075	a7	a16	a35	2
13	0.692110404916093	a7	a16
12	0.699271848362307	a7	a16	a41	2
13	0.699952458563369	a7	a16
12	0.760074639417235	a7	a16	a23	1
13	0.760118884265247	a7	a16
12	0.760155870192882	a7	a16	a23	4
13	0.760185251537265	a7	a16
12	0.7602222374649	a7	a16	a23	5
13	0.760255075438034	a7	a16
12	0.760302431251922	a7	a16	a23	8
13	0.760338380190932	a7	a16
12	0.760381588050319	a7	a16	a23	10
13	0.760416500000704	a7	a16
12	0.760452448939714	a7	a16	a23	12
13	0.760481830284097	a7	a16
12	0.760515705245856	a7	a16	a23	14
13	0.760546123578864	a7	a16
12	0.763712741177608	a7	a16	a23	10
13	0.763768738563373	a7	a16
12	0.763804687502383	a7	a16	a23	13
13	0.763831994869516	a7	a16
12	0.763867943808525	a7	a16	a23	14
13	0.763899744793034	a7	a16
12	0.764932585463817	a7	a16	a29	5
13	0.765057024098852	a7	a16
12	0.765084677128859	a7	a16	a29	7
13	0.765164870915881	a7	a16
12	0.765193215271639	a7	a16	a29	9
13	0.765277557013162	a7	a16
12	0.765373651292438	a7	a16	a29	13
13	0.765490831007096	a7	a16
12	0.79315872451831	a7	a16	a21	1
13	0.793237881316706	a7	a16
12	0.79326864531259	a7	a16	a21	3
13	0.793328790652856	a7	a16
12	0.799150099132328	a7	a16	a37	2
13	0.799578375434571	a7	a16
12	0.805568713059964	a7	a16	a41	1
13	0.806047801804845	a7	a16
12	0.806079602789354	a7	a16	a41	3
13	0.806503731137095	a7	a16
12	0.871333840349753	a7	a16	a47	10
13	0.871379467849265	a7	a16
12	0.871410923170899	a7	a16	a47	13
13	0.871446872109909	a7	a16
12	0.871488005992045	a7	a16	a47	15
13	0.871526028908306	a7	a16
12	0.874728595446059	a7	a16	a47	7
13	0.874794962718077	a7	a16
12	0.874829874668462	a7	a16	a47	10
13	0.874861329990095	a7	a16
12	0.874900389894981	a7	a16	a47	12
13	0.874933227868115	a7	a16
12	0.874972287773001	a7	a16	a47	14
13	0.875002706106009	a7	a16
12	0.876053866909173	a7	a16	a49	5
13	0.876156183120201	a7	a16
12	0.876193169047836	a7	a16	a49	7
13	0.87626472126298	a7	a16
12	0.876318644671495	a7	a16	a49	9
13	0.876393653515391	a7	a16
12	0.876469699347912	a7	a16	a49	13
13	0.876544362528932	a7	a16
12	0.878722384304904	a7	a16	a51	3
13	0.878891067787951	a7	a16
12	0.878930127692837	a7	a16	a51	6
13	0.879064244888373	a7	a16
12	0.879120242274139	a7	a16	a51	9
13	0.879271988276305	a7	a16
12	0.87956130810276	a7	a16	a51	12
13	0.879953635465992	a7	a16
12	0.881034177613539	a7	a16	a51	1
13	0.881225329183466	a7	a16
12	0.881261278122476	a7	a16	a51	3
13	0.881395049655138	a7	a16
12	0.881434109560023	a7	a16	a51	5
13	0.881583090259189	a7	a16
12	0.881648420542582	a7	a16	a51	9
13	0.882354264133526	a7	a16
12	0.882492529283564	a7	a16	a51	12
13	0.883231210847641	a7	a16
12	0.884341134339571	a7	a16	a53	2
13	0.885443798911123	a7	a16
12	0.889216017867033	a7	a16	a55	3
13	0.891677828863458	a7	a16
12	0.892859650233407	a7	a16	a57	5
12	0.892982014891191	a8	a16	a86	9
13	0.893177314415619	a8	a16
13	0.893213263354629	a7	a16
12	0.893254397236766	a7	a16	a57	10
12	0.893302790039279	a8	a16	a86	8
13	0.893464214601948	a8	a16
13	0.893478041116952	a7	a16
12	0.893574135396228	a7	a16	a57	14
12	0.893662625092252	a8	a16	a86	8
13	0.893759756360154	a8	a16
13	0.893774619863783	a7	a16
12	0.894890765287464	a7	a16	a53	3
13	0.895809882872342	a7	a16
12	0.918000402464803	a7	a16	a23	12
13	0.918094422766829	a7	a16
12	0.919281429079905	a7	a16	a25	2
13	0.919402756749063	a7	a16
12	0.921702106194194	a7	a16	a23	11
13	0.921753609962583	a7	a16
12	0.921854889184985	a7	a16	a23	15
13	0.921893949089871	a7	a16
12	0.923055722013065	a7	a16	a29	7
13	0.923191913185852	a7	a16
12	0.923262774075247	a7	a16	a29	11
13	0.923369238240776	a7	a16
12	0.923466369508678	a7	a16	a29	14
13	0.923551748238826	a7	a16
12	0.92453101116397	a7	a16	a31	1
13	0.924735643586026	a7	a16
12	0.924796825914918	a7	a16	a31	3
13	0.924974150969841	a7	a16
12	0.925018395817853	a7	a16	a31	6
13	0.925163919888268	a7	a16
12	0.925270729716672	a7	a16	a31	9
13	0.925457387669224	a7	a16
12	0.925543803387997	a7	a16	a31	12
13	0.925694858064414	a7	a16
12	0.925785421737689	a7	a16	a31	15
13	0.925944772323107	a7	a16
12	0.927002155058022	a7	a16	a33	1
13	0.92708338583367	a7	a16
12	0.92712140874993	a7	a16	a33	4
13	0.927163579620692	a7	a16
12	0.927202639525577	a7	a16	a33	6
13	0.927235477498711	a7	a16
12	0.927319819240235	a7	a16	a33	9
13	0.927348163595992	a7	a16
12	0.927421098462637	a7	a16	a33	12
13	0.927449442818395	a7	a16
12	0.927546574086297	a7	a16	a33	15
13	0.927587707968433	a7	a16
12	0.931716651011441	a7	a16	a35	2
13	0.931767463454079	a7	a16
12	0.939170525249985	a7	a16	a39	1
13	0.93922652263575	a7	a16
12	0.93926247157476	a7	a16	a39	3
13	0.939291852919143	a7	a16
12	0.998701622587439	a7	a16	a43	3
13	0.99883055483985	a7	a16
12	1.0035723581604	a7	a16	a47	8
13	1.00362524458029	a7	a16
12	1.00370129041281	a7	a16	a47	11
13	1.00373170874582	a7	a16
12	1.00381397651009	a7	a16	a47	14
13	1.00384474050597	a7	a16
12	1.00497367545603	a7	a16	a25	1
13	1.00507184371256	a7	a16
12	1.0051088296402	a7	a16	a25	3
13	1.00516586401459	a7	a16
12	1.00736600821457	a7	a16	a47	9
13	1.0074112900512	a7	a16
12	1.00745034995609	a7	a16	a47	11
13	1.00748180527772	a7	a16
12	1.00753572868624	a7	a16	a47	13
13	1.007569603648	a7	a16
12	1.00760658957563	a7	a16	a47	15
13	1.00763597092001	a7	a16
12	1.00871547607894	a7	a16	a49	4
13	1.00881882927859	a7	a16
12	1.00885581520622	a7	a16	a49	6
13	1.00893497200462	a7	a16
12	1.00900341325389	a7	a16	a49	9
13	1.00907945908641	a7	a16
12	1.0091268149003	a7	a16	a49	12
13	1.00920389772145	a7	a16
12	1.01122360590062	a7	a16	a51	3
13	1.01136290803929	a7	a16
12	1.01139574601242	a7	a16	a51	5
13	1.01151914765883	a7	a16
12	1.01155163996909	a7	a16	a51	7
13	1.01168368318738	a7	a16
12	1.01174797648214	a7	a16	a51	11
13	1.0120635666871	a7	a16
12	1.01209191104286	a7	a16	a51	14
13	1.01244448717546	a7	a16
12	1.01349219134987	a7	a16	a51	3
13	1.01371376125281	a7	a16
12	1.01379188106258	a7	a16	a51	6
13	1.0144925397104	a7	a16
12	1.01454853709616	a7	a16	a51	10
13	1.01518040883183	a7	a16
12	1.01523329525172	a7	a16	a51	14
13	1.0158789935024	a7	a16
12	1.0170767153646	a7	a16	a53	2
13	1.01741650197082	a7	a16
12	1.02105356674257	a7	a16	a55	1
13	1.02377289658094	a7	a16
12	1.02594331377366	a7	a16	a57	5
12	1.02604666697331	a8	a16	a86	9
13	1.02619979562698	a8	a16
13	1.02623159661149	a7	a16
12	1.02640857600354	a7	a16	a57	9
12	1.02645731446893	a8	a16	a86	9
13	1.02660283853934	a8	a16
13	1.02661977602022	a7	a16
12	1.02675700418163	a7	a16	a57	15
12	1.02685724641541	a8	a16	a86	9
13	1.02696059961507	a8	a16
13	1.02697442613007	a7	a16
12	1.03189044353967	a7	a16	a23	2
13	1.03193054043318	a7	a16
12	1.03196648937219	a7	a16	a23	4
13	1.03199483372795	a7	a16
12	1.03209714993897	a7	a16	a23	6
13	1.03212583995761	a7	a16
12	1.03223334111176	a7	a16	a23	10
13	1.03231871984191	a7	a16
12	1.03243175160207	a7	a16	a23	15
13	1.0324590589692	a7	a16
12	1.03453372754552	a7	a16	a27	3
13	1.03466749907818	a7	a16
12	1.03570275938909	a7	a16	a23	9
13	1.03574596724848	a7	a16
12	1.03578087919886	a7	a16	a23	11
13	1.03581129753187	a7	a16
12	1.0358482834595	a7	a16	a23	13
13	1.03587904745539	a7	a16
12	1.03696270056881	a7	a16	a29	3
13	1.0371210141656	a7	a16
12	1.03715454346449	a7	a16	a29	5
13	1.03722955230838	a7	a16
12	1.03725927931564	a7	a16	a29	7
13	1.03734362105716	a7	a16
12	1.03737853300755	a7	a16	a29	10
13	1.03745215919994	a7	a16
12	1.03750608260846	a7	a16	a29	13
13	1.03758212844098	a7	a16
12	1.03761150978536	a7	a16	a29	15
13	1.03768548164063	a7	a16
12	1.03883550202607	a7	a16	a21	1
13	1.03893470727122	a7	a16
12	1.04000902748702	a7	a16	a31	2
13	1.04023578233308	a7	a16
12	1.04028210115834	a7	a16	a31	4
13	1.04042797089163	a7	a16
12	1.0404922641864	a7	a16	a31	8
13	1.04064297319994	a7	a16
12	1.04070968613484	a7	a16	a31	12
13	1.04087111069751	a7	a16
12	1.04696791248843	a7	a16	a37	1
13	1.04748502414957	a7	a16
12	1.04752304706583	a7	a16	a37	3
13	1.04794510143632	a7	a16
12	1.09120964953469	a7	a16	a23	7
13	1.09128534970433	a7	a16
12	1.09134238407873	a7	a16	a23	10
13	1.09137522205186	a7	a16
12	1.09148064922876	a7	a16	a23	15
13	1.09151141322465	a7	a16
12	1.09849553161594	a7	a16	a23	9
13	1.09853148055495	a7	a16
12	1.09859266288384	a7	a16	a23	11
13	1.09862204422822	a7	a16
12	1.09870223801524	a7	a16	a23	14
13	1.09873507598838	a7	a16
12	1.0998228770563	a7	a16	a29	4
13	1.09993383483921	a7	a16
12	1.09996632714947	a7	a16	a29	7
13	1.10006034745149	a7	a16
12	1.10012256676901	a7	a16	a29	11
13	1.10021451309378	a7	a16
12	1.10025564697592	a7	a16	a29	13
13	1.10034413667194	a7	a16
12	1.12129476353144	a7	a16	a61	2
13	1.12139500576522	a7	a16
12	1.12143095470423	a7	a16	a61	5
13	1.12147312557499	a7	a16
12	1.12151114849125	a7	a16	a61	7
13	1.12154709743026	a7	a16
12	1.12157855275189	a7	a16	a61	9
13	1.1216103537364	a7	a16
12	1.12164837665266	a7	a16	a61	11
13	1.12167775799705	a7	a16
12	1.12171266994743	a7	a16	a61	13
13	1.12174550792056	a7	a16
12	1.12180565326083	a7	a16	a61	15
13	1.12183088665071	a7	a16
12	1.12475795987702	a7	a16	a45	3
13	1.12481499425141	a7	a16
12	1.12587237698632	a7	a16	a47	14
13	1.12591351086846	a7	a16
12	1.12702550833764	a7	a16	a25	3
13	1.12712160261691	a7	a16
12	1.1291814076896	a7	a16	a47	9
13	1.12922668952624	a7	a16
12	1.1292647124425	a7	a16	a47	12
13	1.12929513077551	a7	a16
12	1.12933107971452	a7	a16	a47	14
13	1.12936702865353	a7	a16
12	1.13040332595306	a7	a16	a49	4
13	1.13049077866046	a7	a16
12	1.13052569061085	a7	a16	a49	6
13	1.13059931680324	a7	a16
12	1.13063837670813	a7	a16	a49	8
13	1.13071338555202	a7	a16
12	1.13077871583542	a7	a16	a49	11
13	1.13085268769069	a7	a16
12	1.1309857678976	a7	a16	a49	14
13	1.13105524613549	a7	a16
12	1.13300305643665	a7	a16	a51	3
13	1.13317415955982	a7	a16
12	1.13321736741921	a7	a16	a51	7
13	1.13335563256925	a7	a16
12	1.13340195139451	a7	a16	a51	9
13	1.1341669033371	a7	a16
12	1.13425262773012	a7	a16	a51	14
13	1.13481813219378	a7	a16
12	1.13592909267433	a7	a16	a51	2
13	1.13609155422562	a7	a16
12	1.13614547763414	a7	a16	a51	4
13	1.13630379123093	a7	a16
12	1.13638087405208	a7	a16	a51	8
13	1.1372619687207	a7	a16
12	1.13735253239397	a7	a16	a51	12
13	1.13815550725282	a7	a16
12	1.13934804417189	a7	a16	a53	2
13	1.14040300726668	a7	a16
12	1.14419976828672	a7	a16	a55	3
13	1.14664464180227	a7	a16
12	1.14786206644835	a7	a16	a57	5
12	1.14799722063252	a8	a16	a86	9
13	1.14819459413419	a8	a16
13	1.14821049462645	a7	a16
12	1.14835912966274	a7	a16	a57	12
12	1.14845107598751	a8	a16	a86	8
13	1.14857447763392	a8	a16
13	1.14859037812618	a7	a16
12	1.14988695957066	a7	a16	a53	2
13	1.15027859560814	a7	a16
12	1.15682925275406	a7	a16	a25	3
13	1.15693260595372	a7	a16
12	1.15900485488991	a7	a16	a65	9
13	1.1590757157793	a7	a16
12	1.15911373869556	a7	a16	a65	12
13	1.15914208305132	a7	a16
12	1.15917699500171	a7	a16	a65	13
13	1.15922020286109	a7	a16
12	1.1592561518001	a7	a16	a65	15
13	1.15929832267087	a7	a16
12	1.16037575385254	a7	a16	a67	6
13	1.16049915549894	a7	a16
12	1.16055169625596	a7	a16	a67	8
13	1.16062774208848	a7	a16
12	1.16071104684138	a7	a16	a67	12
13	1.16083790511654	a7	a16
12	1.16294506600312	a7	a16	a31	2
13	1.16315280939105	a7	a16
12	1.16318875833006	a7	a16	a31	4
13	1.16333739336635	a7	a16
12	1.16342726571387	a7	a16	a31	8
13	1.1636170346323	a7	a16
12	1.16366992105219	a7	a16	a31	11
13	1.16383653055798	a7	a16
12	1.16387973841737	a7	a16	a31	15
13	1.16405395250642	a7	a16
12	1.16518738107386	a7	a16	a21	3
13	1.165258933289	a7	a16
12	1.16629730456578	a7	a16	a69	8
13	1.1663595238833	a7	a16
12	1.16643142176132	a7	a16	a69	11
13	1.16647255564346	a7	a16
12	1.1665358119496	a7	a16	a69	14
13	1.16656415630536	a7	a16
12	1.17644285561269	a7	a16	a41	1
13	1.1769409558157	a7	a16
12	1.17698831162959	a7	a16	a41	3
13	1.17752547173749	a7	a16
12	1.23386057013182	a7	a16	a23	4
13	1.23394180090746	a7	a16
12	1.2339787868351	a7	a16	a23	7
13	1.23402199469449	a7	a16
12	1.23406105459937	a7	a16	a23	9
13	1.2340883619665	a7	a16
12	1.23418134527991	a7	a16	a23	11
13	1.23421072662429	a7	a16
12	1.23528608382871	a7	a16	a25	3
13	1.23537353653611	a7	a16
12	1.23758647026246	a7	a16	a23	9
13	1.23763278908773	a7	a16
12	1.23766977501536	a7	a16	a23	12
13	1.23770572395437	a7	a16
12	1.23774270988201	a7	a16	a23	14
13	1.23777312821502	a7	a16
12	1.23882739998405	a7	a16	a29	5
13	1.23893075318371	a7	a16
12	1.23896877609997	a7	a16	a29	7
13	1.23903514337199	a7	a16
12	1.23908042520862	a7	a16	a29	9
13	1.23914921212077	a7	a16
12	1.23922733193054	a7	a16	a29	13
13	1.23931063668344	a7	a16
12	1.2393611034632	a7	a16	a29	15
13	1.23942332278072	a7	a16
12	1.27784893629063	a7	a16	a41	3
13	1.27841547774291	a7	a16
12	1.34157983756049	a7	a16	a47	7
13	1.34165692038164	a7	a16
12	1.34169044968052	a7	a16	a47	10
13	1.3417212136764	a7	a16
12	1.34177064346754	a7	a16	a47	12
13	1.34180348144068	a7	a16
12	1.34606861565647	a7	a16	a49	6
13	1.34616782090162	a7	a16
12	1.34624144709402	a7	a16	a49	9
13	1.34632613449842	a7	a16
12	1.34639457574768	a7	a16	a49	13
13	1.34649792894734	a7	a16
12	1.34847546625576	a7	a16	a51	3
13	1.34865486528793	a7	a16
12	1.34873609606358	a7	a16	a51	7
13	1.34887747217949	a7	a16
12	1.348925864982	a7	a16	a51	9
13	1.34912012751781	a7	a16
12	1.3491674833317	a7	a16	a51	12
13	1.35022071811211	a7	a16
12	1.35123247334751	a7	a16	a51	1
13	1.35141740298569	a7	a16
12	1.35145957385645	a7	a16	a51	3
13	1.35162307239637	a7	a16
12	1.35167803279351	a7	a16	a51	6
13	1.35181180432617	a7	a16
12	1.35188785015869	a7	a16	a51	8
13	1.35262445774552	a7	a16
12	1.35276790783868	a7	a16	a51	13
13	1.35360579464791	a7	a16
12	1.35469774367034	a7	a16	a53	2
13	1.35563898367922	a7	a16
12	1.35948310051315	a7	a16	a55	3
13	1.36191103654782	a7	a16
12	1.36311290636452	a7	a16	a57	5
12	1.36321107462105	a8	a16	a86	9
13	1.36342642259223	a8	a16
13	1.36344094043299	a7	a16
12	1.36353081278051	a7	a16	a57	10
12	1.36358888414353	a8	a16	a86	8
13	1.36378729463383	a8	a16
13	1.36380181247458	a7	a16
12	1.3639348926815	a7	a16	a57	14
12	1.3640320239494	a8	a16	a86	8
13	1.3641236246113	a8	a16
13	1.3641374511263	a7	a16
12	1.37574861276361	a7	a16	a25	3
13	1.37585749656927	a7	a16
12	1.3779055491042	a7	a16	a23	9
13	1.37794771997496	a7	a16
12	1.37798574289123	a7	a16	a23	12
13	1.37801616122423	a7	a16
12	1.37811640345801	a7	a16	a23	15
13	1.3781513154084	a7	a16
12	1.37915166376892	a7	a16	a29	5
13	1.37928681795308	a7	a16
12	1.37931931026334	a7	a16	a29	8
13	1.37939224512999	a7	a16
12	1.37947036493976	a7	a16	a29	10
13	1.3795419171549	a7	a16
12	1.37960206249517	a7	a16	a29	14
13	1.37968121929357	a7	a16
12	1.38093597553016	a7	a16	a31	2
13	1.38118277882298	a7	a16
12	1.38122598668236	a7	a16	a31	7
13	1.38139294185103	a7	a16
12	1.38146345707755	a7	a16	a31	9
13	1.38162695561747	a7	a16
12	1.38177801029389	a7	a16	a31	14
13	1.38194565678831	a7	a16
12	1.38323428798666	a7	a16	a33	7
13	1.38328993970956	a7	a16
12	1.38338499700021	a7	a16	a33	12
13	1.38343027883684	a7	a16
12	1.38350321370349	a7	a16	a33	14
13	1.38354538457425	a7	a16
12	1.4554581260976	a7	a16	a47	5
13	1.45555940532	a7	a16
12	1.45559639124764	a7	a16	a47	9
13	1.45562922922077	a7	a16
12	1.45566172153103	a7	a16	a47	11
13	1.45569352251554	a7	a16
12	1.45574295230668	a7	a16	a47	13
13	1.45577475329119	a7	a16
12	1.4558148501847	a7	a16	a47	15
13	1.45584526851771	a7	a16
12	1.45687949183999	a7	a16	a25	2
13	1.45697766009652	a7	a16
12	1.45903746516921	a7	a16	a47	10
13	1.45908274700584	a7	a16
12	1.45911420232748	a7	a16	a47	13
13	1.45915118825511	a7	a16
12	1.459204074675	a7	a16	a47	15
13	1.45924002361401	a7	a16
12	1.46028357983392	a7	a16	a49	6
13	1.46038174809045	a7	a16
12	1.46041424040071	a7	a16	a49	8
13	1.46050618672549	a7	a16
12	1.46057773894063	a7	a16	a49	10
13	1.46065482176178	a7	a16
12	1.46073605253742	a7	a16	a49	14
13	1.46081520933582	a7	a16
12	1.4629403446919	a7	a16	a51	4
13	1.46306823995569	a7	a16
12	1.4631083368492	a7	a16	a51	6
13	1.46323070150698	a7	a16
12	1.46327183538912	a7	a16	a51	8
13	1.46341735945953	a7	a16
12	1.46347646781117	a7	a16	a51	12
13	1.46398597488906	a7	a16
12	1.46403886130895	a7	a16	a51	14
13	1.46447577918307	a7	a16
12	1.46563962608352	a7	a16	a51	4
13	1.46594346375073	a7	a16
12	1.46603644706413	a7	a16	a51	8
13	1.46658294006965	a7	a16
12	1.46667592338305	a7	a16	a51	12
13	1.46728359871747	a7	a16
12	1.4683810783459	a7	a16	a53	1
13	1.46878204728101	a7	a16
12	1.47266280437969	a7	a16	a55	3
13	1.47506447003585	a7	a16
12	1.47616609761878	a7	a16	a57	4
12	1.47625355032618	a8	a16	a86	8
13	1.47644573888473	a8	a16
13	1.47646163937699	a7	a16
12	1.4765238586945	a7	a16	a57	7
12	1.47656395558801	a8	a16	a86	9
13	1.4767042947153	a8	a16
13	1.47671466460156	a7	a16
12	1.47679382139995	a7	a16	a57	11
12	1.47684152287672	a8	a16	a86	9
13	1.47704511831015	a8	a16
13	1.47705756217365	a7	a16
12	1.47826703657361	a7	a16	a53	2
13	1.47865521598234	a7	a16
12	1.48538112420593	a7	a16	a23	8
13	1.48542640604257	a7	a16
12	1.48546131799296	a7	a16	a23	10
13	1.48549484729184	a7	a16
12	1.48553079623085	a7	a16	a23	12
13	1.48556259721536	a7	a16
12	1.48559612651424	a7	a16	a23	14
13	1.48562689051013	a7	a16
12	1.4867084696463	a7	a16	a29	6
13	1.4868138968232	a7	a16
12	1.48685088275084	a7	a16	a29	8
13	1.48692589159473	a7	a16
12	1.48700055477575	a7	a16	a29	10
13	1.48707141566515	a7	a16
12	1.48713881992579	a7	a16	a29	14
13	1.48721071780381	a7	a16
12	1.48823526256559	a7	a16	a21	1
13	1.48833654178799	a7	a16
12	1.48836937976113	a7	a16	a21	3
13	1.48842503148402	a7	a16
12	1.48946029179493	a7	a16	a31	2
13	1.48966181325111	a7	a16
12	1.48969257724699	a7	a16	a31	4
13	1.48985400180966	a7	a16
12	1.48992036908168	a7	a16	a31	8
13	1.49008490461022	a7	a16
12	1.49017373996912	a7	a16	a31	11
13	1.49035521297855	a7	a16
12	1.49043955472007	a7	a16	a31	15
13	1.49060823820312	a7	a16
12	1.49184398298158	a7	a16	a59	5
13	1.4918979063901	a7	a16
12	1.49199814862387	a7	a16	a59	11
13	1.49203064093413	a7	a16
12	1.49512466932911	a7	a16	a35	1
13	1.49519518455563	a7	a16
12	1.49522145493413	a7	a16	a35	3
13	1.49526051483902	a7	a16
12	1.50119589206727	a7	a16	a39	3
13	1.50124151956678	a7	a16
12	1.50235040607009	a7	a16	a41	2
13	1.50295497043863	a7	a16
12	1.53985897597238	a7	a16	a23	15
13	1.5399391697594	a7	a16
12	1.54397512948901	a7	a16	a25	1
13	1.54409023522641	a7	a16
12	1.54736020602481	a7	a16	a29	6
13	1.54745215234958	a7	a16
12	1.54748568164847	a7	a16	a29	8
13	1.54756069049236	a7	a16
12	1.54762809475301	a7	a16	a29	10
13	1.54769273371065	a7	a16
12	1.54773801554729	a7	a16	a29	13
13	1.54782754223194	a7	a16
12	1.56816530881389	a7	a16	a61	15
13	1.56821681258228	a7	a16
12	1.57318364243452	a7	a16	a25	3
13	1.57324897271791	a7	a16
12	1.57532986322598	a7	a16	a47	12
13	1.57539104555487	a7	a16
12	1.57639761584715	a7	a16	a49	2
13	1.57648956217192	a7	a16
12	1.57652447412231	a7	a16	a49	4
13	1.5766036309207	a7	a16
12	1.57663716021959	a7	a16	a49	6
13	1.57669523158261	a7	a16
12	1.57675122896837	a7	a16	a49	8
13	1.57681448527451	a7	a16
12	1.57685147120215	a7	a16	a49	10
13	1.57691161654241	a7	a16
12	1.57697176188268	a7	a16	a49	14
13	1.57704988169245	a7	a16
12	1.579040899853	a7	a16	a51	3
13	1.57917812801441	a7	a16
12	1.5792171879193	a7	a16	a51	5
13	1.57934923113758	a7	a16
12	1.57938276043647	a7	a16	a51	7
13	1.57952863016976	a7	a16
12	1.57961711986578	a7	a16	a51	11
13	1.58035891239574	a7	a16
12	1.58040419423237	a7	a16	a51	14
13	1.58094757627202	a7	a16
12	1.58208515279396	a7	a16	a51	4
13	1.58261263434135	a7	a16
12	1.58270043271163	a7	a16	a51	8
13	1.58322376630452	a7	a16
12	1.58329117056516	a7	a16	a51	12
13	1.58409414542401	a7	a16
12	1.5851504911703	a7	a16	a53	1
13	1.58554627516228	a7	a16
12	1.58960539430452	a7	a16	a55	1
13	1.59215915162572	a7	a16
12	1.59353592685722	a7	a16	a57	5
12	1.59364792162876	a8	a16	a86	9
13	1.5938083092028	a8	a16
13	1.59382420969505	a7	a16
12	1.59387778744069	a7	a16	a57	10
12	1.59391995831145	a8	a16	a86	8
13	1.59403610103749	a8	a16
13	1.59404992755249	a7	a16
12	1.59413945423714	a7	a16	a57	14
12	1.59421135211516	a8	a16	a86	8
13	1.59434443232207	a8	a16
13	1.59435687618557	a7	a16
12	1.59542808543549	a7	a16	a53	2
13	1.59581211688972	a7	a16
12	1.60079035361684	a7	a16	a65	15
13	1.60083045051035	a7	a16
12	1.60392309625382	a7	a16	a65	7
13	1.60399084617734	a7	a16
12	1.6040233384876	a7	a16	a65	9
13	1.60405513947211	a7	a16
12	1.60409108841112	a7	a16	a65	11
13	1.60412358072138	a7	a16
12	1.60416056664901	a7	a16	a65	13
13	1.60419340462215	a7	a16
12	1.60422935356116	a7	a16	a65	15
13	1.60426080888279	a7	a16
12	1.60531093269733	a7	a16	a67	5
13	1.60542361879461	a7	a16
12	1.60545853074499	a7	a16	a67	8
13	1.60553561356614	a7	a16
12	1.60559990686091	a7	a16	a67	10
13	1.60567284172755	a7	a16
12	1.6057485418972	a7	a16	a67	14
13	1.60580868723747	a7	a16
12	1.60791273715817	a7	a16	a31	3
13	1.60815124454198	a7	a16
12	1.60818200853787	a7	a16	a31	5
13	1.60835172900954	a7	a16
12	1.60842570086481	a7	a16	a31	9
13	1.60859334735923	a7	a16
12	1.60871916864576	a7	a16	a31	14
13	1.60889614803781	a7	a16
12	1.61003476154837	a7	a16	a21	3
13	1.61011702931265	a7	a16
12	1.61114606769181	a7	a16	a69	6
13	1.61119134952844	a7	a16
12	1.61123040943333	a7	a16	a69	8
13	1.61126186475496	a7	a16
12	1.61130541827722	a7	a16	a69	11
13	1.61133894757611	a7	a16
12	1.61142017835175	a7	a16	a69	13
13	1.61145197933626	a7	a16
12	1.62231616350049	a7	a16	a41	3
13	1.62294699824754	a7	a16
12	1.67965057326672	a7	a16	a23	14
13	1.67970104004648	a7	a16
12	1.68271902260894	a7	a16	a23	7
13	1.68279368578996	a7	a16
12	1.68282859774034	a7	a16	a23	10
13	1.6828624727021	a7	a16
12	1.68289842164111	a7	a16	a23	12
13	1.68292676599687	a7	a16
12	1.6829637519245	a7	a16	a23	14
13	1.68299417025751	a7	a16
12	1.6840505160038	a7	a16	a29	4
13	1.68414972124895	a7	a16
12	1.68418774416521	a7	a16	a29	7
13	1.68427001192949	a7	a16
12	1.68430699785712	a7	a16	a29	9
13	1.68437440211777	a7	a16
12	1.68441449901128	a7	a16	a29	11
13	1.68448432291205	a7	a16
12	1.68453478969181	a7	a16	a29	12
13	1.68459908298658	a7	a16
12	1.71515187885333	a7	a16	a37	2
13	1.71558050081845	a7	a16
12	1.72054076307606	a7	a16	a39	1
13	1.7205915755187	a7	a16
12	1.78634287629349	a7	a16	a47	6
13	1.7863926517475	a7	a16
12	1.78651190543941	a7	a16	a47	10
13	1.78654543473829	a7	a16
12	1.78658449464318	a7	a16	a47	12
13	1.78662044358219	a7	a16
12	1.7866563925212	a7	a16	a47	14
13	1.78669130447158	a7	a16
12	1.78989248835783	a7	a16	a47	10
13	1.78995159670948	a7	a16
12	1.78998754564849	a7	a16	a47	13
13	1.79001727265574	a7	a16
12	1.79005287593188	a7	a16	a47	15
13	1.79008571390501	a7	a16
12	1.79110818468954	a7	a16	a49	5
13	1.79123262332458	a7	a16
12	1.79126960925221	a7	a16	a49	8
13	1.79134150713023	a7	a16
12	1.79137607341774	a7	a16	a49	10
13	1.79144589731851	a7	a16
12	1.79149117915515	a7	a16	a49	12
13	1.79156204004454	a7	a16
12	1.79353404674696	a7	a16	a51	3
13	1.79371966771088	a7	a16
12	1.79375561664989	a7	a16	a51	6
13	1.79388109227355	a7	a16
12	1.79390874530356	a7	a16	a51	8
13	1.79403214694997	a7	a16
12	1.79406705890035	a7	a16	a51	10
13	1.79418734958089	a7	a16
12	1.79425475384153	a7	a16	a51	14
13	1.79493225307672	a7	a16
12	1.79607501454178	a7	a16	a51	4
13	1.79621846463494	a7	a16
12	1.7962523395967	a7	a16	a51	6
13	1.79688421133238	a7	a16
12	1.79698134260028	a7	a16	a51	9
13	1.79750363920455	a7	a16
12	1.79755963659031	a7	a16	a51	13
13	1.79817145987923	a7	a16
12	1.79929417289754	a7	a16	a53	2
13	1.80028726233769	a7	a16
12	1.80401834741146	a7	a16	a55	3
13	1.80641033450711	a7	a16
12	1.80766301676646	a7	a16	a57	7
12	1.80777673985236	a8	a16	a86	9
13	1.80798793986905	a8	a16
13	1.80800591433855	a7	a16
12	1.80811134151546	a7	a16	a57	12
12	1.8081704498671	a8	a16	a86	8
13	1.80827069210088	a8	a16
13	1.80828659259313	a7	a16
12	1.80939651608506	a7	a16	a53	2
13	1.80968479892289	a7	a16
12	0.38214136962932	a7	a17	a21	1
13	0.382685788657594	a7	a17
12	0.415586326771993	a7	a17	a23	11
13	0.415758466883791	a7	a17
12	0.417028777949764	a7	a17	a25	1
13	0.417261063401828	a7	a17
12	0.419602238054845	a7	a17	a23	12
13	0.419645791577107	a7	a17
12	0.419698332334121	a7	a17	a23	14
13	0.419741540193508	a7	a17
12	0.42109653866388	a7	a17	a29	9
13	0.421355094494451	a7	a17
12	0.423811374884875	a7	a17	a31	3
13	0.424485763154184	a7	a17
12	0.42457770947896	a7	a17	a31	13
13	0.42477923093514	a7	a17
12	0.427271460264574	a7	a17	a33	14
13	0.427428736872742	a7	a17
12	0.440097281244967	a7	a17	a41	2
13	0.441087951044988	a7	a17
12	0.509049074580255	a7	a17	a47	6
13	0.509187339730293	a7	a17
12	0.513000692568339	a7	a17	a47	10
13	0.513112687339869	a7	a17
12	0.513322504705052	a7	a17	a47	14
13	0.513363638587188	a7	a17
12	0.514678540164049	a7	a17	a49	6
13	0.514867272093851	a7	a17
12	0.51493709599462	a7	a17	a49	10
13	0.515037338228397	a7	a17
12	0.5151386174508	a7	a17	a49	15
13	0.515237822695952	a7	a17
12	0.518680624931897	a7	a17	a51	11
13	0.519426911079226	a7	a17
12	0.520763589417218	a7	a17	a51	4
13	0.521760826811867	a7	a17
12	0.521832724689886	a7	a17	a51	7
13	0.522456300516557	a7	a17
12	0.522490866804067	a7	a17	a51	12
13	0.52317700761113	a7	a17
12	0.523239226928647	a7	a17	a51	15
13	0.523398577514066	a7	a17
12	0.533943023518833	a7	a17	a55	1
13	0.537856618590657	a7	a17
12	0.540127278017154	a7	a17	a57	5
12	0.540241346765936	a8	a17	a86	9
13	0.540653722575924	a8	a17
13	0.540673771022679	a7	a17
12	0.54076675433608	a7	a17	a57	12
12	0.54082378871047	a8	a17	a86	8
13	0.540980028330013	a8	a17
13	0.54098728725039	a7	a17
12	0.54208165591294	a7	a17	a53	1
13	0.543168419992239	a7	a17
12	0.552859078695522	a7	a17	a29	9
13	0.553029144830068	a7	a17
12	0.553110375605716	a7	a17	a29	15
13	0.553205087233492	a7	a17
12	0.556666209601816	a7	a17	a31	7
13	0.556951035810894	a7	a17
12	0.557020859711663	a7	a17	a31	12
13	0.557187469217459	a7	a17
12	0.569796905238043	a7	a17	a39	2
13	0.570061683000365	a7	a17
12	0.571264589805695	a7	a17	a41	3
13	0.572028504759655	a7	a17
12	0.616234292866905	a7	a17	a23	14
13	0.616357694513314	a7	a17
12	0.61765462162067	a7	a17	a29	10
13	0.617770764346702	a7	a17
12	0.617851995122349	a7	a17	a29	15
13	0.617961570253754	a7	a17
12	0.640385412286905	a7	a17	a61	2
13	0.64051192489919	a7	a17
12	0.640614241110217	a7	a17	a61	6
13	0.640669201507358	a7	a17
12	0.640695471885865	a7	a17	a61	9
13	0.640731420824875	a7	a17
12	0.640781196278888	a7	a17	a61	11
13	0.640813688589147	a7	a17
12	0.651107183346596	a7	a17	a49	12
13	0.651266533932014	a7	a17
12	0.651339123135784	a7	a17	a49	15
13	0.65143314343781	a7	a17
12	0.653795749189083	a7	a17	a51	9
13	0.654818219973614	a7	a17
12	0.655929180454168	a7	a17	a51	3
13	0.656755314725645	a7	a17
12	0.65681131211141	a7	a17	a51	7
13	0.657446640475835	a7	a17
12	0.657516118713729	a7	a17	a51	11
13	0.658163199615906	a7	a17
12	0.658254800277806	a7	a17	a51	15
13	0.658664410784794	a7	a17
12	0.659859713006872	a7	a17	a53	3
13	0.66069137788435	a7	a17
12	0.664048801390146	a7	a17	a55	1
13	0.666555894223208	a7	a17
12	0.667853858319189	a7	a17	a57	1
12	0.667989012503351	a8	a17	a86	9
13	0.668200903845784	a8	a17
13	0.668215767349413	a7	a17
12	0.668262086174676	a7	a17	a57	5
12	0.668308750662814	a8	a17	a86	9
13	0.668419362782844	a8	a17
13	0.668433189297848	a7	a17
12	0.668468101248233	a7	a17	a57	8
12	0.668514420073495	a8	a17	a86	8
13	0.66862192122765	a8	a17
13	0.668635747742654	a7	a17
12	0.6687128305638	a7	a17	a57	11
12	0.66876779096094	a8	a17	a86	9
13	0.668891192607349	a8	a17
13	0.668903636470852	a7	a17
12	0.670004227065154	a7	a17	a53	2
13	0.670758809121486	a7	a17
12	0.677730483649273	a7	a17	a65	5
13	0.677818973345298	a7	a17
12	0.677934079082704	a7	a17	a65	15
13	0.677971065010339	a7	a17
12	0.682734990754896	a7	a17	a67	9
13	0.682907130866693	a7	a17
12	0.682983176699214	a7	a17	a67	14
13	0.683055765902984	a7	a17
12	0.685432198169261	a7	a17	a31	5
13	0.685634756614066	a7	a17
12	0.685671742541702	a7	a17	a31	9
13	0.685841463013373	a7	a17
12	0.685913360891393	a7	a17	a31	13
13	0.686093796912192	a7	a17
12	0.688612296620133	a7	a17	a69	7
13	0.688745376827045	a7	a17
12	0.688844582072197	a7	a17	a69	13
13	0.688876383056706	a7	a17
12	0.692488214438571	a7	a17	a37	1
13	0.693421849864202	a7	a17
12	0.699393176031465	a7	a17	a41	3
13	0.700100056611034	a7	a17
12	0.765272372070036	a7	a17	a29	11
13	0.765442438204582	a7	a17
12	0.765513990419727	a7	a17	a29	14
13	0.765612158676254	a7	a17
12	0.804970370623175	a7	a17	a39	3
13	0.805087550337832	a7	a17
12	0.870971931319529	a7	a17	a47	2
13	0.87108600006831	a7	a17
12	0.871138886488199	a7	a17	a47	5
13	0.87117690940446	a7	a17
12	0.871206290748843	a7	a17	a47	6
13	0.871240165710602	a7	a17
12	0.871297200084993	a7	a17	a47	8
13	0.871325544440751	a7	a17
12	0.871521880953804	a7	a17	a47	11
13	0.871568199779067	a7	a17
12	0.876404023401644	a7	a17	a49	12
13	0.87657201555894	a7	a17
12	0.876642530785459	a7	a17	a49	15
13	0.876714428663479	a7	a17
12	0.879087404301005	a7	a17	a51	8
13	0.879478003349862	a7	a17
12	0.879579282572264	a7	a17	a51	13
13	0.880311396541715	a7	a17
12	0.881573411698687	a7	a17	a51	7
13	0.882437568886424	a7	a17
12	0.88251672568482	a7	a17	a51	13
13	0.883188002988254	a7	a17
12	0.884214621727286	a7	a17	a53	1
13	0.885553719705403	a7	a17
12	0.88902313798273	a7	a17	a55	1
13	0.89135705371537	a7	a17
12	0.892664350708979	a7	a17	a57	4
12	0.89279535693864	a8	a17	a86	8
13	0.89299895237207	a8	a17
13	0.8930138158757	a7	a17
12	0.893095046651347	a7	a17	a57	7
12	0.893151044037112	a8	a17	a86	9
13	0.893263730134393	a8	a17
13	0.893275482672146	a7	a17
12	0.89334288693279	a7	a17	a57	11
12	0.893396810341305	a8	a17	a86	9
13	0.893505348484084	a8	a17
13	0.893522285964964	a7	a17
12	0.893619417232866	a7	a17	a57	15
12	0.893658477137751	a8	a17	a86	9
13	0.893804001208166	a8	a17
13	0.89381782772317	a7	a17
12	0.903284842546267	a7	a17	a21	1
13	0.914422446044697	a7	a17
12	0.927465343310649	a7	a17	a33	13
13	0.927549685052173	a7	a17
12	0.932212677237202	a7	a17	a37	1
13	0.933050564046431	a7	a17
12	0.940051619918602	a7	a17	a41	3
13	0.940869458281076	a7	a17
12	1.00380568060109	a7	a17	a47	13
13	1.00389209631986	a7	a17
12	1.0090352142384	a7	a17	a49	10
13	1.00915446793031	a7	a17
12	1.00924503160358	a7	a17	a49	14
13	1.0093307559966	a7	a17
12	1.01174071756177	a7	a17	a51	10
13	1.01235357783931	a7	a17
12	1.01243480861496	a7	a17	a51	15
13	1.01258171533687	a7	a17
12	1.01386688990647	a7	a17	a51	7
13	1.01464013775806	a7	a17
12	1.01474383662059	a7	a17	a51	11
13	1.01528065106561	a7	a17
12	1.01535877087538	a7	a17	a51	15
13	1.01585479710114	a7	a17
12	1.01712960178449	a7	a17	a53	3
13	1.01784685225032	a7	a17
12	1.02118768393811	a7	a17	a55	2
13	1.02378568610732	a7	a17
12	1.02607950494645	a7	a17	a57	7
12	1.0261565877676	a8	a17	a86	9
13	1.02633598679977	a8	a17
13	1.02635396126927	a7	a17
12	1.02642032854129	a7	a17	a57	10
12	1.02650674426007	a8	a17	a86	8
13	1.0266270349406	a8	a17
13	1.02664293543285	a7	a17
12	1.02673902971213	a7	a17	a57	14
12	1.02678223757152	a8	a17	a86	8
13	1.02689838029755	a8	a17
13	1.02690978717243	a7	a17
12	1.02810439806875	a7	a17	a53	3
13	1.02856447535551	a7	a17
12	1.03215418431337	a7	a17	a23	8
13	1.03223230412314	a7	a17
12	1.03231042393291	a7	a17	a23	13
13	1.03234187925454	a7	a17
12	1.03349743024598	a7	a17	a25	3
13	1.0338150944282	a7	a17
12	1.0374680596922	a7	a17	a29	12
13	1.03761462075124	a7	a17
12	1.03997722650251	a7	a17	a31	1
13	1.04040135485025	a7	a17
12	1.04043315583476	a7	a17	a31	7
13	1.04059976534056	a7	a17
12	1.04064089922269	a7	a17	a31	11
13	1.04081096535724	a7	a17
12	1.04088804817839	a7	a17	a31	14
13	1.04105050972968	a7	a17
12	1.0423228947729	a7	a17	a59	3
13	1.04244525943069	a7	a17
12	1.04252130526321	a7	a17	a59	7
13	1.04258041361485	a7	a17
12	1.04264470690962	a7	a17	a59	10
13	1.04268065584863	a7	a17
12	1.04271245683314	a7	a17	a59	12
13	1.0427449491434	a7	a17
12	1.04277571313928	a7	a17	a59	14
13	1.04281166207829	a7	a17
12	1.05336129302618	a7	a17	a41	2
13	1.05432776642495	a7	a17
12	1.09147753826289	a7	a17	a23	13
13	1.0915356096259	a7	a17
12	1.09869394210624	a7	a17	a23	13
13	1.09878346879089	a7	a17
12	1.10007313697787	a7	a17	a29	8
13	1.10024700540404	a7	a17
12	1.10031786629344	a7	a17	a29	14
13	1.10040220803496	a7	a17
12	1.12550701132735	a7	a17	a47	3
13	1.12559688367487	a7	a17
12	1.12564735045463	a7	a17	a47	7
13	1.12568433638227	a7	a17
12	1.12574033376804	a7	a17	a47	10
13	1.12577420872979	a7	a17
12	1.1258004791083	a7	a17	a47	12
13	1.12583435407006	a7	a17
12	1.13074069291916	a7	a17	a49	9
13	1.1309149070082	a7	a17
12	1.13311712518543	a7	a17	a51	5
13	1.13406666110332	a7	a17
12	1.1341669033371	a7	a17	a51	12
13	1.1349204484048	a7	a17
12	1.13622256045529	a7	a17	a51	5
13	1.13710987705565	a7	a17
12	1.13715965250967	a7	a17	a51	11
13	1.13764807415218	a7	a17
12	1.13770821949244	a7	a17	a51	15
13	1.13833594327362	a7	a17
12	1.14390630050577	a7	a17	a55	2
13	1.1462097979054	a7	a17
12	1.14751605791038	a7	a17	a57	2
12	1.1476574340263	a8	a17	a86	8
13	1.14791080491374	a8	a17
13	1.14792566841737	a7	a17
12	1.14797613519713	a7	a17	a57	7
12	1.14802694763977	a8	a17	a86	9
13	1.14818733521382	a8	a17
13	1.1481987420887	a7	a17
12	1.14830209528835	a7	a17	a57	11
12	1.14837399316637	a8	a17	a86	9
13	1.1484763093774	a8	a17
13	1.14848806191515	a7	a17
12	1.14854820725542	a7	a17	a57	15
12	1.14859348909205	a8	a17	a86	9
13	1.14869787928033	a8	a17
13	1.14870755784084	a7	a17
12	1.15533702612228	a7	a17	a65	5
13	1.1554089240003	a7	a17
12	1.15547218030644	a7	a17	a65	8
13	1.15550501827957	a7	a17
12	1.15561563039961	a7	a17	a65	12
13	1.15566091223624	a7	a17
12	1.16065193848974	a7	a17	a67	10
13	1.16084309005966	a7	a17
12	1.16093054276706	a7	a17	a67	15
13	1.16100658859958	a7	a17
12	1.16333635637772	a7	a17	a31	6
13	1.16362775018143	a7	a17
12	1.1637141659002	a7	a17	a31	12
13	1.16389252794375	a7	a17
12	1.16657901980899	a7	a17	a69	15
13	1.16663190622888	a7	a17
12	1.16903322622216	a7	a17	a35	1
13	1.16912517254694	a7	a17
12	1.17044214810105	a7	a17	a37	3
13	1.17122611150176	a7	a17
12	1.23428469847956	a7	a17	a23	14
13	1.2343438068312	a7	a17
12	1.23917755647653	a7	a17	a29	12
13	1.23931271066069	a7	a17
12	1.26993394777671	a7	a17	a37	2
13	1.27082264702858	a7	a17
12	1.34186258979232	a7	a17	a47	14
13	1.34192792007571	a7	a17
12	1.34447199883641	a7	a17	a47	3
13	1.34455219262343	a7	a17
12	1.3446164859182	a7	a17	a47	7
13	1.34465761980033	a7	a17
12	1.3447136171861	a7	a17	a47	10
13	1.34474230720473	a7	a17
12	1.34479173699587	a7	a17	a47	13
13	1.34482768593488	a7	a17
12	1.34488160934339	a7	a17	a47	15
13	1.34491099068778	a7	a17
12	1.34630816002891	a7	a17	a49	10
13	1.34642741372082	a7	a17
12	1.34652661896597	a7	a17	a49	15
13	1.34660231913562	a7	a17
12	1.34900398479178	a7	a17	a51	10
13	1.34989372103227	a7	a17
12	1.34993900286891	a7	a17	a51	14
13	1.35067768443298	a7	a17
12	1.35192172512045	a7	a17	a51	9
13	1.35265072812403	a7	a17
12	1.3527551183123	a7	a17	a51	12
13	1.35340323620311	a7	a17
12	1.35456051550892	a7	a17	a53	1
13	1.3556600691146	a7	a17
12	1.35936280983262	a7	a17	a55	1
13	1.36165559168312	a7	a17
12	1.36295666674498	a7	a17	a57	3
12	1.36309078394051	a8	a17	a86	9
13	1.36329230539669	a8	a17
13	1.36330716890032	a7	a17
12	1.36338736268735	a7	a17	a57	7
12	1.36343679247848	a8	a17	a86	9
13	1.3635698726854	a8	a17
13	1.36358127956027	a7	a17
12	1.36369016336593	a7	a17	a57	12
12	1.36375134569482	a8	a17	a86	8
13	1.36387474734123	a8	a17
13	1.36388857385623	a7	a17
12	1.36517893336896	a7	a17	a53	3
13	1.3656739226061	a7	a17
12	1.37469779762332	a7	a17	a23	15
13	1.37472925294496	a7	a17
12	1.37949456134101	a7	a17	a29	11
13	1.37965805988093	a7	a17
12	1.38108461056645	a7	a17	a31	5
13	1.38139190486241	a7	a17
12	1.38147209864943	a7	a17	a31	8
13	1.38163870815523	a7	a17
12	1.38170300144999	a7	a17	a31	12
13	1.38187721553904	a7	a17
12	1.38313923069601	a7	a17	a33	4
13	1.38325641041067	a7	a17
12	1.3833545786672	a7	a17	a33	9
13	1.38341126737871	a7	a17
12	1.383551606506	a7	a17	a33	15
13	1.38360241894864	a7	a17
12	1.38848248741923	a7	a17	a37	3
13	1.38920526849105	a7	a17
12	1.39370891009066	a7	a17	a39	3
13	1.39380293039269	a7	a17
12	1.39503729251965	a7	a17	a41	3
13	1.39546487749614	a7	a17
12	1.46066864827678	a7	a17	a49	13
13	1.4608238509077	a7	a17
12	1.46335099218752	a7	a17	a51	10
13	1.46405890975571	a7	a17
12	1.46412216606185	a7	a17	a51	15
13	1.46450412353883	a7	a17
12	1.4657702866503	a7	a17	a51	5
13	1.46653005364976	a7	a17
12	1.46661888900866	a7	a17	a51	10
13	1.4672193054227	a7	a17
12	1.46729189462647	a7	a17	a51	14
13	1.4675051686204	a7	a17
12	1.46868698999035	a7	a17	a53	2
13	1.46907102144458	a7	a17
12	1.47243293856776	a7	a17	a55	2
13	1.4746043927491	a7	a17
12	1.47582216305806	a7	a17	a57	1
12	1.47595939121947	a8	a17	a86	9
13	1.47616920858466	a8	a17
13	1.47618303509966	a7	a17
12	1.47626219189806	a7	a17	a57	5
12	1.47630954771194	a8	a17	a86	9
13	1.47655531401614	a8	a17
13	1.47657017751977	a7	a17
12	1.47664829732954	a7	a17	a57	10
12	1.47668943121167	a8	a17	a86	8
13	1.47679278441133	a8	a17
13	1.47680557393771	a7	a17
12	1.47687401518697	a7	a17	a57	13
12	1.47692275365236	a8	a17	a86	9
13	1.47707035170003	a8	a17
13	1.47710733762766	a7	a17
12	1.48194523522749	a7	a17	a23	6
13	1.48200019562463	a7	a17
12	1.48204755143852	a7	a17	a23	8
13	1.4820824633889	a7	a17
12	1.48213534980879	a7	a17	a23	11
13	1.4821657681418	a7	a17
12	1.48222176552757	a7	a17	a23	14
13	1.48225667747795	a7	a17
12	1.48705344119564	a7	a17	a29	11
13	1.48722869227331	a7	a17
12	1.48979178249214	a7	a17	a31	6
13	1.4900797196671	a7	a17
12	1.49015991345412	a7	a17	a31	10
13	1.49031511608504	a7	a17
12	1.49037318744805	a7	a17	a31	14
13	1.49051974850709	a7	a17
12	1.49171297675192	a7	a17	a59	3
13	1.4918049230767	a7	a17
12	1.49193143568898	a7	a17	a59	8
13	1.49198432210887	a7	a17
12	1.49206451589589	a7	a17	a59	12
13	1.49209942784628	a7	a17
12	1.49568602583826	a7	a17	a37	1
13	1.49655744194637	a7	a17
12	1.50262693637016	a7	a17	a41	3
13	1.50334003888148	a7	a17
12	1.53941894713238	a7	a17	a23	3
13	1.5394991409194	a7	a17
12	1.5395686191573	a7	a17	a23	6
13	1.53960249411906	a7	a17
12	1.53963222112631	a7	a17	a23	8
13	1.53966367644795	a7	a17
12	1.53969651442108	a7	a17	a23	10
13	1.53973246336009	a7	a17
12	1.5397808561626	a7	a17	a23	12
13	1.53980505256386	a7	a17
12	1.54444903329076	a7	a17	a27	1
13	1.54469998453808	a7	a17
12	1.54600002261131	a7	a17	a23	11
13	1.54611201738284	a7	a17
12	1.54615211427635	a7	a17	a23	13
13	1.54618910020399	a7	a17
12	1.54761876185538	a7	a17	a29	9
13	1.54776013797129	a7	a17
12	1.54784759067869	a7	a17	a29	15
13	1.54793331507172	a7	a17
12	1.56757007734298	a7	a17	a61	4
13	1.56766306065638	a7	a17
12	1.56771249044752	a7	a17	a61	7
13	1.56775051336378	a7	a17
12	1.56797000928946	a7	a17	a61	10
13	1.5680152911261	a7	a17
12	1.56812521192038	a7	a17	a61	13
13	1.56816427182527	a7	a17
12	1.57176227669213	a7	a17	a47	4
13	1.5718500750624	a7	a17
12	1.57189950485354	a7	a17	a47	7
13	1.57193545379255	a7	a17
12	1.57196276115968	a7	a17	a47	9
13	1.57199663612144	a7	a17
12	1.5721317903056	a7	a17	a47	13
13	1.57217499816499	a7	a17
12	1.5769368499323	a7	a17	a49	13
13	1.57708479364284	a7	a17
12	1.5795127296775	a7	a17	a51	9
13	1.58055939686329	a7	a17
12	1.58165895046897	a7	a17	a51	2
13	1.58220233250862	a7	a17
12	1.58225176229975	a7	a17	a51	7
13	1.58294308804994	a7	a17
12	1.58299908543571	a7	a17	a51	11
13	1.58375332182917	a7	a17
12	1.58380102330593	a7	a17	a51	15
13	1.58437274970134	a7	a17
12	1.58987673966147	a7	a17	a55	2
13	1.59210004327408	a7	a17
12	1.593187844342	a7	a17	a57	2
12	1.59343464763482	a8	a17	a86	8
13	1.59366900706414	a8	a17
13	1.59368387056777	a7	a17
12	1.59376510134341	a7	a17	a57	7
12	1.59381764210043	a8	a17	a86	9
13	1.59391995831145	a8	a17
13	1.59393585880371	a7	a17
12	1.59404474260936	a7	a17	a57	11
12	1.59408483950288	a8	a17	a86	9
13	1.59423243755054	a8	a17
13	1.59425041202005	a7	a17
12	1.60031886945521	a7	a17	a65	2
13	1.60041461807161	a7	a17
12	1.60055392021027	a7	a17	a65	8
13	1.60060162168704	a7	a17
12	1.60064068159192	a7	a17	a65	10
13	1.60067421089081	a7	a17
12	1.60072398634482	a7	a17	a65	12
13	1.60075544166645	a7	a17
12	1.60562825121667	a7	a17	a67	11
13	1.60581421784347	a7	a17
12	1.6082981512639	a7	a17	a31	8
13	1.6085743359011	a7	a17
12	1.6086673192145	a7	a17	a31	11
13	1.60886780368205	a7	a17
12	1.61512914100152	a7	a17	a37	3
13	1.61590169752736	a7	a17
12	1.67918185440809	a7	a17	a23	5
13	1.67942658372366	a7	a17
12	1.67949018569268	a7	a17	a23	9
13	1.67952060402568	a7	a17
12	1.67961151336183	a7	a17	a23	12
13	1.67965161025535	a7	a17
12	1.68461705745608	a7	a17	a29	14
13	1.68476500116662	a7	a17
12	1.72092168356442	a7	a17	a41	1
13	1.72189887251231	a7	a17
12	1.79158105150267	a7	a17	a49	15
13	1.79171378604671	a7	a17
12	1.79411130374837	a7	a17	a51	11
13	1.79491946355034	a7	a17
12	1.79605185512915	a7	a17	a51	3
13	1.79691704930551	a7	a17
12	1.79701729153929	a7	a17	a51	10
13	1.79762704085096	a7	a17
12	1.79770204969485	a7	a17	a51	14
13	1.79815901601573	a7	a17
12	1.79940305670319	a7	a17	a53	1
13	1.80037782601096	a7	a17
12	1.80378087701627	a7	a17	a55	2
13	1.80597237964437	a7	a17
12	1.80725236927085	a7	a17	a57	3
12	1.8073695489855	a8	a17	a86	9
13	1.80750885112417	a8	a17
13	1.80752267763917	a7	a17
12	1.80759526684294	a7	a17	a57	5
12	1.80764815326283	a8	a17	a86	9
13	1.80774943248523	a8	a17
13	1.80776429598886	a7	a17
12	1.80784760074176	a7	a17	a57	9
12	1.8079067090934	a8	a17	a86	9
13	1.80804290026619	a8	a17
13	1.80805430714107	a7	a17
12	1.80813035297359	a7	a17	a57	14
12	1.80817770878747	a8	a17	a86	8
13	1.80831182598301	a8	a17
13	1.80832772647527	a7	a17
